{
    "acid.fire":          {"sounds": ["guns:acid/fire"]},
    "ak47.fire":          {"sounds": ["guns:ak47/fire"]},
    "ak47.pap_fire":      {"sounds": ["guns:ak47/pap_fire"]},
    "ak47.reload":        {"sounds": ["guns:ak47/reload"]},
    "ak47.reload_speed":  {"sounds": ["guns:ak47/reload_speed"]},
    "an94.fire":          {"sounds": ["guns:an94/fire"]},
    "an94.pap_fire":      {"sounds": ["guns:an94/pap_fire"]},
    "an94.reload":        {"sounds": ["guns:an94/reload"]},
    "an94.reload_speed":  {"sounds": ["guns:an94/reload_speed"]},
    "blunder.fire":       {"sounds": ["guns:blunder/fire"]},
    "blunder.reload":     {"sounds": ["guns:blunder/reload"]},
    "blunder.reload_speed":{"sounds": ["guns:blunder/reload_speed"]},
    "commando.fire":      {"sounds": ["guns:commando/fire1", "guns:commando/fire2", "guns:commando/fire3", "guns:commando/fire4", "guns:commando/fire5"]},
    "commando.reload":    {"sounds": ["guns:commando/reload"]},
    "commando.reload_speed":{"sounds": ["guns:commando/reload_speed"]},
    "dg2.fire":           {"sounds": ["guns:dg2/fire1", "guns:dg2/fire2", "guns:dg2/fire3"]},
    "dg2.reload":         {"sounds": ["guns:dg2/reload"]},
    "dg2.reload_speed":   {"sounds": ["guns:dg2/reload_speed"]},
    "fal.fire":           {"sounds": ["guns:fal/fire"]},
    "fal.pap_fire":       {"sounds": ["guns:fal/pap_fire"]},
    "fal.reload":         {"sounds": ["guns:fal/reload"]},
    "fal.reload_speed":   {"sounds": ["guns:fal/reload_speed"]},
    "fseven.fire":           {"sounds": ["guns:fseven/fire"]},
    "fseven.pap_fire":       {"sounds": ["guns:fseven/pap_fire"]},
    "fseven.reload":         {"sounds": ["guns:fseven/reload"]},
    "fseven.reload_speed":   {"sounds": ["guns:fseven/reload_speed"]},
    "galil.fire":         {"sounds": ["guns:galil/fire"]},
    "galil.pap_fire":     {"sounds": ["guns:galil/pap_fire"]},
    "galil.reload":       {"sounds": ["guns:galil/reload"]},
    "galil.reload_speed": {"sounds": ["guns:galil/reload_speed"]},
    "garand.fire":        {"sounds": ["guns:garand/fire"]},
    "garand.pap_fire":    {"sounds": ["guns:garand/pap_fire"]},
    "garand.reload":      {"sounds": ["guns:garand/reload"]},
    "garand.reload_speed":{"sounds": ["guns:garand/reload_speed"]},
    "m14.fire":           {"sounds": ["guns:m14/fire"]},
    "m14.pap_fire":       {"sounds": ["guns:m14/pap_fire"]},
    "m14.reload":         {"sounds": ["guns:m14/reload"]},
    "m14.reload_speed":   {"sounds": ["guns:m14/reload_speed"]},
    "m1911.fire":         {"sounds": ["guns:m1911/fire"]},
    "m1911.pap_fire":     {"sounds": ["guns:m1911/pap_fire"]},
    "m1911.reload":       {"sounds": ["guns:m1911/reload"]},
    "m1911.reload_speed": {"sounds": ["guns:m1911/reload_speed"]},
    "m60.fire":           {"sounds": ["guns:m60/fire"]},
    "m60.pap_fire":       {"sounds": ["guns:m60/pap_fire"]},
    "m60.reload":         {"sounds": ["guns:m60/reload"]},
    "m60.reload_speed":   {"sounds": ["guns:m60/reload_speed"]},
    "mp40.fire":          {"sounds": ["guns:mp40/fire"]},
    "mp40.pap_fire":      {"sounds": ["guns:mp40/pap_fire"]},
    "mp40.reload":        {"sounds": ["guns:mp40/reload"]},
    "mp40.reload_speed":  {"sounds": ["guns:mp40/reload_speed"]},
    "mp5.fire":           {"sounds": ["guns:mp5/fire"]},
    "mp5.pap_fire":       {"sounds": ["guns:mp5/pap_fire"]},
    "mp5.reload":         {"sounds": ["guns:mp5/reload"]},
    "mp5.reload_speed":   {"sounds": ["guns:mp5/reload_speed"]},
    "ppsh.fire":          {"sounds": ["guns:ppsh/fire"]},
    "ppsh.pap_fire":      {"sounds": ["guns:ppsh/pap_fire"]},
    "ppsh.reload":        {"sounds": ["guns:ppsh/reload"]},
    "ppsh.reload_speed":  {"sounds": ["guns:ppsh/reload_speed"]},
    "python.fire":        {"sounds": ["guns:python/fire"]},
    "python.pap_fire":    {"sounds": ["guns:python/pap_fire"]},
    "python.reload":      {"sounds": ["guns:python/reload"]},
    "python.reload_speed":{"sounds": ["guns:python/reload_speed"]},
    "raygun.fire":        {"sounds": ["guns:raygun/fire"]},
    "raygun.reload":      {"sounds": ["guns:raygun/reload"]},
    "raygun.reload_speed":{"sounds": ["guns:raygun/reload_speed"]},
    "spas.fire":          {"sounds": ["guns:spas/fire"]},
    "spas.pap_fire":      {"sounds": ["guns:spas/pap_fire"]},
    "spas.reload":        {"sounds": ["guns:spas/reload"]},
    "spas.reload_speed":  {"sounds": ["guns:spas/reload_speed"]},
    "tommy.fire":         {"sounds": ["guns:tommy/fire"]},
    "tommy.pap_fire":     {"sounds": ["guns:tommy/pap_fire"]},
    "tommy.reload":       {"sounds": ["guns:tommy/reload"]},
    "tommy.reload_speed": {"sounds": ["guns:tommy/reload_speed"]},
    "common.empty":       {"sounds": ["guns:common/empty"]},
    "common.laughtbox":   {"sounds": ["guns:common/laughtbox"]},
    "common.landingbox":  {"sounds": ["guns:common/landingbox"]},
    "common.teddybox":    {"sounds": ["guns:common/teddybox"]},
    "common.ploofsfx":    {"sounds": ["guns:common/ploofsfx"]},
    "common.mbend1":      {"sounds": ["guns:common/mbend1"]},
    "common.mbopened1":   {"sounds": ["guns:common/mbopened1"]},
    "common.pap_sound":   {"sounds": ["guns:common/pap_sound"]},
    "common.papcompra":   {"sounds": ["guns:common/papcompra"]},
    "common.paploop":     {"sounds": ["guns:common/paploop"]},
    "common.papsfx":      {"sounds": ["guns:common/papsfx"]}
}
