{
	"credit": "Made with Blockbench",
	"texture_size": [32, 32],
	"textures": {
		"0": "block/black_concrete",
		"2": "block/andesite",
		"3": "block/chiseled_sandstone",
		"6": "block/anvil",
		"7": "block/gray_concrete",
		"10": "block/sandstone_top",
		"particle": "block/black_concrete"
	},
	"elements": [
		{
			"from": [7.075, 5.975, 1.525],
			"to": [7.575, 6.25, 2.575],
			"rotation": {"angle": 0, "axis": "y", "origin": [7.33125, 8.27655, 6.57735]},
			"faces": {
				"north": {"uv": [0, 0, 1.025, 0.6375], "texture": "#10"},
				"east": {"uv": [0, 0, 1.025, 0.6375], "texture": "#10"},
				"south": {"uv": [0, 0, 1.025, 0.6375], "texture": "#10"},
				"west": {"uv": [0, 0, 1.025, 0.6375], "texture": "#10"},
				"up": {"uv": [0, 0, 1.025, 0.6375], "texture": "#10"},
				"down": {"uv": [0, 0, 1.025, 0.6375], "texture": "#10"}
			}
		},
		{
			"from": [7.1, 4.4585, 2.70303],
			"to": [7.55, 6.6335, 3.35303],
			"rotation": {"angle": 22.5, "axis": "x", "origin": [7.33125, 8.27655, 6.57735]},
			"faces": {
				"north": {"uv": [0, 0, 0.825, 1.5875], "texture": "#10"},
				"east": {"uv": [0, 0, 0.825, 1.5875], "texture": "#10"},
				"south": {"uv": [0, 0, 0.825, 1.5875], "texture": "#10"},
				"west": {"uv": [0, 0, 0.825, 1.5875], "texture": "#10"},
				"up": {"uv": [0, 0, 0.825, 1.5875], "texture": "#10"},
				"down": {"uv": [0, 0, 0.825, 1.5875], "texture": "#10"}
			}
		},
		{
			"from": [7.025, 7.06802, 4.63681],
			"to": [7.425, 9.34302, 5.98681],
			"rotation": {"angle": -22.5, "axis": "x", "origin": [7.33125, 8.27655, 6.57735]},
			"faces": {
				"north": {"uv": [0, 0, 1.5, 15.6375], "texture": "#10"},
				"east": {"uv": [0, 0, 1.5, 15.6375], "texture": "#10"},
				"south": {"uv": [0, 0, 1.5, 15.6375], "texture": "#10"},
				"west": {"uv": [0, 0, 1.5, 15.6375], "texture": "#10"},
				"up": {"uv": [0, 0, 1.5, 15.6375], "texture": "#10"},
				"down": {"uv": [0, 0, 1.5, 15.6375], "texture": "#10"}
			}
		},
		{
			"from": [7, 5.5521, 4.32949],
			"to": [7.45, 7.9271, 5.60449],
			"rotation": {"angle": -45, "axis": "x", "origin": [7.33125, 8.27655, 6.57735]},
			"faces": {
				"north": {"uv": [0, 0, 1.5, 15.6875], "texture": "#10"},
				"east": {"uv": [0, 0, 1.5, 15.6875], "texture": "#10"},
				"south": {"uv": [0, 0, 1.5, 15.6875], "texture": "#10"},
				"west": {"uv": [0, 0, 1.5, 15.6875], "texture": "#10"},
				"up": {"uv": [0, 0, 1.5, 15.6875], "texture": "#10"},
				"down": {"uv": [0, 0, 1.5, 15.6875], "texture": "#10"}
			}
		},
		{
			"from": [7.075, 9.32616, 2.40228],
			"to": [7.575, 10.02616, 3.50228],
			"rotation": {"angle": -22.5, "axis": "x", "origin": [7.33125, 8.27655, 6.57735]},
			"faces": {
				"north": {"uv": [0, 0, 0.85, 1.05], "rotation": 90, "texture": "#10"},
				"east": {"uv": [0, 0, 0.85, 1.05], "rotation": 90, "texture": "#10"},
				"south": {"uv": [0, 0, 0.85, 1.05], "rotation": 90, "texture": "#10"},
				"west": {"uv": [0, 0, 0.85, 1.05], "rotation": 90, "texture": "#10"},
				"up": {"uv": [0, 0, 0.85, 1.05], "rotation": 90, "texture": "#10"},
				"down": {"uv": [0, 0, 0.85, 1.05], "rotation": 90, "texture": "#10"}
			}
		},
		{
			"from": [7.225, 7.65032, 4.27154],
			"to": [7.425, 8.25032, 4.32154],
			"rotation": {"angle": 0, "axis": "x", "origin": [7.33125, 8.27655, 6.57735]},
			"faces": {
				"north": {"uv": [0, 0, 0.1, 0.3], "texture": "#6"},
				"east": {"uv": [0, 0, 0.025, 0.3], "texture": "#6"},
				"south": {"uv": [0, 0, 0.1, 0.3], "texture": "#6"},
				"west": {"uv": [0, 0, 0.025, 0.3], "texture": "#6"},
				"up": {"uv": [0, 0, 0.1, 0.025], "texture": "#6"},
				"down": {"uv": [0, 0, 0.1, 0.025], "texture": "#6"}
			}
		},
		{
			"from": [7.225, 8.25032, 3.97154],
			"to": [7.425, 8.45032, 4.44654],
			"rotation": {"angle": 0, "axis": "x", "origin": [7.33125, 8.27655, 6.57735]},
			"faces": {
				"north": {"uv": [0, 0, 0.1, 0.1], "texture": "#6"},
				"east": {"uv": [0, 0, 0.2375, 0.1], "texture": "#6"},
				"south": {"uv": [0, 0, 0.1, 0.1], "texture": "#6"},
				"west": {"uv": [0, 0, 0.2375, 0.1], "texture": "#6"},
				"up": {"uv": [0, 0, 0.1, 0.2375], "texture": "#6"},
				"down": {"uv": [0, 0, 0.1, 0.2375], "texture": "#6"}
			}
		},
		{
			"from": [7.225, 7.65032, 3.27154],
			"to": [7.425, 8.10032, 3.32154],
			"rotation": {"angle": 0, "axis": "x", "origin": [7.33125, 8.27655, 6.57735]},
			"faces": {
				"north": {"uv": [0, 0, 0.1, 0.225], "texture": "#6"},
				"east": {"uv": [0, 0, 0.025, 0.225], "texture": "#6"},
				"south": {"uv": [0, 0, 0.1, 0.225], "texture": "#6"},
				"west": {"uv": [0, 0, 0.025, 0.225], "texture": "#6"},
				"up": {"uv": [0, 0, 0.1, 0.025], "texture": "#6"},
				"down": {"uv": [0, 0, 0.1, 0.025], "texture": "#6"}
			}
		},
		{
			"from": [7.225, 8.10032, 3.42154],
			"to": [7.425, 8.45032, 3.57154],
			"rotation": {"angle": 0, "axis": "x", "origin": [7.33125, 8.27655, 6.57735]},
			"faces": {
				"north": {"uv": [0, 0, 0.1, 0.175], "texture": "#6"},
				"east": {"uv": [0, 0, 0.075, 0.175], "texture": "#6"},
				"south": {"uv": [0, 0, 0.1, 0.175], "texture": "#6"},
				"west": {"uv": [0, 0, 0.075, 0.175], "texture": "#6"},
				"up": {"uv": [0, 0, 0.1, 0.075], "texture": "#6"},
				"down": {"uv": [0, 0, 0.1, 0.075], "texture": "#6"}
			}
		},
		{
			"from": [7.225, 9.97915, 4.22302],
			"to": [7.425, 10.37915, 4.34802],
			"rotation": {"angle": -45, "axis": "x", "origin": [7.33125, 8.27655, 6.57735]},
			"faces": {
				"north": {"uv": [0, 0, 0.1, 0.2], "texture": "#6"},
				"east": {"uv": [0, 0, 0.0625, 0.2], "texture": "#6"},
				"south": {"uv": [0, 0, 0.1, 0.2], "texture": "#6"},
				"west": {"uv": [0, 0, 0.0625, 0.2], "texture": "#6"},
				"up": {"uv": [0, 0, 0.1, 0.0625], "texture": "#6"},
				"down": {"uv": [0, 0, 0.1, 0.0625], "texture": "#6"}
			}
		},
		{
			"from": [7.225, 7.62532, 3.27154],
			"to": [7.425, 7.67532, 4.32154],
			"rotation": {"angle": 0, "axis": "x", "origin": [7.33125, 8.27655, 6.57735]},
			"faces": {
				"north": {"uv": [0, 0, 0.1, 0.025], "rotation": 180, "texture": "#6"},
				"east": {"uv": [0, 0, 0.025, 0.525], "rotation": 270, "texture": "#6"},
				"south": {"uv": [0, 0, 0.1, 0.025], "texture": "#6"},
				"west": {"uv": [0, 0, 0.025, 0.525], "rotation": 90, "texture": "#6"},
				"up": {"uv": [0, 0, 0.1, 0.525], "rotation": 180, "texture": "#6"},
				"down": {"uv": [0, 0, 0.1, 0.525], "texture": "#6"}
			}
		},
		{
			"from": [7.025, 7.56786, 2.58442],
			"to": [7.625, 8.31786, 2.83442],
			"rotation": {"angle": 22.5, "axis": "x", "origin": [7.33125, 8.27655, 6.57735]},
			"faces": {
				"north": {"uv": [0, 0, 0.325, 0.5875], "rotation": 180, "texture": "#7"},
				"east": {"uv": [0, 0, 0.3625, 0.5875], "rotation": 180, "texture": "#7"},
				"south": {"uv": [0, 0, 0.325, 0.5875], "rotation": 180, "texture": "#7"},
				"west": {"uv": [0, 0, 0.3625, 0.5875], "rotation": 180, "texture": "#7"},
				"up": {"uv": [0, 0, 0.325, 0.3625], "texture": "#7"},
				"down": {"uv": [0, 0, 0.325, 0.3625], "texture": "#7"}
			}
		},
		{
			"from": [7, 8.43955, 2.52735],
			"to": [7.65, 9.21455, 11.47735],
			"rotation": {"angle": 0, "axis": "x", "origin": [7.33125, 8.27655, 6.57735]},
			"faces": {
				"north": {"uv": [0, 0, 0.325, 0.3875], "rotation": 180, "texture": "#7"},
				"east": {"uv": [0, 0, 0.3875, 4.475], "rotation": 90, "texture": "#7"},
				"south": {"uv": [0, 0, 0.325, 0.3875], "texture": "#7"},
				"west": {"uv": [0, 0, 0.3875, 4.475], "rotation": 270, "texture": "#7"},
				"up": {"uv": [0, 0, 0.325, 4.475], "texture": "#7"},
				"down": {"uv": [0, 0, 0.325, 4.475], "rotation": 180, "texture": "#7"}
			}
		},
		{
			"from": [7, 8.18955, 7.45235],
			"to": [7.65, 8.43955, 11.47735],
			"rotation": {"angle": 0, "axis": "x", "origin": [7.33125, 8.27655, 6.57735]},
			"faces": {
				"north": {"uv": [0, 0, 0.325, 0.125], "rotation": 180, "texture": "#7"},
				"east": {"uv": [0, 0, 0.125, 2.0125], "rotation": 90, "texture": "#7"},
				"south": {"uv": [0, 0, 0.325, 0.125], "texture": "#7"},
				"west": {"uv": [0, 0, 0.125, 2.0125], "rotation": 270, "texture": "#7"},
				"up": {"uv": [0, 0, 0.325, 2.0125], "texture": "#7"},
				"down": {"uv": [0, 0, 0.325, 2.0125], "rotation": 180, "texture": "#7"}
			}
		},
		{
			"from": [7, 9.21455, 2.90235],
			"to": [7.65, 9.83955, 11.47735],
			"rotation": {"angle": 0, "axis": "x", "origin": [7.33125, 8.27655, 6.57735]},
			"faces": {
				"north": {"uv": [0, 0, 0.325, 0.3125], "rotation": 180, "texture": "#7"},
				"east": {"uv": [0, 0, 0.3125, 4.2875], "rotation": 90, "texture": "#7"},
				"south": {"uv": [0, 0, 0.325, 0.3125], "texture": "#7"},
				"west": {"uv": [0, 0, 0.3125, 4.2875], "rotation": 270, "texture": "#7"},
				"up": {"uv": [0, 0, 0.325, 4.2875], "texture": "#7"},
				"down": {"uv": [0, 0, 0.325, 4.2875], "rotation": 180, "texture": "#7"}
			}
		},
		{
			"from": [7.025, 9.83955, 4.52735],
			"to": [7.65, 10.06455, 8.00235],
			"rotation": {"angle": 0, "axis": "x", "origin": [7.33125, 8.27655, 6.57735]},
			"faces": {
				"north": {"uv": [7.5, 11.5, 7.8125, 13.2375], "texture": "#10"},
				"east": {"uv": [7.5, 11.5, 7.8125, 13.2375], "texture": "#10"},
				"south": {"uv": [7.5, 11.5, 7.8125, 13.2375], "texture": "#10"},
				"west": {"uv": [7.5, 11.5, 7.8125, 13.2375], "texture": "#10"},
				"up": {"uv": [7.5, 11.5, 7.8125, 13.2375], "texture": "#10"},
				"down": {"uv": [7.5, 11.5, 7.8125, 13.2375], "texture": "#10"}
			}
		},
		{
			"from": [7.025, 10.06455, 7.80235],
			"to": [7.65, 10.08955, 8.00235],
			"rotation": {"angle": 0, "axis": "x", "origin": [7.33125, 8.27655, 6.57735]},
			"faces": {
				"north": {"uv": [7.5, 11.5, 7.8125, 11.6], "texture": "#10"},
				"east": {"uv": [7.5, 11.5, 7.8125, 11.6], "texture": "#10"},
				"south": {"uv": [7.5, 11.5, 7.8125, 11.6], "texture": "#10"},
				"west": {"uv": [7.5, 11.5, 7.8125, 11.6], "texture": "#10"},
				"up": {"uv": [7.5, 11.5, 7.8125, 11.6], "texture": "#10"},
				"down": {"uv": [7.5, 11.5, 7.8125, 11.6], "texture": "#10"}
			}
		},
		{
			"from": [7.025, 10.06455, 7.50235],
			"to": [7.65, 10.08955, 7.70235],
			"rotation": {"angle": 0, "axis": "x", "origin": [7.33125, 8.27655, 6.57735]},
			"faces": {
				"north": {"uv": [7.5, 11.5, 7.8125, 11.6], "texture": "#10"},
				"east": {"uv": [7.5, 11.5, 7.8125, 11.6], "texture": "#10"},
				"south": {"uv": [7.5, 11.5, 7.8125, 11.6], "texture": "#10"},
				"west": {"uv": [7.5, 11.5, 7.8125, 11.6], "texture": "#10"},
				"up": {"uv": [7.5, 11.5, 7.8125, 11.6], "texture": "#10"},
				"down": {"uv": [7.5, 11.5, 7.8125, 11.6], "texture": "#10"}
			}
		},
		{
			"from": [7.025, 10.06455, 7.20235],
			"to": [7.65, 10.08955, 7.40235],
			"rotation": {"angle": 0, "axis": "x", "origin": [7.33125, 8.27655, 6.57735]},
			"faces": {
				"north": {"uv": [7.5, 11.5, 7.8125, 11.6], "texture": "#10"},
				"east": {"uv": [7.5, 11.5, 7.8125, 11.6], "texture": "#10"},
				"south": {"uv": [7.5, 11.5, 7.8125, 11.6], "texture": "#10"},
				"west": {"uv": [7.5, 11.5, 7.8125, 11.6], "texture": "#10"},
				"up": {"uv": [7.5, 11.5, 7.8125, 11.6], "texture": "#10"},
				"down": {"uv": [7.5, 11.5, 7.8125, 11.6], "texture": "#10"}
			}
		},
		{
			"from": [7.025, 10.06455, 6.90235],
			"to": [7.65, 10.08955, 7.10235],
			"rotation": {"angle": 0, "axis": "x", "origin": [7.33125, 8.27655, 6.57735]},
			"faces": {
				"north": {"uv": [7.5, 11.5, 7.8125, 11.6], "texture": "#10"},
				"east": {"uv": [7.5, 11.5, 7.8125, 11.6], "texture": "#10"},
				"south": {"uv": [7.5, 11.5, 7.8125, 11.6], "texture": "#10"},
				"west": {"uv": [7.5, 11.5, 7.8125, 11.6], "texture": "#10"},
				"up": {"uv": [7.5, 11.5, 7.8125, 11.6], "texture": "#10"},
				"down": {"uv": [7.5, 11.5, 7.8125, 11.6], "texture": "#10"}
			}
		},
		{
			"from": [7.025, 10.06455, 6.60235],
			"to": [7.65, 10.08955, 6.80235],
			"rotation": {"angle": 0, "axis": "x", "origin": [7.33125, 8.27655, 6.57735]},
			"faces": {
				"north": {"uv": [7.5, 11.5, 7.8125, 11.6], "texture": "#10"},
				"east": {"uv": [7.5, 11.5, 7.8125, 11.6], "texture": "#10"},
				"south": {"uv": [7.5, 11.5, 7.8125, 11.6], "texture": "#10"},
				"west": {"uv": [7.5, 11.5, 7.8125, 11.6], "texture": "#10"},
				"up": {"uv": [7.5, 11.5, 7.8125, 11.6], "texture": "#10"},
				"down": {"uv": [7.5, 11.5, 7.8125, 11.6], "texture": "#10"}
			}
		},
		{
			"from": [7.025, 10.06455, 6.30235],
			"to": [7.65, 10.08955, 6.50235],
			"rotation": {"angle": 0, "axis": "x", "origin": [7.33125, 8.27655, 6.57735]},
			"faces": {
				"north": {"uv": [7.5, 11.5, 7.8125, 11.6], "texture": "#10"},
				"east": {"uv": [7.5, 11.5, 7.8125, 11.6], "texture": "#10"},
				"south": {"uv": [7.5, 11.5, 7.8125, 11.6], "texture": "#10"},
				"west": {"uv": [7.5, 11.5, 7.8125, 11.6], "texture": "#10"},
				"up": {"uv": [7.5, 11.5, 7.8125, 11.6], "texture": "#10"},
				"down": {"uv": [7.5, 11.5, 7.8125, 11.6], "texture": "#10"}
			}
		},
		{
			"from": [7.475, 9.83955, 4.12735],
			"to": [7.6, 10.23955, 4.52735],
			"rotation": {"angle": 0, "axis": "x", "origin": [7.33125, 8.27655, 6.57735]},
			"faces": {
				"north": {"uv": [7.5, 11.5, 7.5625, 11.7], "texture": "#10"},
				"east": {"uv": [7.5, 11.5, 7.5625, 11.7], "texture": "#10"},
				"south": {"uv": [7.5, 11.5, 7.5625, 11.7], "texture": "#10"},
				"west": {"uv": [7.5, 11.5, 7.5625, 11.7], "texture": "#10"},
				"up": {"uv": [7.5, 11.5, 7.5625, 11.7], "texture": "#10"},
				"down": {"uv": [7.5, 11.5, 7.5625, 11.7], "texture": "#10"}
			}
		},
		{
			"from": [7.075, 9.83955, 4.12735],
			"to": [7.2, 10.23955, 4.52735],
			"rotation": {"angle": 0, "axis": "x", "origin": [7.33125, 8.27655, 6.57735]},
			"faces": {
				"north": {"uv": [7.5, 11.5, 7.5625, 11.7], "texture": "#10"},
				"east": {"uv": [7.5, 11.5, 7.5625, 11.7], "texture": "#10"},
				"south": {"uv": [7.5, 11.5, 7.5625, 11.7], "texture": "#10"},
				"west": {"uv": [7.5, 11.5, 7.5625, 11.7], "texture": "#10"},
				"up": {"uv": [7.5, 11.5, 7.5625, 11.7], "texture": "#10"},
				"down": {"uv": [7.5, 11.5, 7.5625, 11.7], "texture": "#10"}
			}
		},
		{
			"from": [7.65, 9.68955, 4.52735],
			"to": [7.75, 9.91455, 5.92735],
			"rotation": {"angle": 0, "axis": "x", "origin": [7.33125, 8.27655, 6.57735]},
			"faces": {
				"north": {"uv": [7.5, 11.5, 7.55, 12.2], "texture": "#10"},
				"east": {"uv": [7.5, 11.5, 7.55, 12.2], "texture": "#10"},
				"south": {"uv": [7.5, 11.5, 7.55, 12.2], "texture": "#10"},
				"west": {"uv": [7.5, 11.5, 7.55, 12.2], "texture": "#10"},
				"up": {"uv": [7.5, 11.5, 7.55, 12.2], "texture": "#10"},
				"down": {"uv": [7.5, 11.5, 7.55, 12.2], "texture": "#10"}
			}
		},
		{
			"from": [7.65, 9.18955, 4.52735],
			"to": [7.75, 9.41455, 5.92735],
			"rotation": {"angle": 0, "axis": "x", "origin": [7.33125, 8.27655, 6.57735]},
			"faces": {
				"north": {"uv": [7.5, 11.5, 7.55, 12.2], "texture": "#10"},
				"east": {"uv": [7.5, 11.5, 7.55, 12.2], "texture": "#10"},
				"south": {"uv": [7.5, 11.5, 7.55, 12.2], "texture": "#10"},
				"west": {"uv": [7.5, 11.5, 7.55, 12.2], "texture": "#10"},
				"up": {"uv": [7.5, 11.5, 7.55, 12.2], "texture": "#10"},
				"down": {"uv": [7.5, 11.5, 7.55, 12.2], "texture": "#10"}
			}
		},
		{
			"from": [7.65, 9.40205, 5.71485],
			"to": [7.775, 9.70205, 5.93985],
			"rotation": {"angle": 0, "axis": "x", "origin": [7.33125, 8.27655, 6.57735]},
			"faces": {
				"north": {"uv": [7.5, 11.5, 7.5625, 11.6125], "texture": "#10"},
				"east": {"uv": [7.5, 11.5, 7.5625, 11.6125], "texture": "#10"},
				"south": {"uv": [7.5, 11.5, 7.5625, 11.6125], "texture": "#10"},
				"west": {"uv": [7.5, 11.5, 7.5625, 11.6125], "texture": "#10"},
				"up": {"uv": [7.5, 11.5, 7.5625, 11.6125], "texture": "#10"},
				"down": {"uv": [7.5, 11.5, 7.5625, 11.6125], "texture": "#10"}
			}
		},
		{
			"from": [7.65, 9.40205, 4.51485],
			"to": [7.775, 9.70205, 4.73985],
			"rotation": {"angle": 0, "axis": "x", "origin": [7.33125, 8.27655, 6.57735]},
			"faces": {
				"north": {"uv": [7.5, 11.5, 7.5625, 11.6125], "texture": "#10"},
				"east": {"uv": [7.5, 11.5, 7.5625, 11.6125], "texture": "#10"},
				"south": {"uv": [7.5, 11.5, 7.5625, 11.6125], "texture": "#10"},
				"west": {"uv": [7.5, 11.5, 7.5625, 11.6125], "texture": "#10"},
				"up": {"uv": [7.5, 11.5, 7.5625, 11.6125], "texture": "#10"},
				"down": {"uv": [7.5, 11.5, 7.5625, 11.6125], "texture": "#10"}
			}
		},
		{
			"from": [6.975, 9.40205, 4.46485],
			"to": [7.1, 9.70205, 5.63985],
			"rotation": {"angle": 0, "axis": "x", "origin": [7.33125, 8.27655, 6.57735]},
			"faces": {
				"north": {"uv": [0, 0, 2, 2], "rotation": 180, "texture": "#2"},
				"east": {"uv": [0, 0, 2, 2], "rotation": 180, "texture": "#2"},
				"south": {"uv": [0, 0, 2, 2], "rotation": 180, "texture": "#2"},
				"west": {"uv": [0, 0, 2, 2], "rotation": 180, "texture": "#2"},
				"up": {"uv": [0, 0, 2, 2], "rotation": 180, "texture": "#2"},
				"down": {"uv": [0, 0, 2, 2], "rotation": 180, "texture": "#2"}
			}
		},
		{
			"from": [6.975, 9.40205, 3.81485],
			"to": [7.1, 9.57705, 4.46485],
			"rotation": {"angle": 0, "axis": "x", "origin": [7.33125, 8.27655, 6.57735]},
			"faces": {
				"north": {"uv": [0, 0, 2, 2], "rotation": 180, "texture": "#2"},
				"east": {"uv": [0, 0, 2, 2], "rotation": 180, "texture": "#2"},
				"south": {"uv": [0, 0, 2, 2], "rotation": 180, "texture": "#2"},
				"west": {"uv": [0, 0, 2, 2], "rotation": 180, "texture": "#2"},
				"up": {"uv": [0, 0, 2, 2], "rotation": 180, "texture": "#2"},
				"down": {"uv": [0, 0, 2, 2], "rotation": 180, "texture": "#2"}
			}
		},
		{
			"from": [6.9, 9.37705, 3.78985],
			"to": [6.975, 9.60205, 3.91485],
			"rotation": {"angle": 0, "axis": "x", "origin": [7.33125, 8.27655, 6.57735]},
			"faces": {
				"north": {"uv": [0, 0, 0.0375, 0.1125], "rotation": 180, "texture": "#0"},
				"east": {"uv": [0, 0, 0.0625, 0.1125], "rotation": 180, "texture": "#0"},
				"south": {"uv": [0, 0, 0.0375, 0.1125], "rotation": 180, "texture": "#0"},
				"west": {"uv": [0, 0, 0.0625, 0.1125], "rotation": 180, "texture": "#0"},
				"up": {"uv": [0, 0, 0.0375, 0.0625], "texture": "#0"},
				"down": {"uv": [0, 0, 0.0375, 0.0625], "texture": "#0"}
			}
		},
		{
			"from": [7.65, 8.43955, 8.72735],
			"to": [7.8, 9.21455, 11.47735],
			"rotation": {"angle": 0, "axis": "x", "origin": [7.33125, 8.27655, 6.57735]},
			"faces": {
				"north": {"uv": [1.5, 7.5, 2.575, 8.8875], "texture": "#10"},
				"east": {"uv": [1.5, 7.5, 2.575, 8.8875], "texture": "#10"},
				"south": {"uv": [1.5, 7.5, 2.575, 8.8875], "texture": "#10"},
				"west": {"uv": [1.5, 7.5, 2.575, 8.8875], "texture": "#10"},
				"up": {"uv": [1.5, 7.5, 2.575, 8.8875], "texture": "#10"},
				"down": {"uv": [1.5, 7.5, 2.575, 8.8875], "texture": "#10"}
			}
		},
		{
			"from": [7.65, 9.21455, 9.30235],
			"to": [7.7, 9.83955, 11.47735],
			"rotation": {"angle": 0, "axis": "x", "origin": [7.33125, 8.27655, 6.57735]},
			"faces": {
				"north": {"uv": [1.5, 7.5, 2.525, 8.8125], "texture": "#10"},
				"east": {"uv": [1.5, 7.5, 2.525, 8.8125], "texture": "#10"},
				"south": {"uv": [1.5, 7.5, 2.525, 8.8125], "texture": "#10"},
				"west": {"uv": [1.5, 7.5, 2.525, 8.8125], "texture": "#10"},
				"up": {"uv": [1.5, 7.5, 2.525, 8.8125], "texture": "#10"},
				"down": {"uv": [1.5, 7.5, 2.525, 8.8125], "texture": "#10"}
			}
		},
		{
			"from": [6.9625, 8.46455, 11.46485],
			"to": [7.6875, 9.83955, 11.51485],
			"rotation": {"angle": 0, "axis": "y", "origin": [7.675, 9.52705, 10.38985]},
			"faces": {
				"north": {"uv": [1.5, 7.5, 2.8125, 9.5875], "rotation": 270, "texture": "#10"},
				"east": {"uv": [1.5, 7.5, 2.8125, 9.5875], "rotation": 270, "texture": "#10"},
				"south": {"uv": [1.5, 7.5, 2.8125, 9.5875], "rotation": 270, "texture": "#10"},
				"west": {"uv": [1.5, 7.5, 2.8125, 9.5875], "rotation": 270, "texture": "#10"},
				"up": {"uv": [1.5, 7.5, 2.8125, 9.5875], "rotation": 270, "texture": "#10"},
				"down": {"uv": [1.5, 7.5, 2.8125, 9.5875], "rotation": 270, "texture": "#10"}
			}
		},
		{
			"from": [6.9625, 9.82705, 9.30235],
			"to": [7.6875, 9.90205, 11.47735],
			"rotation": {"angle": 0, "axis": "z", "origin": [7.33125, 8.27655, 6.57735]},
			"faces": {
				"north": {"uv": [1.5, 7.5, 2.5375, 8.8625], "rotation": 270, "texture": "#10"},
				"east": {"uv": [1.5, 7.5, 2.5375, 8.8625], "rotation": 270, "texture": "#10"},
				"south": {"uv": [1.5, 7.5, 2.5375, 8.8625], "rotation": 270, "texture": "#10"},
				"west": {"uv": [1.5, 7.5, 2.5375, 8.8625], "rotation": 270, "texture": "#10"},
				"up": {"uv": [1.5, 7.5, 2.5375, 8.8625], "rotation": 270, "texture": "#10"},
				"down": {"uv": [1.5, 7.5, 2.5375, 8.8625], "rotation": 270, "texture": "#10"}
			}
		},
		{
			"from": [6.9, 8.43955, 8.72735],
			"to": [7.05, 9.21455, 11.47735],
			"rotation": {"angle": 0, "axis": "x", "origin": [7.33125, 8.27655, 6.57735]},
			"faces": {
				"north": {"uv": [1.5, 7.5, 2.575, 8.8875], "texture": "#10"},
				"east": {"uv": [1.5, 7.5, 2.575, 8.8875], "texture": "#10"},
				"south": {"uv": [1.5, 7.5, 2.575, 8.8875], "texture": "#10"},
				"west": {"uv": [1.5, 7.5, 2.575, 8.8875], "texture": "#10"},
				"up": {"uv": [1.5, 7.5, 2.575, 8.8875], "texture": "#10"},
				"down": {"uv": [1.5, 7.5, 2.575, 8.8875], "texture": "#10"}
			}
		},
		{
			"from": [6.95, 9.21455, 9.30235],
			"to": [7, 9.83955, 11.47735],
			"rotation": {"angle": 0, "axis": "x", "origin": [7.33125, 8.27655, 6.57735]},
			"faces": {
				"north": {"uv": [1.5, 7.5, 2.525, 8.8125], "texture": "#10"},
				"east": {"uv": [1.5, 7.5, 2.525, 8.8125], "texture": "#10"},
				"south": {"uv": [1.5, 7.5, 2.525, 8.8125], "texture": "#10"},
				"west": {"uv": [1.5, 7.5, 2.525, 8.8125], "texture": "#10"},
				"up": {"uv": [1.5, 7.5, 2.525, 8.8125], "texture": "#10"},
				"down": {"uv": [1.5, 7.5, 2.525, 8.8125], "texture": "#10"}
			}
		},
		{
			"from": [7.175, 9.03955, 11.45235],
			"to": [7.5, 9.38955, 17.80235],
			"rotation": {"angle": 0, "axis": "x", "origin": [7.33125, 8.27655, 6.57735]},
			"faces": {
				"north": {"uv": [0, 0, 0.1625, 0.175], "rotation": 180, "texture": "#6"},
				"east": {"uv": [0, 0, 0.175, 3.175], "rotation": 90, "texture": "#6"},
				"south": {"uv": [0, 0, 0.1625, 0.175], "texture": "#6"},
				"west": {"uv": [0, 0, 0.175, 3.175], "rotation": 270, "texture": "#6"},
				"up": {"uv": [0, 0, 0.1625, 3.175], "texture": "#6"},
				"down": {"uv": [0, 0, 0.1625, 3.175], "rotation": 180, "texture": "#6"}
			}
		},
		{
			"from": [7.175, 9.03955, 17.80235],
			"to": [7.5, 9.38955, 17.85235],
			"rotation": {"angle": 0, "axis": "x", "origin": [7.33125, 8.27655, 6.57735]},
			"faces": {
				"north": {"uv": [0, 0, 0.1625, 0.175], "rotation": 180, "texture": "#6"},
				"east": {"uv": [0, 0, 0.175, 3.175], "rotation": 90, "texture": "#6"},
				"south": {"uv": [0, 0, 0.1625, 0.175], "texture": "#6"},
				"west": {"uv": [0, 0, 0.175, 3.175], "rotation": 270, "texture": "#6"},
				"up": {"uv": [0, 0, 0.1625, 3.175], "texture": "#6"},
				"down": {"uv": [0, 0, 0.1625, 3.175], "rotation": 180, "texture": "#6"}
			}
		},
		{
			"from": [7.225, 9.08955, 17.82735],
			"to": [7.45, 9.33955, 17.87735],
			"rotation": {"angle": 0, "axis": "x", "origin": [7.33125, 8.27655, 6.57735]},
			"faces": {
				"north": {"uv": [0, 0, 0.1625, 0.175], "rotation": 180, "texture": "#0"},
				"east": {"uv": [0, 0, 0.175, 3.175], "rotation": 90, "texture": "#0"},
				"south": {"uv": [0, 0, 0.1625, 0.175], "texture": "#0"},
				"west": {"uv": [0, 0, 0.175, 3.175], "rotation": 270, "texture": "#0"},
				"up": {"uv": [0, 0, 0.1625, 3.175], "texture": "#0"},
				"down": {"uv": [0, 0, 0.1625, 3.175], "rotation": 180, "texture": "#0"}
			}
		},
		{
			"from": [7.5, 9.03955, 15.10235],
			"to": [7.6, 9.58955, 17.27735],
			"rotation": {"angle": 0, "axis": "x", "origin": [7.33125, 8.27655, 6.57735]},
			"faces": {
				"north": {"uv": [0, 0, 0.175, 16], "rotation": 270, "texture": "#6"},
				"east": {"uv": [0, 0, 0.175, 16], "rotation": 270, "texture": "#6"},
				"south": {"uv": [0, 0, 0.175, 16], "rotation": 270, "texture": "#6"},
				"west": {"uv": [0, 0, 0.175, 16], "rotation": 270, "texture": "#6"},
				"up": {"uv": [0, 0, 0.175, 16], "rotation": 270, "texture": "#6"},
				"down": {"uv": [0, 0, 0.175, 16], "rotation": 270, "texture": "#6"}
			}
		},
		{
			"from": [7.075, 9.03955, 15.10235],
			"to": [7.175, 9.58955, 17.27735],
			"rotation": {"angle": 0, "axis": "x", "origin": [7.33125, 8.27655, 6.57735]},
			"faces": {
				"north": {"uv": [0, 0, 0.175, 16], "rotation": 270, "texture": "#6"},
				"east": {"uv": [0, 0, 0.175, 16], "rotation": 270, "texture": "#6"},
				"south": {"uv": [0, 0, 0.175, 16], "rotation": 270, "texture": "#6"},
				"west": {"uv": [0, 0, 0.175, 16], "rotation": 270, "texture": "#6"},
				"up": {"uv": [0, 0, 0.175, 16], "rotation": 270, "texture": "#6"},
				"down": {"uv": [0, 0, 0.175, 16], "rotation": 270, "texture": "#6"}
			}
		},
		{
			"from": [7.075, 9.58955, 15.10235],
			"to": [7.6, 9.68955, 17.27735],
			"rotation": {"angle": 0, "axis": "z", "origin": [7.125, 9.31455, 16.18985]},
			"faces": {
				"north": {"uv": [0, 0, 0.1625, 16], "rotation": 270, "texture": "#6"},
				"east": {"uv": [0, 0, 0.1625, 16], "rotation": 270, "texture": "#6"},
				"south": {"uv": [0, 0, 0.1625, 16], "rotation": 270, "texture": "#6"},
				"west": {"uv": [0, 0, 0.1625, 16], "rotation": 270, "texture": "#6"},
				"up": {"uv": [0, 0, 0.1625, 16], "rotation": 270, "texture": "#6"},
				"down": {"uv": [0, 0, 0.1625, 16], "rotation": 270, "texture": "#6"}
			}
		},
		{
			"from": [7.175, 8.41455, 11.45235],
			"to": [7.5, 8.71455, 13.90235],
			"rotation": {"angle": 0, "axis": "x", "origin": [7.33125, 8.27655, 6.57735]},
			"faces": {
				"north": {"uv": [0, 0, 0.1625, 0.15], "rotation": 180, "texture": "#6"},
				"east": {"uv": [0, 0, 0.15, 1.225], "rotation": 90, "texture": "#6"},
				"south": {"uv": [0, 0, 0.1625, 0.15], "texture": "#6"},
				"west": {"uv": [0, 0, 0.15, 1.225], "rotation": 270, "texture": "#6"},
				"up": {"uv": [0, 0, 0.1625, 1.225], "texture": "#6"},
				"down": {"uv": [0, 0, 0.1625, 1.225], "rotation": 180, "texture": "#6"}
			}
		},
		{
			"from": [7.175, 8.48955, 13.90235],
			"to": [7.5, 8.71455, 14.30235],
			"rotation": {"angle": 0, "axis": "x", "origin": [7.33125, 8.27655, 6.57735]},
			"faces": {
				"north": {"uv": [0, 0, 0.1625, 0.1125], "rotation": 180, "texture": "#6"},
				"east": {"uv": [0, 0, 0.1125, 0.2], "rotation": 90, "texture": "#6"},
				"south": {"uv": [0, 0, 0.1625, 0.1125], "texture": "#6"},
				"west": {"uv": [0, 0, 0.1125, 0.2], "rotation": 270, "texture": "#6"},
				"up": {"uv": [0, 0, 0.1625, 0.2], "texture": "#6"},
				"down": {"uv": [0, 0, 0.1625, 0.2], "rotation": 180, "texture": "#6"}
			}
		},
		{
			"from": [7.2, 5.61579, 13.37541],
			"to": [7.475, 5.81579, 13.77541],
			"rotation": {"angle": -22.5, "axis": "x", "origin": [7.33125, 8.27655, 6.57735]},
			"faces": {
				"north": {"uv": [0, 0, 0.1375, 0.1], "rotation": 180, "texture": "#6"},
				"east": {"uv": [0, 0, 0.1, 0.2], "rotation": 90, "texture": "#6"},
				"south": {"uv": [0, 0, 0.1375, 0.1], "texture": "#6"},
				"west": {"uv": [0, 0, 0.1, 0.2], "rotation": 270, "texture": "#6"},
				"up": {"uv": [0, 0, 0.1375, 0.2], "texture": "#6"},
				"down": {"uv": [0, 0, 0.1375, 0.2], "rotation": 180, "texture": "#6"}
			}
		},
		{
			"from": [7.2, 8.21501, 13.54715],
			"to": [7.475, 8.36501, 13.72215],
			"rotation": {"angle": -45, "axis": "x", "origin": [7.3375, 8.34001, 13.42215]},
			"faces": {
				"north": {"uv": [0, 0, 0.1375, 0.1], "rotation": 180, "texture": "#6"},
				"east": {"uv": [0, 0, 0.1, 0.2], "rotation": 90, "texture": "#6"},
				"south": {"uv": [0, 0, 0.1375, 0.1], "texture": "#6"},
				"west": {"uv": [0, 0, 0.1, 0.2], "rotation": 270, "texture": "#6"},
				"up": {"uv": [0, 0, 0.1375, 0.2], "texture": "#6"},
				"down": {"uv": [0, 0, 0.1375, 0.2], "rotation": 180, "texture": "#6"}
			}
		},
		{
			"from": [7.2, 8.16501, 13.09715],
			"to": [7.475, 8.94001, 13.59715],
			"rotation": {"angle": -45, "axis": "x", "origin": [7.3375, 8.26501, 13.39715]},
			"faces": {
				"north": {"uv": [0, 0, 0.1375, 0.2], "texture": "#6"},
				"east": {"uv": [0, 0, 0.1, 0.2], "texture": "#6"},
				"south": {"uv": [0, 0, 0.1375, 0.2], "texture": "#6"},
				"west": {"uv": [0, 0, 0.1, 0.2], "texture": "#6"},
				"up": {"uv": [0, 0, 0.1375, 0.1], "texture": "#6"},
				"down": {"uv": [0, 0, 0.1375, 0.1], "texture": "#6"}
			}
		},
		{
			"from": [7.175, 8.71455, 12.70235],
			"to": [7.5, 9.03955, 14.30235],
			"rotation": {"angle": 0, "axis": "x", "origin": [7.33125, 8.27655, 6.57735]},
			"faces": {
				"north": {"uv": [0, 0, 0.1625, 0.1625], "rotation": 180, "texture": "#6"},
				"east": {"uv": [0, 0, 0.1625, 0.8], "rotation": 90, "texture": "#6"},
				"south": {"uv": [0, 0, 0.1625, 0.1625], "texture": "#6"},
				"west": {"uv": [0, 0, 0.1625, 0.8], "rotation": 270, "texture": "#6"},
				"up": {"uv": [0, 0, 0.1625, 0.8], "texture": "#6"},
				"down": {"uv": [0, 0, 0.1625, 0.8], "rotation": 180, "texture": "#6"}
			}
		},
		{
			"from": [7.175, 8.73955, 15.00235],
			"to": [7.5, 9.03955, 16.95235],
			"rotation": {"angle": 0, "axis": "x", "origin": [7.33125, 8.27655, 6.57735]},
			"faces": {
				"north": {"uv": [0, 0, 0.1625, 0.15], "rotation": 180, "texture": "#6"},
				"east": {"uv": [0, 0, 0.15, 0.975], "rotation": 90, "texture": "#6"},
				"south": {"uv": [0, 0, 0.1625, 0.15], "texture": "#6"},
				"west": {"uv": [0, 0, 0.15, 0.975], "rotation": 270, "texture": "#6"},
				"up": {"uv": [0, 0, 0.1625, 0.975], "texture": "#6"},
				"down": {"uv": [0, 0, 0.1625, 0.975], "rotation": 180, "texture": "#6"}
			}
		},
		{
			"from": [7.175, 9.38955, 13.77735],
			"to": [7.5, 9.58955, 17.30235],
			"rotation": {"angle": 0, "axis": "x", "origin": [7.33125, 8.27655, 6.57735]},
			"faces": {
				"north": {"uv": [0, 0, 0.1625, 0.1], "rotation": 180, "texture": "#6"},
				"east": {"uv": [0, 0, 0.1, 1.7625], "rotation": 90, "texture": "#6"},
				"south": {"uv": [0, 0, 0.1625, 0.1], "texture": "#6"},
				"west": {"uv": [0, 0, 0.1, 1.7625], "rotation": 270, "texture": "#6"},
				"up": {"uv": [0, 0, 0.1625, 1.7625], "texture": "#6"},
				"down": {"uv": [0, 0, 0.1625, 1.7625], "rotation": 180, "texture": "#6"}
			}
		},
		{
			"from": [7.225, 9.58955, 14.80235],
			"to": [7.425, 10.16455, 15.05235],
			"rotation": {"angle": 0, "axis": "x", "origin": [7.33125, 8.27655, 6.57735]},
			"faces": {
				"north": {"uv": [0, 0, 0.1, 0.2875], "rotation": 180, "texture": "#6"},
				"east": {"uv": [0, 0, 0.2875, 0.125], "rotation": 90, "texture": "#6"},
				"south": {"uv": [0, 0, 0.1, 0.2875], "texture": "#6"},
				"west": {"uv": [0, 0, 0.2875, 0.125], "rotation": 270, "texture": "#6"},
				"up": {"uv": [0, 0, 0.1, 0.125], "texture": "#6"},
				"down": {"uv": [0, 0, 0.1, 0.125], "rotation": 180, "texture": "#6"}
			}
		},
		{
			"from": [7.2, 10.16455, 14.80235],
			"to": [7.45, 10.23955, 15.05235],
			"rotation": {"angle": 0, "axis": "x", "origin": [7.33125, 8.27655, 6.57735]},
			"faces": {
				"north": {"uv": [0, 0, 0.125, 0.0375], "rotation": 180, "texture": "#6"},
				"east": {"uv": [0, 0, 0.0375, 0.125], "rotation": 90, "texture": "#6"},
				"south": {"uv": [0, 0, 0.125, 0.0375], "texture": "#6"},
				"west": {"uv": [0, 0, 0.0375, 0.125], "rotation": 270, "texture": "#6"},
				"up": {"uv": [0, 0, 0.125, 0.125], "texture": "#6"},
				"down": {"uv": [0, 0, 0.125, 0.125], "rotation": 180, "texture": "#6"}
			}
		},
		{
			"from": [7.2, 10.46455, 14.80235],
			"to": [7.45, 10.53955, 15.05235],
			"rotation": {"angle": 0, "axis": "x", "origin": [7.33125, 8.27655, 6.57735]},
			"faces": {
				"north": {"uv": [0, 0, 0.125, 0.0375], "rotation": 180, "texture": "#6"},
				"east": {"uv": [0, 0, 0.0375, 0.125], "rotation": 90, "texture": "#6"},
				"south": {"uv": [0, 0, 0.125, 0.0375], "texture": "#6"},
				"west": {"uv": [0, 0, 0.0375, 0.125], "rotation": 270, "texture": "#6"},
				"up": {"uv": [0, 0, 0.125, 0.125], "texture": "#6"},
				"down": {"uv": [0, 0, 0.125, 0.125], "rotation": 180, "texture": "#6"}
			}
		},
		{
			"from": [7.4375, 10.22705, 14.80235],
			"to": [7.5125, 10.47705, 15.05235],
			"rotation": {"angle": 0, "axis": "z", "origin": [7.33125, 8.27655, 6.57735]},
			"faces": {
				"north": {"uv": [0, 0, 0.125, 0.0375], "rotation": 90, "texture": "#6"},
				"east": {"uv": [0, 0, 0.125, 0.125], "rotation": 90, "texture": "#6"},
				"south": {"uv": [0, 0, 0.125, 0.0375], "rotation": 90, "texture": "#6"},
				"west": {"uv": [0, 0, 0.125, 0.125], "rotation": 270, "texture": "#6"},
				"up": {"uv": [0, 0, 0.0375, 0.125], "texture": "#6"},
				"down": {"uv": [0, 0, 0.0375, 0.125], "rotation": 180, "texture": "#6"}
			}
		},
		{
			"from": [7.1375, 10.22705, 14.80235],
			"to": [7.2125, 10.47705, 15.05235],
			"rotation": {"angle": 0, "axis": "z", "origin": [7.33125, 8.27655, 6.57735]},
			"faces": {
				"north": {"uv": [0, 0, 0.125, 0.0375], "rotation": 90, "texture": "#6"},
				"east": {"uv": [0, 0, 0.125, 0.125], "rotation": 90, "texture": "#6"},
				"south": {"uv": [0, 0, 0.125, 0.0375], "rotation": 90, "texture": "#6"},
				"west": {"uv": [0, 0, 0.125, 0.125], "rotation": 270, "texture": "#6"},
				"up": {"uv": [0, 0, 0.0375, 0.125], "texture": "#6"},
				"down": {"uv": [0, 0, 0.0375, 0.125], "rotation": 180, "texture": "#6"}
			}
		},
		{
			"from": [7.2875, 10.22705, 14.87735],
			"to": [7.3625, 10.37705, 14.92735],
			"rotation": {"angle": 0, "axis": "z", "origin": [7.33125, 8.27655, 6.57735]},
			"faces": {
				"north": {"uv": [0, 0, 0.075, 0.0375], "rotation": 90, "texture": "#6"},
				"east": {"uv": [0, 0, 0.075, 0.025], "rotation": 90, "texture": "#6"},
				"south": {"uv": [0, 0, 0.075, 0.0375], "rotation": 90, "texture": "#6"},
				"west": {"uv": [0, 0, 0.075, 0.025], "rotation": 270, "texture": "#6"},
				"up": {"uv": [0, 0, 0.0375, 0.025], "texture": "#6"},
				"down": {"uv": [0, 0, 0.0375, 0.025], "rotation": 180, "texture": "#6"}
			}
		},
		{
			"from": [7.2875, 10.07705, 4.57735],
			"to": [7.3625, 10.22705, 4.62735],
			"rotation": {"angle": 0, "axis": "z", "origin": [7.33125, 8.27655, 6.57735]},
			"faces": {
				"north": {"uv": [0, 0, 0.075, 0.0375], "rotation": 90, "texture": "#6"},
				"east": {"uv": [0, 0, 0.075, 0.025], "rotation": 90, "texture": "#6"},
				"south": {"uv": [0, 0, 0.075, 0.0375], "rotation": 90, "texture": "#6"},
				"west": {"uv": [0, 0, 0.075, 0.025], "rotation": 270, "texture": "#6"},
				"up": {"uv": [0, 0, 0.0375, 0.025], "texture": "#6"},
				"down": {"uv": [0, 0, 0.0375, 0.025], "rotation": 180, "texture": "#6"}
			}
		},
		{
			"from": [7, 6.88955, -2.67265],
			"to": [7.65, 9.21455, -1.64765],
			"rotation": {"angle": 0, "axis": "x", "origin": [7.33125, 8.27655, 6.57735]},
			"faces": {
				"north": {"uv": [0, 0, 0.325, 1.1625], "rotation": 180, "texture": "#7"},
				"east": {"uv": [0, 0, 1.1625, 0.5125], "rotation": 90, "texture": "#7"},
				"south": {"uv": [0, 0, 0.325, 1.1625], "texture": "#7"},
				"west": {"uv": [0, 0, 1.1625, 0.5125], "rotation": 270, "texture": "#7"},
				"up": {"uv": [0, 0, 0.325, 0.5125], "texture": "#7"},
				"down": {"uv": [0, 0, 0.325, 0.5125], "rotation": 180, "texture": "#7"}
			}
		},
		{
			"from": [7, 6.86455, -2.97265],
			"to": [7.65, 9.23955, -2.67265],
			"rotation": {"angle": 0, "axis": "x", "origin": [7.33125, 8.27655, 6.57735]},
			"faces": {
				"north": {"uv": [0, 0, 0.325, 1.1875], "rotation": 180, "texture": "#7"},
				"east": {"uv": [0, 0, 1.1875, 0.15], "rotation": 90, "texture": "#7"},
				"south": {"uv": [0, 0, 0.325, 1.1875], "texture": "#7"},
				"west": {"uv": [0, 0, 1.1875, 0.15], "rotation": 270, "texture": "#7"},
				"up": {"uv": [0, 0, 0.325, 0.15], "texture": "#7"},
				"down": {"uv": [0, 0, 0.325, 0.15], "rotation": 180, "texture": "#7"}
			}
		},
		{
			"from": [7.05, 7.38955, -1.64765],
			"to": [7.575, 8.98955, -0.94765],
			"rotation": {"angle": 0, "axis": "x", "origin": [7.33125, 8.27655, 6.57735]},
			"faces": {
				"north": {"uv": [0, 0, 2.3, 5.85], "rotation": 90, "texture": "#10"},
				"east": {"uv": [0, 0, 2.3, 5.85], "rotation": 90, "texture": "#10"},
				"south": {"uv": [0, 0, 2.3, 5.85], "rotation": 90, "texture": "#10"},
				"west": {"uv": [0, 0, 2.3, 5.85], "rotation": 90, "texture": "#10"},
				"up": {"uv": [0, 0, 2.3, 5.85], "rotation": 90, "texture": "#10"},
				"down": {"uv": [0, 0, 2.3, 5.85], "rotation": 90, "texture": "#10"}
			}
		},
		{
			"from": [7, 8.23955, -1.64765],
			"to": [7.65, 8.98955, 2.52735],
			"rotation": {"angle": 0, "axis": "x", "origin": [7.33125, 8.27655, 6.57735]},
			"faces": {
				"north": {"uv": [0, 0, 1.875, 7.5], "rotation": 90, "texture": "#10"},
				"east": {"uv": [0, 0, 1.875, 7.5], "rotation": 90, "texture": "#10"},
				"south": {"uv": [0, 0, 1.875, 7.5], "rotation": 90, "texture": "#10"},
				"west": {"uv": [0, 0, 1.875, 7.5], "rotation": 90, "texture": "#10"},
				"up": {"uv": [0, 0, 1.875, 7.5], "rotation": 90, "texture": "#10"},
				"down": {"uv": [0, 0, 1.875, 7.5], "rotation": 90, "texture": "#10"}
			}
		},
		{
			"from": [7.025, 10.34066, -1.48019],
			"to": [7.625, 10.61566, -1.13019],
			"rotation": {"angle": -22.5, "axis": "x", "origin": [7.33125, 8.27655, 6.57735]},
			"faces": {
				"north": {"uv": [0, 0, 1.6375, 5.675], "rotation": 90, "texture": "#10"},
				"east": {"uv": [0, 0, 1.6375, 5.675], "rotation": 90, "texture": "#10"},
				"south": {"uv": [0, 0, 1.6375, 5.675], "rotation": 90, "texture": "#10"},
				"west": {"uv": [0, 0, 1.6375, 5.675], "rotation": 90, "texture": "#10"},
				"up": {"uv": [0, 0, 1.6375, 5.675], "rotation": 90, "texture": "#10"},
				"down": {"uv": [0, 0, 1.6375, 5.675], "rotation": 90, "texture": "#10"}
			}
		},
		{
			"from": [7.025, 10.34066, -1.15519],
			"to": [7.625, 11.14066, 1.46981],
			"rotation": {"angle": -22.5, "axis": "x", "origin": [7.33125, 8.27655, 6.57735]},
			"faces": {
				"north": {"uv": [0, 0, 1.9, 6.8125], "rotation": 90, "texture": "#10"},
				"east": {"uv": [0, 0, 1.9, 6.8125], "rotation": 90, "texture": "#10"},
				"south": {"uv": [0, 0, 1.9, 6.8125], "rotation": 90, "texture": "#10"},
				"west": {"uv": [0, 0, 1.9, 6.8125], "rotation": 90, "texture": "#10"},
				"up": {"uv": [0, 0, 1.9, 6.8125], "rotation": 90, "texture": "#10"},
				"down": {"uv": [0, 0, 1.9, 6.8125], "rotation": 90, "texture": "#10"}
			}
		}
	],
	"display": {
		"thirdperson_righthand": {
			"rotation": [0, 180, 0],
			"translation": [-0.75, -0.25, -4.75],
			"scale": [1.18, 1.18, 1.18]
		},
		"thirdperson_lefthand": {
			"rotation": [0, 180, 0],
			"translation": [0.75, -0.25, -4.75],
			"scale": [1.18, 1.18, 1.18]
		},
		"firstperson_righthand": {
			"rotation": [0, 180, 0],
			"translation": [-6, 15, 3.25],
			"scale": [1.07, 1.07, 1.07]
		},
		"firstperson_lefthand": {
			"rotation": [0, 180, 0],
			"translation": [-6, 100, 3.25],
			"scale": [1.07, 1.07, 1.07]
		},
		"ground": {
			"rotation": [0, 0, 90]
		},
		"gui": {
			"rotation": [30, -124, 0],
			"translation": [-1, 0, 0],
			"scale": [0.87, 0.87, 0.87]
		},
		"head": {
			"rotation": [0, -90, 0],
			"translation": [1.25, 0.75, -1],
			"scale": [1.9, 1.9, 1.9]
		},
		"fixed": {
			"rotation": [0, 90, 0],
			"translation": [1, 0, -1],
			"scale": [1.51, 1.51, 1.51]
		}
	}
}