{
	"credit": "Made with Blockbench",
	"texture_size": [32, 32],
	"textures": {
		"1": "block/andesite",
		"2": "block/anvil",
		"4": "block/blast_furnace_top",
		"5": "block/gray_concrete_powder",
		"6": "block/gray_concrete",
		"7": "block/black_concrete",
		"particle": "block/black_concrete"
	},
	"elements": [
		{
			"from": [7.39, 6.83861, 7.85613],
			"to": [8.51, 9.01361, 9.48113],
			"rotation": {"angle": 0, "axis": "y", "origin": [8.2, 8.85111, 8.09363]},
			"faces": {
				"north": {"uv": [2.5, 0.5, 13.3125, 14.575], "texture": "#4"},
				"east": {"uv": [2.5, 0.5, 13.3125, 14.575], "texture": "#4"},
				"south": {"uv": [2.5, 0.5, 13.3125, 14.575], "texture": "#4"},
				"west": {"uv": [2.5, 0.5, 13.3125, 14.575], "texture": "#4"},
				"up": {"uv": [2.5, 0.5, 13.3125, 14.575], "texture": "#4"},
				"down": {"uv": [2.5, 0.5, 13.3125, 14.575], "texture": "#4"}
			}
		},
		{
			"from": [7.7, 7.68861, 6.65613],
			"to": [8.2, 9.01361, 6.98113],
			"rotation": {"angle": 22.5, "axis": "x", "origin": [7.95, 8.31361, 7.04363]},
			"faces": {
				"north": {"uv": [0, 0, 0.25, 0.6625], "texture": "#6"},
				"east": {"uv": [0, 0, 0.1625, 0.6625], "texture": "#6"},
				"south": {"uv": [0, 0, 0.25, 0.6625], "texture": "#6"},
				"west": {"uv": [0, 0, 0.1625, 0.6625], "texture": "#6"},
				"up": {"uv": [0, 0, 0.25, 0.1625], "texture": "#6"},
				"down": {"uv": [0, 0, 0.25, 0.1625], "texture": "#6"}
			}
		},
		{
			"from": [7.75, 7.77582, 5.24337],
			"to": [8.15, 8.00082, 6.74337],
			"rotation": {"angle": 0, "axis": "y", "origin": [7.95, 8.43832, 6.90587]},
			"faces": {
				"north": {"uv": [0, 0, 0.2, 0.1125], "rotation": 180, "texture": "#6"},
				"east": {"uv": [0, 0, 0.1125, 0.75], "rotation": 270, "texture": "#6"},
				"south": {"uv": [0, 0, 0.2, 0.1125], "texture": "#6"},
				"west": {"uv": [0, 0, 0.1125, 0.75], "rotation": 90, "texture": "#6"},
				"up": {"uv": [0, 0, 0.2, 0.75], "rotation": 180, "texture": "#6"},
				"down": {"uv": [0, 0, 0.2, 0.75], "texture": "#6"}
			}
		},
		{
			"from": [7.7, 8.07582, 5.26837],
			"to": [8.2, 9.00082, 5.49337],
			"rotation": {"angle": -22.5, "axis": "x", "origin": [7.95, 7.88832, 6.00587]},
			"faces": {
				"north": {"uv": [0, 0, 0.25, 0.4625], "rotation": 180, "texture": "#6"},
				"east": {"uv": [0, 0, 0.1125, 0.4625], "rotation": 180, "texture": "#6"},
				"south": {"uv": [0, 0, 0.25, 0.4625], "rotation": 180, "texture": "#6"},
				"west": {"uv": [0, 0, 0.1125, 0.4625], "rotation": 180, "texture": "#6"},
				"up": {"uv": [0, 0, 0.25, 0.1125], "texture": "#6"},
				"down": {"uv": [0, 0, 0.25, 0.1125], "texture": "#6"}
			}
		},
		{
			"from": [7.9, 8.15082, 5.76837],
			"to": [8, 8.77582, 5.99337],
			"rotation": {"angle": -22.5, "axis": "x", "origin": [7.95, 7.88832, 6.00587]},
			"faces": {
				"north": {"uv": [0, 0, 0.05, 0.3125], "rotation": 180, "texture": "#2"},
				"east": {"uv": [0, 0, 0.1125, 0.3125], "rotation": 180, "texture": "#2"},
				"south": {"uv": [0, 0, 0.05, 0.3125], "rotation": 180, "texture": "#2"},
				"west": {"uv": [0, 0, 0.1125, 0.3125], "rotation": 180, "texture": "#2"},
				"up": {"uv": [0, 0, 0.05, 0.1125], "texture": "#2"},
				"down": {"uv": [0, 0, 0.05, 0.1125], "texture": "#2"}
			}
		},
		{
			"from": [7.7, 8.81433, 3.95239],
			"to": [8.2, 9.03933, 6.97739],
			"rotation": {"angle": 0, "axis": "y", "origin": [7.95, 8.52683, 5.06489]},
			"faces": {
				"north": {"uv": [0, 0, 0.25, 0.1125], "rotation": 180, "texture": "#6"},
				"east": {"uv": [0, 0, 0.1125, 1.5125], "rotation": 270, "texture": "#6"},
				"south": {"uv": [0, 0, 0.25, 0.1125], "texture": "#6"},
				"west": {"uv": [0, 0, 0.1125, 1.5125], "rotation": 90, "texture": "#6"},
				"up": {"uv": [0, 0, 0.25, 1.5125], "rotation": 180, "texture": "#6"},
				"down": {"uv": [0, 0, 0.25, 1.5125], "texture": "#6"}
			}
		},
		{
			"from": [7.7, 8.58933, 3.82739],
			"to": [8.2, 8.81433, 5.67739],
			"rotation": {"angle": 0, "axis": "y", "origin": [7.95, 8.52683, 5.06489]},
			"faces": {
				"north": {"uv": [0, 0, 0.25, 0.1125], "rotation": 180, "texture": "#6"},
				"east": {"uv": [0, 0, 0.1125, 0.925], "rotation": 270, "texture": "#6"},
				"south": {"uv": [0, 0, 0.25, 0.1125], "texture": "#6"},
				"west": {"uv": [0, 0, 0.1125, 0.925], "rotation": 90, "texture": "#6"},
				"up": {"uv": [0, 0, 0.25, 0.925], "rotation": 180, "texture": "#6"},
				"down": {"uv": [0, 0, 0.25, 0.925], "texture": "#6"}
			}
		},
		{
			"from": [7.7, 8.36433, 3.82739],
			"to": [8.2, 8.58933, 4.77739],
			"rotation": {"angle": 0, "axis": "y", "origin": [7.95, 8.52683, 5.06489]},
			"faces": {
				"north": {"uv": [0, 0, 0.25, 0.1125], "rotation": 180, "texture": "#6"},
				"east": {"uv": [0, 0, 0.1125, 0.475], "rotation": 270, "texture": "#6"},
				"south": {"uv": [0, 0, 0.25, 0.1125], "texture": "#6"},
				"west": {"uv": [0, 0, 0.1125, 0.475], "rotation": 90, "texture": "#6"},
				"up": {"uv": [0, 0, 0.25, 0.475], "rotation": 180, "texture": "#6"},
				"down": {"uv": [0, 0, 0.25, 0.475], "texture": "#6"}
			}
		},
		{
			"from": [7.8, 5.56433, 3.95239],
			"to": [8.1, 8.58933, 4.70239],
			"rotation": {"angle": 22.5, "axis": "x", "origin": [7.95, 8.27683, 4.30239]},
			"faces": {
				"north": {"uv": [0, 0, 0.15, 1.5125], "rotation": 180, "texture": "#6"},
				"east": {"uv": [0, 0, 1.5125, 0.375], "rotation": 270, "texture": "#6"},
				"south": {"uv": [0, 0, 0.15, 1.5125], "texture": "#6"},
				"west": {"uv": [0, 0, 1.5125, 0.375], "rotation": 90, "texture": "#6"},
				"up": {"uv": [0, 0, 0.15, 0.375], "rotation": 180, "texture": "#6"},
				"down": {"uv": [0, 0, 0.15, 0.375], "texture": "#6"}
			}
		},
		{
			"from": [7.25, 9.01361, 3.50613],
			"to": [8.65, 11.01361, 12.08113],
			"rotation": {"angle": 0, "axis": "y", "origin": [8.2, 8.85111, 8.09363]},
			"faces": {
				"north": {"uv": [0, 0, 0.7, 1], "texture": "#6"},
				"east": {"uv": [0, 0, 4.2875, 1], "texture": "#6"},
				"south": {"uv": [0, 0, 0.7, 1], "texture": "#6"},
				"west": {"uv": [0, 0, 4.2875, 1], "texture": "#6"},
				"up": {"uv": [0, 0, 0.7, 4.2875], "texture": "#6"},
				"down": {"uv": [0, 0, 0.7, 4.2875], "texture": "#6"}
			}
		},
		{
			"from": [7.225, 10.11361, 7.33113],
			"to": [7.25, 10.68861, 10.53113],
			"rotation": {"angle": 0, "axis": "y", "origin": [8.2, 8.85111, 8.09363]},
			"faces": {
				"north": {"uv": [0, 0, 16, 1.2875], "texture": "#2"},
				"east": {"uv": [0, 0, 16, 1.2875], "texture": "#2"},
				"south": {"uv": [0, 0, 16, 1.2875], "texture": "#2"},
				"west": {"uv": [0, 0, 16, 1.2875], "texture": "#2"},
				"up": {"uv": [0, 0, 16, 1.2875], "texture": "#2"},
				"down": {"uv": [0, 0, 16, 1.2875], "texture": "#2"}
			}
		},
		{
			"from": [7.25, 10.68861, 12.08113],
			"to": [8.65, 11.01361, 15.55613],
			"rotation": {"angle": 0, "axis": "y", "origin": [8.2, 8.85111, 8.09363]},
			"faces": {
				"north": {"uv": [0, 0, 0.7, 0.1625], "texture": "#6"},
				"east": {"uv": [0, 0, 1.7375, 0.1625], "texture": "#6"},
				"south": {"uv": [0, 0, 0.7, 0.1625], "texture": "#6"},
				"west": {"uv": [0, 0, 1.7375, 0.1625], "texture": "#6"},
				"up": {"uv": [0, 0, 0.7, 1.7375], "texture": "#6"},
				"down": {"uv": [0, 0, 0.7, 1.7375], "texture": "#6"}
			}
		},
		{
			"from": [8.75, 10.13861, 8.40613],
			"to": [9.35, 10.46361, 8.65613],
			"rotation": {"angle": -45, "axis": "z", "origin": [9.35, 10.85111, 8.53113]},
			"faces": {
				"north": {"uv": [0, 0, 2.3, 2.125], "texture": "#1"},
				"east": {"uv": [0, 0, 2.3, 2.125], "texture": "#1"},
				"south": {"uv": [0, 0, 2.3, 2.125], "texture": "#1"},
				"west": {"uv": [0, 0, 2.3, 2.125], "texture": "#1"},
				"up": {"uv": [0, 0, 2.3, 2.125], "texture": "#1"},
				"down": {"uv": [0, 0, 2.3, 2.125], "texture": "#1"}
			}
		},
		{
			"from": [9.375, 10.13861, 8.75613],
			"to": [9.975, 10.46361, 9.00613],
			"rotation": {"angle": -45, "axis": "z", "origin": [9.35, 10.85111, 8.53113]},
			"faces": {
				"north": {"uv": [0, 0, 2.3, 2.125], "texture": "#1"},
				"east": {"uv": [0, 0, 2.3, 2.125], "texture": "#1"},
				"south": {"uv": [0, 0, 2.3, 2.125], "texture": "#1"},
				"west": {"uv": [0, 0, 2.3, 2.125], "texture": "#1"},
				"up": {"uv": [0, 0, 2.3, 2.125], "texture": "#1"},
				"down": {"uv": [0, 0, 2.3, 2.125], "texture": "#1"}
			}
		},
		{
			"from": [8.82396, 10.36184, 8.38113],
			"to": [9.09896, 10.73684, 9.00613],
			"rotation": {"angle": 0, "axis": "y", "origin": [8.74896, 10.67434, 8.53113]},
			"faces": {
				"north": {"uv": [0, 0, 2.3125, 2.1375], "rotation": 270, "texture": "#1"},
				"east": {"uv": [0, 0, 2.3125, 2.1375], "rotation": 270, "texture": "#1"},
				"south": {"uv": [0, 0, 2.3125, 2.1375], "rotation": 270, "texture": "#1"},
				"west": {"uv": [0, 0, 2.3125, 2.1375], "rotation": 270, "texture": "#1"},
				"up": {"uv": [0, 0, 2.3125, 2.1375], "rotation": 270, "texture": "#1"},
				"down": {"uv": [0, 0, 2.3125, 2.1375], "rotation": 270, "texture": "#1"}
			}
		},
		{
			"from": [6.89896, 10.13684, 9.95613],
			"to": [7.17396, 11.28684, 10.33113],
			"rotation": {"angle": 0, "axis": "y", "origin": [7.03646, 10.37434, 8.69363]},
			"faces": {
				"north": {"uv": [0, 0, 2.3125, 2.1375], "rotation": 90, "texture": "#5"},
				"east": {"uv": [0, 0, 2.3125, 2.1375], "texture": "#5"},
				"south": {"uv": [0, 0, 2.3125, 2.1375], "rotation": 270, "texture": "#5"},
				"west": {"uv": [0, 0, 2.3125, 2.1375], "rotation": 180, "texture": "#5"},
				"up": {"uv": [0, 0, 2.3125, 2.1375], "rotation": 270, "texture": "#5"},
				"down": {"uv": [0, 0, 2.3125, 2.1375], "rotation": 90, "texture": "#5"}
			}
		},
		{
			"from": [6.87396, 11.28684, 9.93113],
			"to": [7.19896, 11.51184, 10.35613],
			"rotation": {"angle": 0, "axis": "y", "origin": [7.03646, 10.37434, 8.69363]},
			"faces": {
				"north": {"uv": [0, 0, 0.8125, 0.6375], "rotation": 270, "texture": "#1"},
				"east": {"uv": [0, 0, 0.8125, 0.6375], "rotation": 270, "texture": "#1"},
				"south": {"uv": [0, 0, 0.8125, 0.6375], "rotation": 270, "texture": "#1"},
				"west": {"uv": [0, 0, 0.8125, 0.6375], "rotation": 270, "texture": "#1"},
				"up": {"uv": [0, 0, 0.8125, 0.6375], "rotation": 270, "texture": "#1"},
				"down": {"uv": [0, 0, 0.8125, 0.6375], "rotation": 270, "texture": "#1"}
			}
		},
		{
			"from": [9.22396, 9.78684, 7.80613],
			"to": [9.49896, 10.16184, 9.00613],
			"rotation": {"angle": 0, "axis": "y", "origin": [8.74896, 10.67434, 8.53113]},
			"faces": {
				"north": {"uv": [0, 0, 0.1375, 0.1875], "texture": "#7"},
				"east": {"uv": [0, 0, 0.6, 0.1875], "texture": "#7"},
				"south": {"uv": [0, 0, 0.1375, 0.1875], "texture": "#7"},
				"west": {"uv": [0, 0, 0.6, 0.1875], "texture": "#7"},
				"up": {"uv": [0, 0, 0.6, 0.1375], "rotation": 270, "texture": "#7"},
				"down": {"uv": [0, 0, 0.6, 0.1375], "rotation": 90, "texture": "#7"}
			}
		},
		{
			"from": [7.15, 9.28861, 12.08113],
			"to": [8.75, 10.68861, 15.55613],
			"rotation": {"angle": 0, "axis": "y", "origin": [8.2, 8.85111, 8.09363]},
			"faces": {
				"north": {"uv": [0, 0, 1.8, 16], "texture": "#5"},
				"east": {"uv": [0, 0, 16, 1.7], "texture": "#5"},
				"south": {"uv": [0, 0, 1.8, 16], "texture": "#5"},
				"west": {"uv": [0, 0, 16, 1.7], "texture": "#5"},
				"up": {"uv": [0, 0, 0.8, 1.7375], "texture": "#5"},
				"down": {"uv": [0, 0, 0.8, 1.7375], "texture": "#5"}
			}
		},
		{
			"from": [7.25, 9.33861, 15.55613],
			"to": [8.65, 11.01361, 17.33113],
			"rotation": {"angle": 0, "axis": "y", "origin": [8.2, 8.85111, 8.09363]},
			"faces": {
				"north": {"uv": [0, 0, 0.7, 0.8375], "texture": "#6"},
				"east": {"uv": [0, 0, 0.8875, 0.8375], "texture": "#6"},
				"south": {"uv": [0, 0, 0.7, 0.8375], "texture": "#6"},
				"west": {"uv": [0, 0, 0.8875, 0.8375], "texture": "#6"},
				"up": {"uv": [0, 0, 0.7, 0.8875], "texture": "#6"},
				"down": {"uv": [0, 0, 0.7, 0.8875], "texture": "#6"}
			}
		},
		{
			"from": [7.725, 9.96361, 17.55613],
			"to": [8.175, 10.73861, 17.88113],
			"rotation": {"angle": -45, "axis": "x", "origin": [7.95, 10.01361, 17.64363]},
			"faces": {
				"north": {"uv": [0, 0, 0.225, 0.3875], "texture": "#6"},
				"east": {"uv": [0, 0, 0.1625, 0.3875], "texture": "#6"},
				"south": {"uv": [0, 0, 0.225, 0.3875], "texture": "#6"},
				"west": {"uv": [0, 0, 0.1625, 0.3875], "texture": "#6"},
				"up": {"uv": [0, 0, 0.225, 0.1625], "texture": "#6"},
				"down": {"uv": [0, 0, 0.225, 0.1625], "texture": "#6"}
			}
		},
		{
			"from": [7.7, 9.76361, 17.33113],
			"to": [8.2, 10.26361, 20.45613],
			"rotation": {"angle": 0, "axis": "y", "origin": [8.2, 8.85111, 8.09363]},
			"faces": {
				"north": {"uv": [0, 0, 0.25, 0.25], "texture": "#6"},
				"east": {"uv": [0, 0, 1.5625, 0.25], "texture": "#6"},
				"south": {"uv": [0, 0, 0.25, 0.25], "texture": "#6"},
				"west": {"uv": [0, 0, 1.5625, 0.25], "texture": "#6"},
				"up": {"uv": [0, 0, 0.25, 1.5625], "texture": "#6"},
				"down": {"uv": [0, 0, 0.25, 1.5625], "texture": "#6"}
			}
		},
		{
			"from": [7.7, 9.76361, 20.45613],
			"to": [7.75, 10.26361, 20.50613],
			"rotation": {"angle": 0, "axis": "y", "origin": [8.2, 8.85111, 8.09363]},
			"faces": {
				"north": {"uv": [0, 0, 0.525, 0.75], "texture": "#1"},
				"east": {"uv": [0, 0, 0.525, 0.75], "texture": "#1"},
				"south": {"uv": [0, 0, 0.525, 0.75], "texture": "#1"},
				"west": {"uv": [0, 0, 0.525, 0.75], "texture": "#1"},
				"up": {"uv": [0, 0, 0.525, 0.75], "texture": "#1"},
				"down": {"uv": [0, 0, 0.525, 0.75], "texture": "#1"}
			}
		},
		{
			"from": [8.15, 9.76361, 20.45613],
			"to": [8.2, 10.26361, 20.50613],
			"rotation": {"angle": 0, "axis": "y", "origin": [8.2, 8.85111, 8.09363]},
			"faces": {
				"north": {"uv": [0, 0, 0.525, 0.75], "texture": "#1"},
				"east": {"uv": [0, 0, 0.525, 0.75], "texture": "#1"},
				"south": {"uv": [0, 0, 0.525, 0.75], "texture": "#1"},
				"west": {"uv": [0, 0, 0.525, 0.75], "texture": "#1"},
				"up": {"uv": [0, 0, 0.525, 0.75], "texture": "#1"},
				"down": {"uv": [0, 0, 0.525, 0.75], "texture": "#1"}
			}
		},
		{
			"from": [7.75, 10.21361, 20.45613],
			"to": [8.15, 10.26361, 20.50613],
			"rotation": {"angle": 0, "axis": "y", "origin": [7.95, 10.01361, 20.48113]},
			"faces": {
				"north": {"uv": [0, 0, 0.525, 0.7], "rotation": 270, "texture": "#1"},
				"east": {"uv": [0, 0, 0.525, 0.7], "rotation": 270, "texture": "#1"},
				"south": {"uv": [0, 0, 0.525, 0.7], "rotation": 270, "texture": "#1"},
				"west": {"uv": [0, 0, 0.525, 0.7], "rotation": 270, "texture": "#1"},
				"up": {"uv": [0, 0, 0.525, 0.7], "rotation": 270, "texture": "#1"},
				"down": {"uv": [0, 0, 0.525, 0.7], "rotation": 270, "texture": "#1"}
			}
		},
		{
			"from": [7.75, 9.81361, 20.45613],
			"to": [8.15, 10.21361, 20.48113],
			"rotation": {"angle": 0, "axis": "y", "origin": [7.95, 10.01361, 20.48113]},
			"faces": {
				"north": {"uv": [0, 0, 0.2, 0.2], "rotation": 90, "texture": "#7"},
				"east": {"uv": [0, 0, 0.2, 0.0125], "rotation": 270, "texture": "#7"},
				"south": {"uv": [0, 0, 0.2, 0.2], "rotation": 270, "texture": "#7"},
				"west": {"uv": [0, 0, 0.2, 0.0125], "rotation": 270, "texture": "#7"},
				"up": {"uv": [0, 0, 0.0125, 0.2], "rotation": 270, "texture": "#7"},
				"down": {"uv": [0, 0, 0.0125, 0.2], "rotation": 270, "texture": "#7"}
			}
		},
		{
			"from": [7.75, 9.76361, 20.45613],
			"to": [8.15, 9.81361, 20.50613],
			"rotation": {"angle": 0, "axis": "y", "origin": [7.95, 10.01361, 20.48113]},
			"faces": {
				"north": {"uv": [0, 0, 0.525, 0.7], "rotation": 270, "texture": "#1"},
				"east": {"uv": [0, 0, 0.525, 0.7], "rotation": 270, "texture": "#1"},
				"south": {"uv": [0, 0, 0.525, 0.7], "rotation": 270, "texture": "#1"},
				"west": {"uv": [0, 0, 0.525, 0.7], "rotation": 270, "texture": "#1"},
				"up": {"uv": [0, 0, 0.525, 0.7], "rotation": 270, "texture": "#1"},
				"down": {"uv": [0, 0, 0.525, 0.7], "rotation": 270, "texture": "#1"}
			}
		},
		{
			"from": [7.25, 9.01361, 3.25613],
			"to": [8.65, 10.81361, 3.58113],
			"rotation": {"angle": 0, "axis": "y", "origin": [8.2, 8.85111, 8.09363]},
			"faces": {
				"north": {"uv": [0, 0, 0.7, 0.9], "texture": "#6"},
				"east": {"uv": [0, 0, 0.1625, 0.9], "texture": "#6"},
				"south": {"uv": [0, 0, 0.7, 0.9], "texture": "#6"},
				"west": {"uv": [0, 0, 0.1625, 0.9], "texture": "#6"},
				"up": {"uv": [0, 0, 0.7, 0.1625], "texture": "#6"},
				"down": {"uv": [0, 0, 0.7, 0.1625], "texture": "#6"}
			}
		},
		{
			"from": [8.3, 11.01361, 3.60613],
			"to": [8.45, 11.78861, 4.18113],
			"rotation": {"angle": 0, "axis": "y", "origin": [8.2, 8.85111, 8.09363]},
			"faces": {
				"north": {"uv": [0, 0, 0.075, 0.3875], "texture": "#2"},
				"east": {"uv": [0, 0, 0.2875, 0.3875], "texture": "#2"},
				"south": {"uv": [0, 0, 0.075, 0.3875], "texture": "#2"},
				"west": {"uv": [0, 0, 0.2875, 0.3875], "texture": "#2"},
				"up": {"uv": [0, 0, 0.075, 0.2875], "texture": "#2"},
				"down": {"uv": [0, 0, 0.075, 0.2875], "texture": "#2"}
			}
		},
		{
			"from": [7.575, 11.01361, 3.60613],
			"to": [8.3, 11.28861, 4.18113],
			"rotation": {"angle": 0, "axis": "y", "origin": [8.2, 8.85111, 8.09363]},
			"faces": {
				"north": {"uv": [0, 0, 0.3625, 0.1375], "texture": "#2"},
				"east": {"uv": [0, 0, 0.2875, 0.1375], "texture": "#2"},
				"south": {"uv": [0, 0, 0.3625, 0.1375], "texture": "#2"},
				"west": {"uv": [0, 0, 0.2875, 0.1375], "texture": "#2"},
				"up": {"uv": [0, 0, 0.3625, 0.2875], "texture": "#2"},
				"down": {"uv": [0, 0, 0.3625, 0.2875], "texture": "#2"}
			}
		},
		{
			"from": [7.575, 11.01361, 4.40613],
			"to": [8.3, 11.28861, 4.98113],
			"rotation": {"angle": 0, "axis": "y", "origin": [8.2, 8.85111, 8.09363]},
			"faces": {
				"north": {"uv": [0, 0, 0.3625, 0.1375], "texture": "#2"},
				"east": {"uv": [0, 0, 0.2875, 0.1375], "texture": "#2"},
				"south": {"uv": [0, 0, 0.3625, 0.1375], "texture": "#2"},
				"west": {"uv": [0, 0, 0.2875, 0.1375], "texture": "#2"},
				"up": {"uv": [0, 0, 0.3625, 0.2875], "texture": "#2"},
				"down": {"uv": [0, 0, 0.3625, 0.2875], "texture": "#2"}
			}
		},
		{
			"from": [7.825, 11.01361, 17.10613],
			"to": [8.05, 11.98861, 17.33113],
			"rotation": {"angle": 0, "axis": "y", "origin": [8.2, 8.85111, 8.09363]},
			"faces": {
				"north": {"uv": [0, 0, 0.1125, 0.4875], "texture": "#2"},
				"east": {"uv": [0, 0, 0.1125, 0.4875], "texture": "#2"},
				"south": {"uv": [0, 0, 0.1125, 0.4875], "texture": "#2"},
				"west": {"uv": [0, 0, 0.1125, 0.4875], "texture": "#2"},
				"up": {"uv": [0, 0, 0.1125, 0.1125], "texture": "#2"},
				"down": {"uv": [0, 0, 0.1125, 0.1125], "texture": "#2"}
			}
		},
		{
			"from": [7.825, 11.98861, 17.10613],
			"to": [8.05, 12.01361, 17.33113],
			"rotation": {"angle": 0, "axis": "y", "origin": [8.2, 8.85111, 8.09363]},
			"faces": {
				"north": {"uv": [0, 0, 0.1125, 0.0125], "texture": "#2"},
				"east": {"uv": [0, 0, 0.1125, 0.0125], "texture": "#2"},
				"south": {"uv": [0, 0, 0.1125, 0.0125], "texture": "#2"},
				"west": {"uv": [0, 0, 0.1125, 0.0125], "texture": "#2"},
				"up": {"uv": [0, 0, 0.1125, 0.1125], "texture": "#2"},
				"down": {"uv": [0, 0, 0.1125, 0.1125], "texture": "#2"}
			}
		},
		{
			"from": [7.825, 12.18861, 17.10613],
			"to": [8.05, 12.21361, 17.33113],
			"rotation": {"angle": 0, "axis": "y", "origin": [8.2, 8.85111, 8.09363]},
			"faces": {
				"north": {"uv": [0, 0, 0.1125, 0.0125], "texture": "#2"},
				"east": {"uv": [0, 0, 0.1125, 0.0125], "texture": "#2"},
				"south": {"uv": [0, 0, 0.1125, 0.0125], "texture": "#2"},
				"west": {"uv": [0, 0, 0.1125, 0.0125], "texture": "#2"},
				"up": {"uv": [0, 0, 0.1125, 0.1125], "texture": "#2"},
				"down": {"uv": [0, 0, 0.1125, 0.1125], "texture": "#2"}
			}
		},
		{
			"from": [8.025, 12.01361, 17.10613],
			"to": [8.05, 12.18861, 17.33113],
			"rotation": {"angle": 0, "axis": "y", "origin": [7.9375, 12.00111, 17.21863]},
			"faces": {
				"north": {"uv": [0, 0, 0.0875, 0.0125], "rotation": 90, "texture": "#2"},
				"east": {"uv": [0, 0, 0.0875, 0.1125], "rotation": 270, "texture": "#2"},
				"south": {"uv": [0, 0, 0.0875, 0.0125], "rotation": 270, "texture": "#2"},
				"west": {"uv": [0, 0, 0.0875, 0.1125], "rotation": 270, "texture": "#2"},
				"up": {"uv": [0, 0, 0.1125, 0.0125], "rotation": 270, "texture": "#2"},
				"down": {"uv": [0, 0, 0.1125, 0.0125], "rotation": 270, "texture": "#2"}
			}
		},
		{
			"from": [7.925, 12.01361, 17.10613],
			"to": [7.95, 12.11361, 17.33113],
			"rotation": {"angle": 0, "axis": "y", "origin": [7.9375, 12.00111, 17.21863]},
			"faces": {
				"north": {"uv": [0, 0, 0.05, 0.0125], "rotation": 90, "texture": "#2"},
				"east": {"uv": [0, 0, 0.05, 0.1125], "rotation": 270, "texture": "#2"},
				"south": {"uv": [0, 0, 0.05, 0.0125], "rotation": 270, "texture": "#2"},
				"west": {"uv": [0, 0, 0.05, 0.1125], "rotation": 270, "texture": "#2"},
				"up": {"uv": [0, 0, 0.1125, 0.0125], "rotation": 270, "texture": "#2"},
				"down": {"uv": [0, 0, 0.1125, 0.0125], "rotation": 270, "texture": "#2"}
			}
		},
		{
			"from": [7.825, 12.01361, 17.10613],
			"to": [7.85, 12.18861, 17.33113],
			"rotation": {"angle": 0, "axis": "y", "origin": [7.9375, 12.00111, 17.21863]},
			"faces": {
				"north": {"uv": [0, 0, 0.0875, 0.0125], "rotation": 90, "texture": "#2"},
				"east": {"uv": [0, 0, 0.0875, 0.1125], "rotation": 270, "texture": "#2"},
				"south": {"uv": [0, 0, 0.0875, 0.0125], "rotation": 270, "texture": "#2"},
				"west": {"uv": [0, 0, 0.0875, 0.1125], "rotation": 270, "texture": "#2"},
				"up": {"uv": [0, 0, 0.1125, 0.0125], "rotation": 270, "texture": "#2"},
				"down": {"uv": [0, 0, 0.1125, 0.0125], "rotation": 270, "texture": "#2"}
			}
		},
		{
			"from": [7.775, 11.28861, 4.85613],
			"to": [8.1, 11.96361, 4.98113],
			"rotation": {"angle": 0, "axis": "y", "origin": [8.2, 8.85111, 8.09363]},
			"faces": {
				"north": {"uv": [0, 0, 0.1625, 0.3375], "texture": "#2"},
				"east": {"uv": [0, 0, 0.0625, 0.3375], "texture": "#2"},
				"south": {"uv": [0, 0, 0.1625, 0.3375], "texture": "#2"},
				"west": {"uv": [0, 0, 0.0625, 0.3375], "texture": "#2"},
				"up": {"uv": [0, 0, 0.1625, 0.0625], "texture": "#2"},
				"down": {"uv": [0, 0, 0.1625, 0.0625], "texture": "#2"}
			}
		},
		{
			"from": [7.725, 11.96361, 4.85613],
			"to": [7.875, 12.13861, 4.98113],
			"rotation": {"angle": 0, "axis": "y", "origin": [8.2, 8.85111, 8.09363]},
			"faces": {
				"north": {"uv": [0, 0, 0.075, 0.0875], "texture": "#2"},
				"east": {"uv": [0, 0, 0.0625, 0.0875], "texture": "#2"},
				"south": {"uv": [0, 0, 0.075, 0.0875], "texture": "#2"},
				"west": {"uv": [0, 0, 0.0625, 0.0875], "texture": "#2"},
				"up": {"uv": [0, 0, 0.075, 0.0625], "texture": "#2"},
				"down": {"uv": [0, 0, 0.075, 0.0625], "texture": "#2"}
			}
		},
		{
			"from": [8, 11.96361, 4.85613],
			"to": [8.15, 12.13861, 4.98113],
			"rotation": {"angle": 0, "axis": "y", "origin": [8.2, 8.85111, 8.09363]},
			"faces": {
				"north": {"uv": [0, 0, 0.075, 0.0875], "texture": "#2"},
				"east": {"uv": [0, 0, 0.0625, 0.0875], "texture": "#2"},
				"south": {"uv": [0, 0, 0.075, 0.0875], "texture": "#2"},
				"west": {"uv": [0, 0, 0.0625, 0.0875], "texture": "#2"},
				"up": {"uv": [0, 0, 0.075, 0.0625], "texture": "#2"},
				"down": {"uv": [0, 0, 0.075, 0.0625], "texture": "#2"}
			}
		},
		{
			"from": [7.45, 11.01361, 3.60613],
			"to": [7.6, 11.78861, 4.18113],
			"rotation": {"angle": 0, "axis": "y", "origin": [8.2, 8.85111, 8.09363]},
			"faces": {
				"north": {"uv": [0, 0, 0.075, 0.3875], "texture": "#2"},
				"east": {"uv": [0, 0, 0.2875, 0.3875], "texture": "#2"},
				"south": {"uv": [0, 0, 0.075, 0.3875], "texture": "#2"},
				"west": {"uv": [0, 0, 0.2875, 0.3875], "texture": "#2"},
				"up": {"uv": [0, 0, 0.075, 0.2875], "texture": "#2"},
				"down": {"uv": [0, 0, 0.075, 0.2875], "texture": "#2"}
			}
		},
		{
			"from": [7.25, 9.01361, 2.93113],
			"to": [8.65, 10.56361, 3.25613],
			"rotation": {"angle": 0, "axis": "y", "origin": [8.2, 8.85111, 8.09363]},
			"faces": {
				"north": {"uv": [0, 0, 0.7, 0.775], "texture": "#6"},
				"east": {"uv": [0, 0, 0.1625, 0.775], "texture": "#6"},
				"south": {"uv": [0, 0, 0.7, 0.775], "texture": "#6"},
				"west": {"uv": [0, 0, 0.1625, 0.775], "texture": "#6"},
				"up": {"uv": [0, 0, 0.7, 0.1625], "texture": "#6"},
				"down": {"uv": [0, 0, 0.7, 0.1625], "texture": "#6"}
			}
		},
		{
			"from": [7.25, 9.01361, 1.40613],
			"to": [8.65, 10.08861, 2.93113],
			"rotation": {"angle": 0, "axis": "y", "origin": [8.2, 8.85111, 8.09363]},
			"faces": {
				"north": {"uv": [0, 0, 0.7, 0.5375], "texture": "#6"},
				"east": {"uv": [0, 0, 0.7625, 0.5375], "texture": "#6"},
				"south": {"uv": [0, 0, 0.7, 0.5375], "texture": "#6"},
				"west": {"uv": [0, 0, 0.7625, 0.5375], "texture": "#6"},
				"up": {"uv": [0, 0, 0.7, 0.7625], "texture": "#6"},
				"down": {"uv": [0, 0, 0.7, 0.7625], "texture": "#6"}
			}
		},
		{
			"from": [7.65, 9.81361, -4.11887],
			"to": [8.25, 10.08861, 1.40613],
			"rotation": {"angle": 0, "axis": "y", "origin": [8.2, 8.85111, 8.09363]},
			"faces": {
				"north": {"uv": [0, 0, 0.3, 0.1375], "texture": "#1"},
				"east": {"uv": [0, 0, 2.7625, 0.1375], "texture": "#1"},
				"south": {"uv": [0, 0, 0.3, 0.1375], "texture": "#1"},
				"west": {"uv": [0, 0, 2.7625, 0.1375], "texture": "#1"},
				"up": {"uv": [0, 0, 0.3, 2.7625], "texture": "#1"},
				"down": {"uv": [0, 0, 0.3, 2.7625], "texture": "#1"}
			}
		},
		{
			"from": [7.65, 9.41361, -0.61887],
			"to": [8.25, 9.81361, -0.01887],
			"rotation": {"angle": 0, "axis": "y", "origin": [8.2, 8.85111, 8.09363]},
			"faces": {
				"north": {"uv": [0, 0, 0.3, 0.2], "texture": "#6"},
				"east": {"uv": [0, 0, 0.3, 0.2], "texture": "#6"},
				"south": {"uv": [0, 0, 0.3, 0.2], "texture": "#6"},
				"west": {"uv": [0, 0, 0.3, 0.2], "texture": "#6"},
				"up": {"uv": [0, 0, 0.3, 0.3], "texture": "#6"},
				"down": {"uv": [0, 0, 0.3, 0.3], "texture": "#6"}
			}
		},
		{
			"from": [7.45, 7.01361, -4.91887],
			"to": [8.45, 10.21361, -4.11887],
			"rotation": {"angle": 0, "axis": "y", "origin": [8.2, 8.85111, 8.09363]},
			"faces": {
				"north": {"uv": [0, 0, 0.5, 1.6], "texture": "#6"},
				"east": {"uv": [0, 0, 0.4, 1.6], "texture": "#6"},
				"south": {"uv": [0, 0, 0.5, 1.6], "texture": "#6"},
				"west": {"uv": [0, 0, 0.4, 1.6], "texture": "#6"},
				"up": {"uv": [0, 0, 0.5, 0.4], "texture": "#6"},
				"down": {"uv": [0, 0, 0.5, 0.4], "texture": "#6"}
			}
		},
		{
			"from": [7.65, 9.13861, -0.94387],
			"to": [8.25, 9.41361, 1.40613],
			"rotation": {"angle": 0, "axis": "y", "origin": [8.2, 8.85111, 8.09363]},
			"faces": {
				"north": {"uv": [0, 0, 0.3, 0.1375], "texture": "#1"},
				"east": {"uv": [0, 0, 1.175, 0.1375], "texture": "#1"},
				"south": {"uv": [0, 0, 0.3, 0.1375], "texture": "#1"},
				"west": {"uv": [0, 0, 1.175, 0.1375], "texture": "#1"},
				"up": {"uv": [0, 0, 0.3, 1.175], "texture": "#1"},
				"down": {"uv": [0, 0, 0.3, 1.175], "texture": "#1"}
			}
		},
		{
			"from": [7.65, 8.68861, -2.84387],
			"to": [8.25, 8.96361, -0.99387],
			"rotation": {"angle": -22.5, "axis": "x", "origin": [7.95, 9.27611, -2.06887]},
			"faces": {
				"north": {"uv": [0, 0, 0.3, 0.1375], "texture": "#1"},
				"east": {"uv": [0, 0, 0.925, 0.1375], "texture": "#1"},
				"south": {"uv": [0, 0, 0.3, 0.1375], "texture": "#1"},
				"west": {"uv": [0, 0, 0.925, 0.1375], "texture": "#1"},
				"up": {"uv": [0, 0, 0.3, 0.925], "texture": "#1"},
				"down": {"uv": [0, 0, 0.3, 0.925], "texture": "#1"}
			}
		},
		{
			"from": [7.65, 8.08865, -4.03032],
			"to": [8.25, 8.36365, -2.55532],
			"rotation": {"angle": -45, "axis": "x", "origin": [7.95, 8.40115, -3.00532]},
			"faces": {
				"north": {"uv": [0, 0, 0.3, 0.1375], "texture": "#1"},
				"east": {"uv": [0, 0, 0.7375, 0.1375], "texture": "#1"},
				"south": {"uv": [0, 0, 0.3, 0.1375], "texture": "#1"},
				"west": {"uv": [0, 0, 0.7375, 0.1375], "texture": "#1"},
				"up": {"uv": [0, 0, 0.3, 0.7375], "texture": "#1"},
				"down": {"uv": [0, 0, 0.3, 0.7375], "texture": "#1"}
			}
		},
		{
			"from": [7.65, 7.71365, -4.50532],
			"to": [8.25, 7.98865, -3.80532],
			"rotation": {"angle": -22.5, "axis": "x", "origin": [7.95, 8.40115, -3.00532]},
			"faces": {
				"north": {"uv": [0, 0, 0.3, 0.1375], "texture": "#1"},
				"east": {"uv": [0, 0, 0.35, 0.1375], "texture": "#1"},
				"south": {"uv": [0, 0, 0.3, 0.1375], "texture": "#1"},
				"west": {"uv": [0, 0, 0.35, 0.1375], "texture": "#1"},
				"up": {"uv": [0, 0, 0.3, 0.35], "texture": "#1"},
				"down": {"uv": [0, 0, 0.3, 0.35], "texture": "#1"}
			}
		},
		{
			"from": [7.4, 4, 8.725],
			"to": [8.5, 7.525, 10.5],
			"rotation": {"angle": -22.5, "axis": "x", "origin": [1.2, 5, 10]},
			"faces": {
				"north": {"uv": [2.5, 0.5, 13.3875, 15.2625], "texture": "#4"},
				"east": {"uv": [2.5, 0.5, 13.3875, 15.2625], "texture": "#4"},
				"south": {"uv": [2.5, 0.5, 13.3875, 15.2625], "texture": "#4"},
				"west": {"uv": [2.5, 0.5, 13.3875, 15.2625], "texture": "#4"},
				"up": {"uv": [2.5, 0.5, 13.3875, 15.2625], "texture": "#4"},
				"down": {"uv": [2.5, 0.5, 13.3875, 15.2625], "texture": "#4"}
			}
		}
	],
	"display": {
		"thirdperson_righthand": {
			"rotation": [0, 180, 0],
			"translation": [0, -0.5, -1.75],
			"scale": [1, 0.75, 1]
		},
		"thirdperson_lefthand": {
			"rotation": [0, 180, 0],
			"translation": [0, -0.5, -1.75],
			"scale": [1, 0.75, 1]
		},
		"firstperson_righthand": {
			"rotation": [0, 180, 0],
			"translation": [-5.25, 14.5, 5],
			"scale": [0.55, 0.75, 0.75]
		},
		"firstperson_lefthand": {
			"rotation": [0, 180, 0],
			"translation": [-5.25, 100, 5],
			"scale": [0.55, 0.75, 0.75]
		},
		"ground": {
			"rotation": [0, 0, 90]
		},
		"gui": {
			"rotation": [30, -124, 0],
			"translation": [-0.25, 0, 0],
			"scale": [0.74, 0.74, 0.74]
		},
		"head": {
			"rotation": [0, -90, 0],
			"scale": [1.51, 1.51, 1.51]
		},
		"fixed": {
			"rotation": [0, 90, 0],
			"scale": [1.51, 1.51, 1.51]
		}
	}
}