{
	"credit": "Made with Blockbench",
	"texture_size": [32, 32],
	"textures": {
		"0": "block/anvil",
		"1": "block/spruce_planks",
		"2": "block/black_concrete",
		"3": "block/cauldron_inner",
		"5": "block/blast_furnace_top",
		"particle": "block/anvil"
	},
	"elements": [
		{
			"from": [7.6, 6.85, 16.65],
			"to": [8.4, 8.85, 18.2],
			"faces": {
				"north": {"uv": [0, 0, 1.275, 1.5], "texture": "#1"},
				"east": {"uv": [0, 0, 1.275, 1.5], "texture": "#1"},
				"south": {"uv": [0, 0, 1.275, 1.5], "texture": "#1"},
				"west": {"uv": [0, 0, 1.275, 1.5], "texture": "#1"},
				"up": {"uv": [0, 0, 1.275, 1.5], "texture": "#1"},
				"down": {"uv": [0, 0, 1.275, 1.5], "texture": "#1"}
			}
		},
		{
			"from": [7.6, 8.175, 13.475],
			"to": [8.4, 8.85, 16.65],
			"faces": {
				"north": {"uv": [0, 0, 2.0875, 0.8375], "texture": "#1"},
				"east": {"uv": [0, 0, 2.0875, 0.8375], "texture": "#1"},
				"south": {"uv": [0, 0, 2.0875, 0.8375], "texture": "#1"},
				"west": {"uv": [0, 0, 2.0875, 0.8375], "texture": "#1"},
				"up": {"uv": [0, 0, 2.0875, 0.8375], "texture": "#1"},
				"down": {"uv": [0, 0, 2.0875, 0.8375], "texture": "#1"}
			}
		},
		{
			"from": [7.6, 7.625, 13.475],
			"to": [8.4, 8.175, 14.925],
			"faces": {
				"north": {"uv": [0, 0, 1.225, 0.7875], "texture": "#1"},
				"east": {"uv": [0, 0, 1.225, 0.7875], "texture": "#1"},
				"south": {"uv": [0, 0, 1.225, 0.7875], "texture": "#1"},
				"west": {"uv": [0, 0, 1.225, 0.7875], "texture": "#1"},
				"up": {"uv": [0, 0, 1.225, 0.7875], "texture": "#1"},
				"down": {"uv": [0, 0, 1.225, 0.7875], "texture": "#1"}
			}
		},
		{
			"from": [7.575, 8.2625, 12.1375],
			"to": [8.425, 9.0625, 13.1625],
			"rotation": {"angle": 22.5, "axis": "x", "origin": [8, 7.9125, 12.75]},
			"faces": {
				"north": {"uv": [0, 0, 0.9, 1.0125], "rotation": 90, "texture": "#1"},
				"east": {"uv": [0, 0, 0.9, 1.0125], "rotation": 90, "texture": "#1"},
				"south": {"uv": [0, 0, 0.9, 1.0125], "rotation": 90, "texture": "#1"},
				"west": {"uv": [0, 0, 0.9, 1.0125], "rotation": 90, "texture": "#1"},
				"up": {"uv": [0, 0, 0.9, 1.0125], "rotation": 90, "texture": "#1"},
				"down": {"uv": [0, 0, 0.9, 1.0125], "rotation": 90, "texture": "#1"}
			}
		},
		{
			"from": [7.6, 8.84954, 2.20332],
			"to": [8.4, 9.32454, 10.17832],
			"rotation": {"angle": 0, "axis": "x", "origin": [8, 8.62454, 12.99082]},
			"faces": {
				"north": {"uv": [0, 0, 0.7375, 4.4875], "rotation": 90, "texture": "#1"},
				"east": {"uv": [0, 0, 0.7375, 4.4875], "rotation": 90, "texture": "#1"},
				"south": {"uv": [0, 0, 0.7375, 4.4875], "rotation": 90, "texture": "#1"},
				"west": {"uv": [0, 0, 0.7375, 4.4875], "rotation": 90, "texture": "#1"},
				"up": {"uv": [0, 0, 0.7375, 4.4875], "rotation": 90, "texture": "#1"},
				"down": {"uv": [0, 0, 0.7375, 4.4875], "rotation": 90, "texture": "#1"}
			}
		},
		{
			"from": [7.6, 9.32454, 2.20332],
			"to": [8.4, 9.74954, 5.67832],
			"rotation": {"angle": 0, "axis": "x", "origin": [8, 8.62454, 12.99082]},
			"faces": {
				"north": {"uv": [0, 0, 0.7125, 2.2375], "rotation": 90, "texture": "#1"},
				"east": {"uv": [0, 0, 0.7125, 2.2375], "rotation": 90, "texture": "#1"},
				"south": {"uv": [0, 0, 0.7125, 2.2375], "rotation": 90, "texture": "#1"},
				"west": {"uv": [0, 0, 0.7125, 2.2375], "rotation": 90, "texture": "#1"},
				"up": {"uv": [0, 0, 0.7125, 2.2375], "rotation": 90, "texture": "#1"},
				"down": {"uv": [0, 0, 0.7125, 2.2375], "rotation": 90, "texture": "#1"}
			}
		},
		{
			"from": [7.6, 9.32454, 5.67832],
			"to": [8.4, 9.52454, 8.25332],
			"rotation": {"angle": 0, "axis": "x", "origin": [8, 8.62454, 12.99082]},
			"faces": {
				"north": {"uv": [0, 0, 0.6, 1.7875], "rotation": 90, "texture": "#1"},
				"east": {"uv": [0, 0, 0.6, 1.7875], "rotation": 90, "texture": "#1"},
				"south": {"uv": [0, 0, 0.6, 1.7875], "rotation": 90, "texture": "#1"},
				"west": {"uv": [0, 0, 0.6, 1.7875], "rotation": 90, "texture": "#1"},
				"up": {"uv": [0, 0, 0.6, 1.7875], "rotation": 90, "texture": "#1"},
				"down": {"uv": [0, 0, 0.6, 1.7875], "rotation": 90, "texture": "#1"}
			}
		},
		{
			"from": [7.625, 8.92454, 8.80332],
			"to": [8.375, 9.34954, 10.20332],
			"rotation": {"angle": 22.5, "axis": "x", "origin": [8, 8.74954, 8.89082]},
			"faces": {
				"north": {"uv": [0, 0, 0.7125, 1.2], "rotation": 90, "texture": "#1"},
				"east": {"uv": [0, 0, 0.7125, 1.2], "rotation": 90, "texture": "#1"},
				"south": {"uv": [0, 0, 0.7125, 1.2], "rotation": 90, "texture": "#1"},
				"west": {"uv": [0, 0, 0.7125, 1.2], "rotation": 90, "texture": "#1"},
				"up": {"uv": [0, 0, 0.7125, 1.2], "rotation": 90, "texture": "#1"},
				"down": {"uv": [0, 0, 0.7125, 1.2], "rotation": 90, "texture": "#1"}
			}
		},
		{
			"from": [7.8, 6.73565, 8.80498],
			"to": [8.2, 9.06065, 10.20498],
			"rotation": {"angle": 0, "axis": "x", "origin": [8, 8.87315, 9.60498]},
			"faces": {
				"north": {"uv": [12, 0.5, 13.6625, 1.7], "rotation": 90, "texture": "#3"},
				"east": {"uv": [12, 0.5, 13.6625, 1.7], "rotation": 90, "texture": "#3"},
				"south": {"uv": [12, 0.5, 13.6625, 1.7], "rotation": 90, "texture": "#3"},
				"west": {"uv": [12, 0.5, 13.6625, 1.7], "rotation": 90, "texture": "#3"},
				"up": {"uv": [12, 0.5, 13.6625, 1.7], "rotation": 90, "texture": "#3"},
				"down": {"uv": [12, 0.5, 13.6625, 1.7], "rotation": 90, "texture": "#3"}
			}
		},
		{
			"from": [7.8, 8.24954, 12.10332],
			"to": [8.2, 8.42454, 12.15332],
			"rotation": {"angle": 0, "axis": "x", "origin": [8, 8.62454, 12.99082]},
			"faces": {
				"north": {"uv": [0, 0, 0.7, 0.5875], "texture": "#0"},
				"east": {"uv": [0, 0, 0.7, 0.5875], "texture": "#0"},
				"south": {"uv": [0, 0, 0.7, 0.5875], "texture": "#0"},
				"west": {"uv": [0, 0, 0.7, 0.5875], "texture": "#0"},
				"up": {"uv": [0, 0, 0.7, 0.5875], "texture": "#0"},
				"down": {"uv": [0, 0, 0.7, 0.5875], "texture": "#0"}
			}
		},
		{
			"from": [7.925, 8.17454, 11.77832],
			"to": [8.075, 8.42454, 11.82832],
			"rotation": {"angle": -22.5, "axis": "x", "origin": [8, 8.33704, 11.72832]},
			"faces": {
				"north": {"uv": [0, 0, 0.575, 0.625], "texture": "#0"},
				"east": {"uv": [0, 0, 0.575, 0.625], "texture": "#0"},
				"south": {"uv": [0, 0, 0.575, 0.625], "texture": "#0"},
				"west": {"uv": [0, 0, 0.575, 0.625], "texture": "#0"},
				"up": {"uv": [0, 0, 0.575, 0.625], "texture": "#0"},
				"down": {"uv": [0, 0, 0.575, 0.625], "texture": "#0"}
			}
		},
		{
			"from": [7.925, 7.98678, 11.82555],
			"to": [8.075, 8.23678, 11.87555],
			"rotation": {"angle": 22.5, "axis": "x", "origin": [8, 8.18678, 11.82555]},
			"faces": {
				"north": {"uv": [0, 0, 0.575, 0.625], "texture": "#0"},
				"east": {"uv": [0, 0, 0.575, 0.625], "texture": "#0"},
				"south": {"uv": [0, 0, 0.575, 0.625], "texture": "#0"},
				"west": {"uv": [0, 0, 0.575, 0.625], "texture": "#0"},
				"up": {"uv": [0, 0, 0.575, 0.625], "texture": "#0"},
				"down": {"uv": [0, 0, 0.575, 0.625], "texture": "#0"}
			}
		},
		{
			"from": [7.8, 7.94954, 12.12832],
			"to": [8.2, 8.27454, 12.17832],
			"rotation": {"angle": 22.5, "axis": "x", "origin": [8, 8.33704, 12.12832]},
			"faces": {
				"north": {"uv": [0, 0, 0.7, 0.6625], "texture": "#0"},
				"east": {"uv": [0, 0, 0.7, 0.6625], "texture": "#0"},
				"south": {"uv": [0, 0, 0.7, 0.6625], "texture": "#0"},
				"west": {"uv": [0, 0, 0.7, 0.6625], "texture": "#0"},
				"up": {"uv": [0, 0, 0.7, 0.6625], "texture": "#0"},
				"down": {"uv": [0, 0, 0.7, 0.6625], "texture": "#0"}
			}
		},
		{
			"from": [7.8, 7.8321, 12.09031],
			"to": [8.2, 7.9821, 12.14031],
			"rotation": {"angle": 45, "axis": "x", "origin": [8, 8.1196, 12.06531]},
			"faces": {
				"north": {"uv": [0, 0, 0.7, 0.575], "texture": "#0"},
				"east": {"uv": [0, 0, 0.7, 0.575], "texture": "#0"},
				"south": {"uv": [0, 0, 0.7, 0.575], "texture": "#0"},
				"west": {"uv": [0, 0, 0.7, 0.575], "texture": "#0"},
				"up": {"uv": [0, 0, 0.7, 0.575], "texture": "#0"},
				"down": {"uv": [0, 0, 0.7, 0.575], "texture": "#0"}
			}
		},
		{
			"from": [7.8, 7.88399, 11.70041],
			"to": [8.2, 7.93399, 11.90041],
			"rotation": {"angle": -22.5, "axis": "x", "origin": [8, 7.93399, 11.95041]},
			"faces": {
				"north": {"uv": [0, 0, 0.7, 0.525], "texture": "#0"},
				"east": {"uv": [0, 0, 0.7, 0.525], "texture": "#0"},
				"south": {"uv": [0, 0, 0.7, 0.525], "texture": "#0"},
				"west": {"uv": [0, 0, 0.7, 0.525], "texture": "#0"},
				"up": {"uv": [0, 0, 0.7, 0.525], "texture": "#0"},
				"down": {"uv": [0, 0, 0.7, 0.525], "texture": "#0"}
			}
		},
		{
			"from": [7.8, 7.80349, 11.54639],
			"to": [8.2, 7.85349, 11.74639],
			"rotation": {"angle": 0, "axis": "x", "origin": [8, 7.85349, 11.82139]},
			"faces": {
				"north": {"uv": [0, 0, 0.7, 0.525], "texture": "#0"},
				"east": {"uv": [0, 0, 0.7, 0.525], "texture": "#0"},
				"south": {"uv": [0, 0, 0.7, 0.525], "texture": "#0"},
				"west": {"uv": [0, 0, 0.7, 0.525], "texture": "#0"},
				"up": {"uv": [0, 0, 0.7, 0.525], "texture": "#0"},
				"down": {"uv": [0, 0, 0.7, 0.525], "texture": "#0"}
			}
		},
		{
			"from": [7.8, 7.85349, 11.34639],
			"to": [8.2, 7.90349, 11.54639],
			"rotation": {"angle": 22.5, "axis": "x", "origin": [8, 7.82849, 11.44639]},
			"faces": {
				"north": {"uv": [0, 0, 0.7, 0.525], "texture": "#0"},
				"east": {"uv": [0, 0, 0.7, 0.525], "texture": "#0"},
				"south": {"uv": [0, 0, 0.7, 0.525], "texture": "#0"},
				"west": {"uv": [0, 0, 0.7, 0.525], "texture": "#0"},
				"up": {"uv": [0, 0, 0.7, 0.525], "texture": "#0"},
				"down": {"uv": [0, 0, 0.7, 0.525], "texture": "#0"}
			}
		},
		{
			"from": [7.8, 7.82468, 11.19053],
			"to": [8.2, 7.87468, 11.39053],
			"rotation": {"angle": 45, "axis": "x", "origin": [8, 7.87468, 11.46553]},
			"faces": {
				"north": {"uv": [0, 0, 0.7, 0.525], "texture": "#0"},
				"east": {"uv": [0, 0, 0.7, 0.525], "texture": "#0"},
				"south": {"uv": [0, 0, 0.7, 0.525], "texture": "#0"},
				"west": {"uv": [0, 0, 0.7, 0.525], "texture": "#0"},
				"up": {"uv": [0, 0, 0.7, 0.525], "texture": "#0"},
				"down": {"uv": [0, 0, 0.7, 0.525], "texture": "#0"}
			}
		},
		{
			"from": [7.7, 8.02468, 11.06553],
			"to": [8.3, 8.42468, 11.26553],
			"rotation": {"angle": 0, "axis": "x", "origin": [8, 7.87468, 11.46553]},
			"faces": {
				"north": {"uv": [0, 0, 0.8, 0.7], "texture": "#0"},
				"east": {"uv": [0, 0, 0.8, 0.7], "texture": "#0"},
				"south": {"uv": [0, 0, 0.8, 0.7], "texture": "#0"},
				"west": {"uv": [0, 0, 0.8, 0.7], "texture": "#0"},
				"up": {"uv": [0, 0, 0.8, 0.7], "texture": "#0"},
				"down": {"uv": [0, 0, 0.8, 0.7], "texture": "#0"}
			}
		},
		{
			"from": [7.6, 8.42454, 10.17832],
			"to": [8.4, 9.32454, 12.62832],
			"rotation": {"angle": 0, "axis": "x", "origin": [8, 8.62454, 12.99082]},
			"faces": {
				"north": {"uv": [0, 0, 0.95, 1.725], "rotation": 90, "texture": "#1"},
				"east": {"uv": [0, 0, 0.95, 1.725], "rotation": 90, "texture": "#1"},
				"south": {"uv": [0, 0, 0.95, 1.725], "rotation": 90, "texture": "#1"},
				"west": {"uv": [0, 0, 0.95, 1.725], "rotation": 90, "texture": "#1"},
				"up": {"uv": [0, 0, 0.95, 1.725], "rotation": 90, "texture": "#1"},
				"down": {"uv": [0, 0, 0.95, 1.725], "rotation": 90, "texture": "#1"}
			}
		},
		{
			"from": [7.6, 9.52454, 5.67832],
			"to": [8.4, 9.72454, 8.25332],
			"rotation": {"angle": 0, "axis": "x", "origin": [8, 8.62454, 12.99082]},
			"faces": {
				"north": {"uv": [0, 0, 0.1, 1.2875], "rotation": 90, "texture": "#0"},
				"east": {"uv": [0, 0, 0.1, 1.2875], "rotation": 90, "texture": "#0"},
				"south": {"uv": [0, 0, 0.1, 1.2875], "rotation": 90, "texture": "#0"},
				"west": {"uv": [0, 0, 0.1, 1.2875], "rotation": 90, "texture": "#0"},
				"up": {"uv": [0, 0, 0.1, 1.2875], "rotation": 90, "texture": "#0"},
				"down": {"uv": [0, 0, 0.1, 1.2875], "rotation": 90, "texture": "#0"}
			}
		},
		{
			"from": [7.6, 8.87454, 1.97832],
			"to": [8.4, 9.99954, 2.20332],
			"rotation": {"angle": 0, "axis": "x", "origin": [8, 8.62454, 12.99082]},
			"faces": {
				"north": {"uv": [0, 0, 0.5625, 0.1125], "rotation": 90, "texture": "#0"},
				"east": {"uv": [0, 0, 0.5625, 0.1125], "rotation": 90, "texture": "#0"},
				"south": {"uv": [0, 0, 0.5625, 0.1125], "rotation": 90, "texture": "#0"},
				"west": {"uv": [0, 0, 0.5625, 0.1125], "rotation": 90, "texture": "#0"},
				"up": {"uv": [0, 0, 0.5625, 0.1125], "rotation": 90, "texture": "#0"},
				"down": {"uv": [0, 0, 0.5625, 0.1125], "rotation": 90, "texture": "#0"}
			}
		},
		{
			"from": [7.9, 9.14954, 0.75332],
			"to": [8.1, 9.84954, 1.27832],
			"rotation": {"angle": 0, "axis": "x", "origin": [8, 8.62454, 12.99082]},
			"faces": {
				"north": {"uv": [0, 0, 0.35, 0.2625], "rotation": 90, "texture": "#0"},
				"east": {"uv": [0, 0, 0.35, 0.2625], "rotation": 90, "texture": "#0"},
				"south": {"uv": [0, 0, 0.35, 0.2625], "rotation": 90, "texture": "#0"},
				"west": {"uv": [0, 0, 0.35, 0.2625], "rotation": 90, "texture": "#0"},
				"up": {"uv": [0, 0, 0.35, 0.2625], "rotation": 90, "texture": "#0"},
				"down": {"uv": [0, 0, 0.35, 0.2625], "rotation": 90, "texture": "#0"}
			}
		},
		{
			"from": [7.9, 9.14954, 1.27832],
			"to": [8.1, 9.44954, 1.75332],
			"rotation": {"angle": 0, "axis": "x", "origin": [8, 8.62454, 12.99082]},
			"faces": {
				"north": {"uv": [0, 0, 0.15, 0.2375], "rotation": 90, "texture": "#0"},
				"east": {"uv": [0, 0, 0.15, 0.2375], "rotation": 90, "texture": "#0"},
				"south": {"uv": [0, 0, 0.15, 0.2375], "rotation": 90, "texture": "#0"},
				"west": {"uv": [0, 0, 0.15, 0.2375], "rotation": 90, "texture": "#0"},
				"up": {"uv": [0, 0, 0.15, 0.2375], "rotation": 90, "texture": "#0"},
				"down": {"uv": [0, 0, 0.15, 0.2375], "rotation": 90, "texture": "#0"}
			}
		},
		{
			"from": [7.925, 9.22454, 0.35332],
			"to": [8.075, 9.37454, 0.75332],
			"rotation": {"angle": 0, "axis": "x", "origin": [8, 8.62454, 12.99082]},
			"faces": {
				"north": {"uv": [0, 0, 0.075, 0.075], "rotation": 180, "texture": "#0"},
				"east": {"uv": [0, 0, 0.075, 0.2], "rotation": 90, "texture": "#0"},
				"south": {"uv": [0, 0, 0.075, 0.075], "texture": "#0"},
				"west": {"uv": [0, 0, 0.075, 0.2], "rotation": 270, "texture": "#0"},
				"up": {"uv": [0, 0, 0.075, 0.2], "texture": "#0"},
				"down": {"uv": [0, 0, 0.075, 0.2], "rotation": 180, "texture": "#0"}
			}
		},
		{
			"from": [7.925, 9.59954, -1.47168],
			"to": [8.075, 9.82454, 0.75332],
			"rotation": {"angle": 0, "axis": "x", "origin": [8, 8.62454, 12.99082]},
			"faces": {
				"north": {"uv": [0, 0, 0.075, 0.1125], "rotation": 180, "texture": "#0"},
				"east": {"uv": [0, 0, 0.1125, 1.1125], "rotation": 90, "texture": "#0"},
				"south": {"uv": [0, 0, 0.075, 0.1125], "texture": "#0"},
				"west": {"uv": [0, 0, 0.1125, 1.1125], "rotation": 270, "texture": "#0"},
				"up": {"uv": [0, 0, 0.075, 1.1125], "texture": "#0"},
				"down": {"uv": [0, 0, 0.075, 1.1125], "rotation": 180, "texture": "#0"}
			}
		},
		{
			"from": [7.9, 9.57454, -3.57168],
			"to": [8.1, 9.84954, -1.47168],
			"rotation": {"angle": 0, "axis": "x", "origin": [8, 8.62454, 12.99082]},
			"faces": {
				"north": {"uv": [0, 0, 0.1, 0.1375], "rotation": 180, "texture": "#0"},
				"east": {"uv": [0, 0, 0.1375, 1.05], "rotation": 90, "texture": "#0"},
				"south": {"uv": [0, 0, 0.1, 0.1375], "texture": "#0"},
				"west": {"uv": [0, 0, 0.1375, 1.05], "rotation": 270, "texture": "#0"},
				"up": {"uv": [0, 0, 0.1, 1.05], "texture": "#0"},
				"down": {"uv": [0, 0, 0.1, 1.05], "rotation": 180, "texture": "#0"}
			}
		},
		{
			"from": [7.95, 9.64954, -3.59668],
			"to": [8.05, 9.77454, -1.52168],
			"rotation": {"angle": 0, "axis": "x", "origin": [8, 8.62454, 12.99082]},
			"faces": {
				"north": {"uv": [0, 0, 0.1, 0.1375], "rotation": 180, "texture": "#2"},
				"east": {"uv": [0, 0, 0.1375, 1.05], "rotation": 90, "texture": "#2"},
				"south": {"uv": [0, 0, 0.1, 0.1375], "texture": "#2"},
				"west": {"uv": [0, 0, 0.1375, 1.05], "rotation": 270, "texture": "#2"},
				"up": {"uv": [0, 0, 0.1, 1.05], "texture": "#2"},
				"down": {"uv": [0, 0, 0.1, 1.05], "rotation": 180, "texture": "#2"}
			}
		},
		{
			"from": [7.9, 9.84954, -2.04668],
			"to": [7.95, 10.14954, -1.74668],
			"rotation": {"angle": 0, "axis": "x", "origin": [8, 8.62454, 12.99082]},
			"faces": {
				"north": {"uv": [0, 0, 0.025, 0.15], "rotation": 180, "texture": "#0"},
				"east": {"uv": [0, 0, 0.15, 0.15], "rotation": 90, "texture": "#0"},
				"south": {"uv": [0, 0, 0.025, 0.15], "texture": "#0"},
				"west": {"uv": [0, 0, 0.15, 0.15], "rotation": 270, "texture": "#0"},
				"up": {"uv": [0, 0, 0.025, 0.15], "texture": "#0"},
				"down": {"uv": [0, 0, 0.025, 0.15], "rotation": 180, "texture": "#0"}
			}
		},
		{
			"from": [8.05, 9.84954, -2.04668],
			"to": [8.1, 10.14954, -1.74668],
			"rotation": {"angle": 0, "axis": "x", "origin": [8, 8.62454, 12.99082]},
			"faces": {
				"north": {"uv": [0, 0, 0.025, 0.15], "rotation": 180, "texture": "#0"},
				"east": {"uv": [0, 0, 0.15, 0.15], "rotation": 90, "texture": "#0"},
				"south": {"uv": [0, 0, 0.025, 0.15], "texture": "#0"},
				"west": {"uv": [0, 0, 0.15, 0.15], "rotation": 270, "texture": "#0"},
				"up": {"uv": [0, 0, 0.025, 0.15], "texture": "#0"},
				"down": {"uv": [0, 0, 0.025, 0.15], "rotation": 180, "texture": "#0"}
			}
		},
		{
			"from": [7.975, 9.84954, -2.04668],
			"to": [8.025, 10.04954, -1.74668],
			"rotation": {"angle": 0, "axis": "x", "origin": [8, 8.62454, 12.99082]},
			"faces": {
				"north": {"uv": [0, 0, 0.025, 0.1], "rotation": 180, "texture": "#0"},
				"east": {"uv": [0, 0, 0.1, 0.15], "rotation": 90, "texture": "#0"},
				"south": {"uv": [0, 0, 0.025, 0.1], "texture": "#0"},
				"west": {"uv": [0, 0, 0.1, 0.15], "rotation": 270, "texture": "#0"},
				"up": {"uv": [0, 0, 0.025, 0.15], "texture": "#0"},
				"down": {"uv": [0, 0, 0.025, 0.15], "rotation": 180, "texture": "#0"}
			}
		},
		{
			"from": [7.9, 9.54954, 1.27832],
			"to": [8.1, 9.84954, 1.75332],
			"rotation": {"angle": 0, "axis": "x", "origin": [8, 8.62454, 12.99082]},
			"faces": {
				"north": {"uv": [0, 0, 0.15, 0.2375], "rotation": 90, "texture": "#0"},
				"east": {"uv": [0, 0, 0.15, 0.2375], "rotation": 90, "texture": "#0"},
				"south": {"uv": [0, 0, 0.15, 0.2375], "rotation": 90, "texture": "#0"},
				"west": {"uv": [0, 0, 0.15, 0.2375], "rotation": 90, "texture": "#0"},
				"up": {"uv": [0, 0, 0.15, 0.2375], "rotation": 90, "texture": "#0"},
				"down": {"uv": [0, 0, 0.15, 0.2375], "rotation": 90, "texture": "#0"}
			}
		},
		{
			"from": [7.9, 9.14954, 1.75332],
			"to": [8.1, 9.84954, 1.97832],
			"rotation": {"angle": 0, "axis": "x", "origin": [8, 8.62454, 12.99082]},
			"faces": {
				"north": {"uv": [0, 0, 0.35, 0.1125], "rotation": 90, "texture": "#0"},
				"east": {"uv": [0, 0, 0.35, 0.1125], "rotation": 90, "texture": "#0"},
				"south": {"uv": [0, 0, 0.35, 0.1125], "rotation": 90, "texture": "#0"},
				"west": {"uv": [0, 0, 0.35, 0.1125], "rotation": 90, "texture": "#0"},
				"up": {"uv": [0, 0, 0.35, 0.1125], "rotation": 90, "texture": "#0"},
				"down": {"uv": [0, 0, 0.35, 0.1125], "rotation": 90, "texture": "#0"}
			}
		},
		{
			"from": [7.6, 9.87454, 2.20332],
			"to": [8.4, 9.99954, 7.97832],
			"rotation": {"angle": 0, "axis": "x", "origin": [8, 8.62454, 12.99082]},
			"faces": {
				"north": {"uv": [0, 0, 0.0625, 2.8875], "rotation": 90, "texture": "#0"},
				"east": {"uv": [0, 0, 0.0625, 2.8875], "rotation": 90, "texture": "#0"},
				"south": {"uv": [0, 0, 0.0625, 2.8875], "rotation": 90, "texture": "#0"},
				"west": {"uv": [0, 0, 0.0625, 2.8875], "rotation": 90, "texture": "#0"},
				"up": {"uv": [0, 0, 0.0625, 2.8875], "rotation": 90, "texture": "#0"},
				"down": {"uv": [0, 0, 0.0625, 2.8875], "rotation": 90, "texture": "#0"}
			}
		},
		{
			"from": [7.6, 9.72454, 6.95332],
			"to": [8.4, 9.87454, 7.02832],
			"rotation": {"angle": 0, "axis": "x", "origin": [8, 8.62454, 12.99082]},
			"faces": {
				"north": {"uv": [0, 0, 0.075, 0.0375], "rotation": 90, "texture": "#0"},
				"east": {"uv": [0, 0, 0.075, 0.0375], "rotation": 90, "texture": "#0"},
				"south": {"uv": [0, 0, 0.075, 0.0375], "rotation": 90, "texture": "#0"},
				"west": {"uv": [0, 0, 0.075, 0.0375], "rotation": 90, "texture": "#0"},
				"up": {"uv": [0, 0, 0.075, 0.0375], "rotation": 90, "texture": "#0"},
				"down": {"uv": [0, 0, 0.075, 0.0375], "rotation": 90, "texture": "#0"}
			}
		},
		{
			"from": [7.6, 9.72454, 5.95332],
			"to": [8.4, 9.87454, 6.02832],
			"rotation": {"angle": 0, "axis": "x", "origin": [8, 8.62454, 12.99082]},
			"faces": {
				"north": {"uv": [0, 0, 0.075, 0.0375], "rotation": 90, "texture": "#0"},
				"east": {"uv": [0, 0, 0.075, 0.0375], "rotation": 90, "texture": "#0"},
				"south": {"uv": [0, 0, 0.075, 0.0375], "rotation": 90, "texture": "#0"},
				"west": {"uv": [0, 0, 0.075, 0.0375], "rotation": 90, "texture": "#0"},
				"up": {"uv": [0, 0, 0.075, 0.0375], "rotation": 90, "texture": "#0"},
				"down": {"uv": [0, 0, 0.075, 0.0375], "rotation": 90, "texture": "#0"}
			}
		},
		{
			"from": [7.6, 9.74954, 4.95332],
			"to": [8.4, 9.87454, 5.02832],
			"rotation": {"angle": 0, "axis": "x", "origin": [8, 8.62454, 12.99082]},
			"faces": {
				"north": {"uv": [0, 0, 0.0625, 0.0375], "rotation": 90, "texture": "#0"},
				"east": {"uv": [0, 0, 0.0625, 0.0375], "rotation": 90, "texture": "#0"},
				"south": {"uv": [0, 0, 0.0625, 0.0375], "rotation": 90, "texture": "#0"},
				"west": {"uv": [0, 0, 0.0625, 0.0375], "rotation": 90, "texture": "#0"},
				"up": {"uv": [0, 0, 0.0625, 0.0375], "rotation": 90, "texture": "#0"},
				"down": {"uv": [0, 0, 0.0625, 0.0375], "rotation": 90, "texture": "#0"}
			}
		},
		{
			"from": [7.6, 9.74954, 3.95332],
			"to": [8.4, 9.87454, 4.02832],
			"rotation": {"angle": 0, "axis": "x", "origin": [8, 8.62454, 12.99082]},
			"faces": {
				"north": {"uv": [0, 0, 0.0625, 0.0375], "rotation": 90, "texture": "#0"},
				"east": {"uv": [0, 0, 0.0625, 0.0375], "rotation": 90, "texture": "#0"},
				"south": {"uv": [0, 0, 0.0625, 0.0375], "rotation": 90, "texture": "#0"},
				"west": {"uv": [0, 0, 0.0625, 0.0375], "rotation": 90, "texture": "#0"},
				"up": {"uv": [0, 0, 0.0625, 0.0375], "rotation": 90, "texture": "#0"},
				"down": {"uv": [0, 0, 0.0625, 0.0375], "rotation": 90, "texture": "#0"}
			}
		},
		{
			"from": [7.6, 9.74954, 2.95332],
			"to": [8.4, 9.87454, 3.02832],
			"rotation": {"angle": 0, "axis": "x", "origin": [8, 8.62454, 12.99082]},
			"faces": {
				"north": {"uv": [0, 0, 0.0625, 0.0375], "rotation": 90, "texture": "#0"},
				"east": {"uv": [0, 0, 0.0625, 0.0375], "rotation": 90, "texture": "#0"},
				"south": {"uv": [0, 0, 0.0625, 0.0375], "rotation": 90, "texture": "#0"},
				"west": {"uv": [0, 0, 0.0625, 0.0375], "rotation": 90, "texture": "#0"},
				"up": {"uv": [0, 0, 0.0625, 0.0375], "rotation": 90, "texture": "#0"},
				"down": {"uv": [0, 0, 0.0625, 0.0375], "rotation": 90, "texture": "#0"}
			}
		},
		{
			"from": [7.6, 9.32454, 8.25332],
			"to": [8.4, 9.72454, 12.37832],
			"rotation": {"angle": 0, "axis": "x", "origin": [8, 8.62454, 12.99082]},
			"faces": {
				"north": {"uv": [0, 0, 0.2, 2.0625], "rotation": 90, "texture": "#0"},
				"east": {"uv": [0, 0, 0.2, 2.0625], "rotation": 90, "texture": "#0"},
				"south": {"uv": [0, 0, 0.2, 2.0625], "rotation": 90, "texture": "#0"},
				"west": {"uv": [0, 0, 0.2, 2.0625], "rotation": 90, "texture": "#0"},
				"up": {"uv": [0, 0, 0.2, 2.0625], "rotation": 90, "texture": "#0"},
				"down": {"uv": [0, 0, 0.2, 2.0625], "rotation": 90, "texture": "#0"}
			}
		},
		{
			"from": [8.375, 9.67454, 10.17832],
			"to": [8.55, 9.74954, 10.27832],
			"rotation": {"angle": 0, "axis": "x", "origin": [8, 8.62454, 12.99082]},
			"faces": {
				"north": {"uv": [2.5, 1, 2.9, 3.0625], "texture": "#5"},
				"east": {"uv": [2.5, 1, 2.9, 3.0625], "texture": "#5"},
				"south": {"uv": [2.5, 1, 2.9, 3.0625], "texture": "#5"},
				"west": {"uv": [2.5, 1, 2.9, 3.0625], "texture": "#5"},
				"up": {"uv": [2.5, 1, 2.9, 3.0625], "texture": "#5"},
				"down": {"uv": [2.5, 1, 2.9, 3.0625], "texture": "#5"}
			}
		},
		{
			"from": [7.6, 9.72454, 10.67832],
			"to": [8.4, 9.79954, 11.57832],
			"rotation": {"angle": 0, "axis": "x", "origin": [8, 8.62454, 12.99082]},
			"faces": {
				"north": {"uv": [0, 0, 0.0375, 1.8], "rotation": 90, "texture": "#0"},
				"east": {"uv": [0, 0, 0.0375, 1.8], "rotation": 90, "texture": "#0"},
				"south": {"uv": [0, 0, 0.0375, 1.8], "rotation": 90, "texture": "#0"},
				"west": {"uv": [0, 0, 0.0375, 1.8], "rotation": 90, "texture": "#0"},
				"up": {"uv": [0, 0, 0.0375, 1.8], "rotation": 90, "texture": "#0"},
				"down": {"uv": [0, 0, 0.0375, 1.8], "rotation": 90, "texture": "#0"}
			}
		},
		{
			"from": [7.625, 9.72454, 10.00332],
			"to": [8.375, 9.74954, 10.65332],
			"rotation": {"angle": 0, "axis": "x", "origin": [8, 8.62454, 12.99082]},
			"faces": {
				"north": {"uv": [2.5, 1, 2.9, 2.8], "texture": "#5"},
				"east": {"uv": [2.5, 1, 2.9, 2.8], "texture": "#5"},
				"south": {"uv": [2.5, 1, 2.9, 2.8], "texture": "#5"},
				"west": {"uv": [2.5, 1, 2.9, 2.8], "texture": "#5"},
				"up": {"uv": [2.5, 1, 2.9, 2.8], "texture": "#5"},
				"down": {"uv": [2.5, 1, 2.9, 2.8], "texture": "#5"}
			}
		},
		{
			"from": [7.6, 9.72454, 7.97832],
			"to": [8.4, 9.79954, 9.97832],
			"rotation": {"angle": 0, "axis": "x", "origin": [8, 8.62454, 12.99082]},
			"faces": {
				"north": {"uv": [0, 0, 0.0375, 1.8], "rotation": 90, "texture": "#0"},
				"east": {"uv": [0, 0, 0.0375, 1.8], "rotation": 90, "texture": "#0"},
				"south": {"uv": [0, 0, 0.0375, 1.8], "rotation": 90, "texture": "#0"},
				"west": {"uv": [0, 0, 0.0375, 1.8], "rotation": 90, "texture": "#0"},
				"up": {"uv": [0, 0, 0.0375, 1.8], "rotation": 90, "texture": "#0"},
				"down": {"uv": [0, 0, 0.0375, 1.8], "rotation": 90, "texture": "#0"}
			}
		},
		{
			"from": [7.7, 9.69954, 11.57832],
			"to": [7.775, 10.14954, 12.07832],
			"rotation": {"angle": 0, "axis": "x", "origin": [8, 8.62454, 12.99082]},
			"faces": {
				"north": {"uv": [0, 0, 0.0375, 0.175], "rotation": 180, "texture": "#0"},
				"east": {"uv": [0, 0, 0.175, 0.6125], "rotation": 90, "texture": "#0"},
				"south": {"uv": [0, 0, 0.0375, 0.175], "texture": "#0"},
				"west": {"uv": [0, 0, 0.175, 0.6125], "rotation": 270, "texture": "#0"},
				"up": {"uv": [0, 0, 0.0375, 0.6125], "texture": "#0"},
				"down": {"uv": [0, 0, 0.0375, 0.6125], "rotation": 180, "texture": "#0"}
			}
		},
		{
			"from": [8.225, 9.69954, 11.57832],
			"to": [8.3, 10.14954, 12.07832],
			"rotation": {"angle": 0, "axis": "x", "origin": [8, 8.62454, 12.99082]},
			"faces": {
				"north": {"uv": [0, 0, 0.0375, 0.175], "rotation": 180, "texture": "#0"},
				"east": {"uv": [0, 0, 0.175, 0.6125], "rotation": 90, "texture": "#0"},
				"south": {"uv": [0, 0, 0.0375, 0.175], "texture": "#0"},
				"west": {"uv": [0, 0, 0.175, 0.6125], "rotation": 270, "texture": "#0"},
				"up": {"uv": [0, 0, 0.0375, 0.6125], "texture": "#0"},
				"down": {"uv": [0, 0, 0.0375, 0.6125], "rotation": 180, "texture": "#0"}
			}
		},
		{
			"from": [7.95, 9.69954, 11.77832],
			"to": [8.05, 9.97454, 11.87832],
			"rotation": {"angle": 0, "axis": "x", "origin": [8, 8.62454, 12.99082]},
			"faces": {
				"north": {"uv": [0, 0, 0.05, 0.0875], "rotation": 180, "texture": "#0"},
				"east": {"uv": [0, 0, 0.0875, 0.6125], "rotation": 90, "texture": "#0"},
				"south": {"uv": [0, 0, 0.05, 0.0875], "texture": "#0"},
				"west": {"uv": [0, 0, 0.0875, 0.6125], "rotation": 270, "texture": "#0"},
				"up": {"uv": [0, 0, 0.05, 0.6125], "texture": "#0"},
				"down": {"uv": [0, 0, 0.05, 0.6125], "rotation": 180, "texture": "#0"}
			}
		},
		{
			"from": [7.95, 10.09954, 11.77832],
			"to": [8.05, 10.14954, 11.87832],
			"rotation": {"angle": 0, "axis": "x", "origin": [8, 8.62454, 12.99082]},
			"faces": {
				"north": {"uv": [0, 0, 0.05, 0.025], "rotation": 180, "texture": "#0"},
				"east": {"uv": [0, 0, 0.025, 0.6125], "rotation": 90, "texture": "#0"},
				"south": {"uv": [0, 0, 0.05, 0.025], "texture": "#0"},
				"west": {"uv": [0, 0, 0.025, 0.6125], "rotation": 270, "texture": "#0"},
				"up": {"uv": [0, 0, 0.05, 0.6125], "texture": "#0"},
				"down": {"uv": [0, 0, 0.05, 0.6125], "rotation": 180, "texture": "#0"}
			}
		},
		{
			"from": [7.9, 9.92454, 11.77832],
			"to": [7.95, 10.14954, 11.87832],
			"rotation": {"angle": 0, "axis": "x", "origin": [8, 8.62454, 12.99082]},
			"faces": {
				"north": {"uv": [0, 0, 0.025, 0.1125], "rotation": 180, "texture": "#0"},
				"east": {"uv": [0, 0, 0.1125, 0.6125], "rotation": 90, "texture": "#0"},
				"south": {"uv": [0, 0, 0.025, 0.1125], "texture": "#0"},
				"west": {"uv": [0, 0, 0.1125, 0.6125], "rotation": 270, "texture": "#0"},
				"up": {"uv": [0, 0, 0.025, 0.6125], "texture": "#0"},
				"down": {"uv": [0, 0, 0.025, 0.6125], "rotation": 180, "texture": "#0"}
			}
		},
		{
			"from": [8.05, 9.92454, 11.77832],
			"to": [8.1, 10.14954, 11.87832],
			"rotation": {"angle": 0, "axis": "x", "origin": [8, 8.62454, 12.99082]},
			"faces": {
				"north": {"uv": [0, 0, 0.025, 0.1125], "rotation": 180, "texture": "#0"},
				"east": {"uv": [0, 0, 0.1125, 0.6125], "rotation": 90, "texture": "#0"},
				"south": {"uv": [0, 0, 0.025, 0.1125], "texture": "#0"},
				"west": {"uv": [0, 0, 0.1125, 0.6125], "rotation": 270, "texture": "#0"},
				"up": {"uv": [0, 0, 0.025, 0.6125], "texture": "#0"},
				"down": {"uv": [0, 0, 0.025, 0.6125], "rotation": 180, "texture": "#0"}
			}
		},
		{
			"from": [7.6, 9.79954, 7.97832],
			"to": [8.4, 9.99954, 9.55332],
			"rotation": {"angle": 0, "axis": "x", "origin": [8, 8.62454, 12.99082]},
			"faces": {
				"north": {"uv": [0, 0, 0.1, 0.7875], "rotation": 90, "texture": "#0"},
				"east": {"uv": [0, 0, 0.1, 0.7875], "rotation": 90, "texture": "#0"},
				"south": {"uv": [0, 0, 0.1, 0.7875], "rotation": 90, "texture": "#0"},
				"west": {"uv": [0, 0, 0.1, 0.7875], "rotation": 90, "texture": "#0"},
				"up": {"uv": [0, 0, 0.1, 0.7875], "rotation": 90, "texture": "#0"},
				"down": {"uv": [0, 0, 0.1, 0.7875], "rotation": 90, "texture": "#0"}
			}
		},
		{
			"from": [7.625, 7.61791, 13.16201],
			"to": [8.375, 8.51791, 13.56201],
			"rotation": {"angle": -22.5, "axis": "x", "origin": [8, 8.33041, 13.31201]},
			"faces": {
				"north": {"uv": [0, 0, 0.7, 0.95], "texture": "#1"},
				"east": {"uv": [0, 0, 0.7, 0.95], "texture": "#1"},
				"south": {"uv": [0, 0, 0.7, 0.95], "texture": "#1"},
				"west": {"uv": [0, 0, 0.7, 0.95], "texture": "#1"},
				"up": {"uv": [0, 0, 0.7, 0.95], "texture": "#1"},
				"down": {"uv": [0, 0, 0.7, 0.95], "texture": "#1"}
			}
		},
		{
			"from": [7.625, 6.525, 16.65],
			"to": [8.375, 7.15, 18.075],
			"rotation": {"angle": 22.5, "axis": "x", "origin": [8, 6.65, 17.425]},
			"faces": {
				"north": {"uv": [0, 0, 1.2125, 0.8125], "texture": "#1"},
				"east": {"uv": [0, 0, 1.2125, 0.8125], "texture": "#1"},
				"south": {"uv": [0, 0, 1.2125, 0.8125], "texture": "#1"},
				"west": {"uv": [0, 0, 1.2125, 0.8125], "texture": "#1"},
				"up": {"uv": [0, 0, 1.2125, 0.8125], "texture": "#1"},
				"down": {"uv": [0, 0, 1.2125, 0.8125], "texture": "#1"}
			}
		},
		{
			"from": [7.625, 6.525, 14.525],
			"to": [8.375, 7.825, 16.65],
			"rotation": {"angle": 22.5, "axis": "x", "origin": [8, 6.65, 17.425]},
			"faces": {
				"north": {"uv": [0, 0, 1.5625, 1.15], "texture": "#1"},
				"east": {"uv": [0, 0, 1.5625, 1.15], "texture": "#1"},
				"south": {"uv": [0, 0, 1.5625, 1.15], "texture": "#1"},
				"west": {"uv": [0, 0, 1.5625, 1.15], "texture": "#1"},
				"up": {"uv": [0, 0, 1.5625, 1.15], "texture": "#1"},
				"down": {"uv": [0, 0, 1.5625, 1.15], "texture": "#1"}
			}
		},
		{
			"from": [7.6, 6.28465, 17.97651],
			"to": [8.4, 6.85965, 18.20151],
			"rotation": {"angle": 0, "axis": "x", "origin": [8, 6.84715, 17.43901]},
			"faces": {
				"north": {"uv": [0, 0, 0.6125, 0.7875], "texture": "#1"},
				"east": {"uv": [0, 0, 0.6125, 0.7875], "texture": "#1"},
				"south": {"uv": [0, 0, 0.6125, 0.7875], "texture": "#1"},
				"west": {"uv": [0, 0, 0.6125, 0.7875], "texture": "#1"},
				"up": {"uv": [0, 0, 0.6125, 0.7875], "texture": "#1"},
				"down": {"uv": [0, 0, 0.6125, 0.7875], "texture": "#1"}
			}
		},
		{
			"from": [7.6, 6.275, 18.2],
			"to": [8.4, 8.85, 18.3],
			"faces": {
				"north": {"uv": [0, 0, 0.9, 2.7875], "texture": "#0"},
				"east": {"uv": [0, 0, 0.9, 2.7875], "texture": "#0"},
				"south": {"uv": [0, 0, 0.9, 2.7875], "texture": "#0"},
				"west": {"uv": [0, 0, 0.9, 2.7875], "texture": "#0"},
				"up": {"uv": [0, 0, 0.9, 2.7875], "texture": "#0"},
				"down": {"uv": [0, 0, 0.9, 2.7875], "texture": "#0"}
			}
		}
	],
	"display": {
		"thirdperson_righthand": {
			"translation": [0, -0.25, -4.25],
			"scale": [1.2, 1.2, 1.2]
		},
		"thirdperson_lefthand": {
			"translation": [0, -0.25, -4.25],
			"scale": [1.2, 1.2, 1.2]
		},
		"firstperson_righthand": {
			"translation": [-6.25, 15.25, 5.25],
			"scale": [0.97, 0.97, 0.97]
		},
		"firstperson_lefthand": {
			"translation": [-6.25, 100, 5.25],
			"scale": [0.97, 0.97, 0.97]
		},
		"ground": {
			"rotation": [0, 0, 90]
		},
		"gui": {
			"rotation": [30, 52, 0],
			"translation": [0.25, 0, 0],
			"scale": [0.88, 0.88, 0.88]
		},
		"head": {
			"rotation": [0, 90, 0],
			"translation": [0, 0.25, -1],
			"scale": [2, 2, 2]
		},
		"fixed": {
			"rotation": [0, -90, 0],
			"translation": [-0.75, -1, -1],
			"scale": [1.51, 1.51, 1.51]
		}
	}
}