{
	"credit": "Made with Blockbench",
	"texture_size": [32, 32],
	"textures": {
		"0": "block/anvil",
		"1": "block/black_concrete",
		"4": "block/andesite",
		"5": "block/blackstone_top",
		"7": "block/green_wool",
		"8": "block/gray_concrete",
		"particle": "block/anvil"
	},
	"elements": [
		{
			"from": [7.325, 7, -3.9],
			"to": [8.65, 9.4, -2.2],
			"faces": {
				"north": {"uv": [0, 0, 0.6625, 1.2], "texture": "#8"},
				"east": {"uv": [0, 0, 0.85, 1.2], "texture": "#8"},
				"south": {"uv": [0, 0, 0.6625, 1.2], "texture": "#8"},
				"west": {"uv": [0, 0, 0.85, 1.2], "texture": "#8"},
				"up": {"uv": [0, 0, 0.6625, 0.85], "texture": "#8"},
				"down": {"uv": [0, 0, 0.6625, 0.85], "texture": "#8"}
			}
		},
		{
			"from": [7.3, 9.075, -2.2],
			"to": [8.7, 9.4, 2.5],
			"faces": {
				"north": {"uv": [0, 0, 0.7, 0.1625], "texture": "#8"},
				"east": {"uv": [0, 0, 2.35, 0.1625], "texture": "#8"},
				"south": {"uv": [0, 0, 0.7, 0.1625], "texture": "#8"},
				"west": {"uv": [0, 0, 2.35, 0.1625], "texture": "#8"},
				"up": {"uv": [0, 0, 0.7, 2.35], "texture": "#8"},
				"down": {"uv": [0, 0, 0.7, 2.35], "texture": "#8"}
			}
		},
		{
			"from": [7.3, 9.4, 1.75],
			"to": [8.7, 9.725, 4.75],
			"faces": {
				"north": {"uv": [0, 0, 0.7, 0.1625], "texture": "#8"},
				"east": {"uv": [0, 0, 1.5, 0.1625], "texture": "#8"},
				"south": {"uv": [0, 0, 0.7, 0.1625], "texture": "#8"},
				"west": {"uv": [0, 0, 1.5, 0.1625], "texture": "#8"},
				"up": {"uv": [0, 0, 0.7, 1.5], "texture": "#8"},
				"down": {"uv": [0, 0, 0.7, 1.5], "texture": "#8"}
			}
		},
		{
			"from": [7.4, 10, 0.575],
			"to": [8.6, 10.3, 1.925],
			"rotation": {"angle": -22.5, "axis": "x", "origin": [8, 9.5625, 3.25]},
			"faces": {
				"north": {"uv": [0, 0, 0.6, 0.15], "texture": "#8"},
				"east": {"uv": [0, 0, 0.675, 0.15], "texture": "#8"},
				"south": {"uv": [0, 0, 0.6, 0.15], "texture": "#8"},
				"west": {"uv": [0, 0, 0.675, 0.15], "texture": "#8"},
				"up": {"uv": [0, 0, 0.6, 0.675], "texture": "#8"},
				"down": {"uv": [0, 0, 0.6, 0.675], "texture": "#8"}
			}
		},
		{
			"from": [7.35, 7.675, -2.2],
			"to": [8.625, 9.1, -1.2],
			"faces": {
				"north": {"uv": [0, 0, 0.6375, 0.7125], "texture": "#8"},
				"east": {"uv": [0, 0, 0.5, 0.7125], "texture": "#8"},
				"south": {"uv": [0, 0, 0.6375, 0.7125], "texture": "#8"},
				"west": {"uv": [0, 0, 0.5, 0.7125], "texture": "#8"},
				"up": {"uv": [0, 0, 0.6375, 0.5], "texture": "#8"},
				"down": {"uv": [0, 0, 0.6375, 0.5], "texture": "#8"}
			}
		},
		{
			"from": [7.3, 7.675, -1.2],
			"to": [8.7, 9.1, 5.2],
			"faces": {
				"north": {"uv": [0, 0, 0.7, 0.7125], "texture": "#5"},
				"east": {"uv": [0, 0, 3.2, 0.7125], "texture": "#5"},
				"south": {"uv": [0, 0, 0.7, 0.7125], "texture": "#5"},
				"west": {"uv": [0, 0, 3.2, 0.7125], "texture": "#5"},
				"up": {"uv": [0, 0, 0.7, 3.2], "texture": "#5"},
				"down": {"uv": [0, 0, 0.7, 3.2], "texture": "#5"}
			}
		},
		{
			"from": [7.275, 8.675, 1.5],
			"to": [7.3, 9.1, 3.6],
			"faces": {
				"north": {"uv": [0, 0, 16, 2.7125], "texture": "#4"},
				"east": {"uv": [0, 0, 16, 2.7125], "texture": "#4"},
				"south": {"uv": [0, 0, 16, 2.7125], "texture": "#4"},
				"west": {"uv": [0, 0, 16, 2.7125], "texture": "#4"},
				"up": {"uv": [0, 0, 16, 2.7125], "texture": "#4"},
				"down": {"uv": [0, 0, 16, 2.7125], "texture": "#4"}
			}
		},
		{
			"from": [7.275, 8.675, -0.6],
			"to": [7.3, 8.925, 1.5],
			"faces": {
				"north": {"uv": [0, 0, 16, 2.625], "texture": "#4"},
				"east": {"uv": [0, 0, 16, 2.625], "texture": "#4"},
				"south": {"uv": [0, 0, 16, 2.625], "texture": "#4"},
				"west": {"uv": [0, 0, 16, 2.625], "texture": "#4"},
				"up": {"uv": [0, 0, 16, 2.625], "texture": "#4"},
				"down": {"uv": [0, 0, 16, 2.625], "texture": "#4"}
			}
		},
		{
			"from": [8.8, 7.475, 1.5],
			"to": [9.6, 8.9, 3.7],
			"faces": {
				"north": {"uv": [0, 0, 1.6, 1.2125], "texture": "#7"},
				"east": {"uv": [0, 0, 1.6, 1.2125], "texture": "#7"},
				"south": {"uv": [0, 0, 1.6, 1.2125], "texture": "#7"},
				"west": {"uv": [0, 0, 1.6, 1.2125], "texture": "#7"},
				"up": {"uv": [0, 0, 1.6, 1.2125], "texture": "#7"},
				"down": {"uv": [0, 0, 1.6, 1.2125], "texture": "#7"}
			}
		},
		{
			"from": [8.6, 8.775, 2.7],
			"to": [8.9, 8.9, 3.3],
			"rotation": {"angle": -22.5, "axis": "z", "origin": [8.75, 8.8375, 3]},
			"faces": {
				"north": {"uv": [0, 0, 1.15, 1.3], "texture": "#7"},
				"east": {"uv": [0, 0, 1.15, 1.3], "texture": "#7"},
				"south": {"uv": [0, 0, 1.15, 1.3], "texture": "#7"},
				"west": {"uv": [0, 0, 1.15, 1.3], "texture": "#7"},
				"up": {"uv": [0, 0, 1.15, 1.3], "texture": "#7"},
				"down": {"uv": [0, 0, 1.15, 1.3], "texture": "#7"}
			}
		},
		{
			"from": [7.5, 7.175, 1.5],
			"to": [8.5, 7.675, 5.2],
			"faces": {
				"north": {"uv": [0, 0, 0.5, 0.25], "texture": "#5"},
				"east": {"uv": [0, 0, 1.85, 0.25], "texture": "#5"},
				"south": {"uv": [0, 0, 0.5, 0.25], "texture": "#5"},
				"west": {"uv": [0, 0, 1.85, 0.25], "texture": "#5"},
				"up": {"uv": [0, 0, 0.5, 1.85], "texture": "#5"},
				"down": {"uv": [0, 0, 0.5, 1.85], "texture": "#5"}
			}
		},
		{
			"from": [7.5, 6.7, 1.825],
			"to": [8.5, 7.2, 4.45],
			"faces": {
				"north": {"uv": [0, 0, 0.5, 0.25], "texture": "#5"},
				"east": {"uv": [0, 0, 1.3125, 0.25], "texture": "#5"},
				"south": {"uv": [0, 0, 0.5, 0.25], "texture": "#5"},
				"west": {"uv": [0, 0, 1.3125, 0.25], "texture": "#5"},
				"up": {"uv": [0, 0, 0.5, 1.3125], "texture": "#5"},
				"down": {"uv": [0, 0, 0.5, 1.3125], "texture": "#5"}
			}
		},
		{
			"from": [7.8, 6.0875, 3.3875],
			"to": [8.2, 6.9375, 3.5875],
			"rotation": {"angle": 22.5, "axis": "x", "origin": [8, 6.95, 3.1375]},
			"faces": {
				"north": {"uv": [0, 0, 0.2, 0.425], "rotation": 180, "texture": "#0"},
				"east": {"uv": [0, 0, 0.425, 0.1], "rotation": 270, "texture": "#0"},
				"south": {"uv": [0, 0, 0.2, 0.425], "texture": "#0"},
				"west": {"uv": [0, 0, 0.425, 0.1], "rotation": 90, "texture": "#0"},
				"up": {"uv": [0, 0, 0.2, 0.1], "rotation": 180, "texture": "#0"},
				"down": {"uv": [0, 0, 0.2, 0.1], "texture": "#0"}
			}
		},
		{
			"from": [7.9, 6.48215, 3.54692],
			"to": [8.1, 6.88215, 3.64692],
			"rotation": {"angle": -22.5, "axis": "x", "origin": [8, 6.58215, 3.79692]},
			"faces": {
				"north": {"uv": [0, 0, 0.1, 0.2], "rotation": 180, "texture": "#0"},
				"east": {"uv": [0, 0, 0.2, 0.05], "rotation": 270, "texture": "#0"},
				"south": {"uv": [0, 0, 0.1, 0.2], "texture": "#0"},
				"west": {"uv": [0, 0, 0.2, 0.05], "rotation": 90, "texture": "#0"},
				"up": {"uv": [0, 0, 0.1, 0.05], "rotation": 180, "texture": "#0"},
				"down": {"uv": [0, 0, 0.1, 0.05], "texture": "#0"}
			}
		},
		{
			"from": [7.9, 6.273, 3.44888],
			"to": [8.1, 6.448, 3.54888],
			"rotation": {"angle": -45, "axis": "x", "origin": [8, 6.598, 3.57388]},
			"faces": {
				"north": {"uv": [0, 0, 0.1, 0.0875], "rotation": 180, "texture": "#0"},
				"east": {"uv": [0, 0, 0.0875, 0.05], "rotation": 270, "texture": "#0"},
				"south": {"uv": [0, 0, 0.1, 0.0875], "texture": "#0"},
				"west": {"uv": [0, 0, 0.0875, 0.05], "rotation": 90, "texture": "#0"},
				"up": {"uv": [0, 0, 0.1, 0.05], "rotation": 180, "texture": "#0"},
				"down": {"uv": [0, 0, 0.1, 0.05], "texture": "#0"}
			}
		},
		{
			"from": [7.8, 6.6375, 4.0875],
			"to": [8.2, 7.2375, 4.2875],
			"rotation": {"angle": 22.5, "axis": "x", "origin": [8, 6.95, 3.1375]},
			"faces": {
				"north": {"uv": [0, 0, 0.2, 0.3], "rotation": 180, "texture": "#0"},
				"east": {"uv": [0, 0, 0.3, 0.1], "rotation": 270, "texture": "#0"},
				"south": {"uv": [0, 0, 0.2, 0.3], "texture": "#0"},
				"west": {"uv": [0, 0, 0.3, 0.1], "rotation": 90, "texture": "#0"},
				"up": {"uv": [0, 0, 0.2, 0.1], "rotation": 180, "texture": "#0"},
				"down": {"uv": [0, 0, 0.2, 0.1], "texture": "#0"}
			}
		},
		{
			"from": [7.8, 5.93663, 4.10279],
			"to": [8.2, 6.31163, 4.30279],
			"rotation": {"angle": 45, "axis": "x", "origin": [8, 6.53663, 4.10279]},
			"faces": {
				"north": {"uv": [0, 0, 0.2, 0.1875], "rotation": 180, "texture": "#0"},
				"east": {"uv": [0, 0, 0.1875, 0.1], "rotation": 270, "texture": "#0"},
				"south": {"uv": [0, 0, 0.2, 0.1875], "texture": "#0"},
				"west": {"uv": [0, 0, 0.1875, 0.1], "rotation": 90, "texture": "#0"},
				"up": {"uv": [0, 0, 0.2, 0.1], "rotation": 180, "texture": "#0"},
				"down": {"uv": [0, 0, 0.2, 0.1], "texture": "#0"}
			}
		},
		{
			"from": [7.8, 5.97424, 3.09432],
			"to": [8.2, 6.14924, 3.81932],
			"rotation": {"angle": 0, "axis": "y", "origin": [8, 6.17424, 3.88182]},
			"faces": {
				"north": {"uv": [0, 0, 0.2, 0.0875], "rotation": 180, "texture": "#0"},
				"east": {"uv": [0, 0, 0.3625, 0.0875], "rotation": 180, "texture": "#0"},
				"south": {"uv": [0, 0, 0.2, 0.0875], "rotation": 180, "texture": "#0"},
				"west": {"uv": [0, 0, 0.3625, 0.0875], "rotation": 180, "texture": "#0"},
				"up": {"uv": [0, 0, 0.2, 0.3625], "texture": "#0"},
				"down": {"uv": [0, 0, 0.2, 0.3625], "texture": "#0"}
			}
		},
		{
			"from": [7.525, 4.9375, 2.1625],
			"to": [8.475, 6.8875, 3.3875],
			"rotation": {"angle": 22.5, "axis": "x", "origin": [8, 6.95, 3.1375]},
			"faces": {
				"north": {"uv": [0, 0, 0.475, 0.975], "rotation": 180, "texture": "#5"},
				"east": {"uv": [0, 0, 0.975, 0.6125], "rotation": 270, "texture": "#5"},
				"south": {"uv": [0, 0, 0.475, 0.975], "texture": "#5"},
				"west": {"uv": [0, 0, 0.975, 0.6125], "rotation": 90, "texture": "#5"},
				"up": {"uv": [0, 0, 0.475, 0.6125], "rotation": 180, "texture": "#5"},
				"down": {"uv": [0, 0, 0.475, 0.6125], "texture": "#5"}
			}
		},
		{
			"from": [7.5, 7.425, 5.175],
			"to": [8.5, 8.475, 17.125],
			"faces": {
				"north": {"uv": [0, 0, 0.5, 0.525], "texture": "#8"},
				"east": {"uv": [0, 0, 5.975, 0.525], "texture": "#8"},
				"south": {"uv": [0, 0, 0.5, 0.525], "texture": "#8"},
				"west": {"uv": [0, 0, 5.975, 0.525], "texture": "#8"},
				"up": {"uv": [0, 0, 0.5, 5.975], "texture": "#8"},
				"down": {"uv": [0, 0, 0.5, 5.975], "texture": "#8"}
			}
		},
		{
			"from": [7.7, 6.775, 11.05],
			"to": [8.3, 7.425, 11.575],
			"rotation": {"angle": -22.5, "axis": "x", "origin": [8, 7.3, 11.3]},
			"faces": {
				"north": {"uv": [0, 0, 0.3, 0.325], "texture": "#8"},
				"east": {"uv": [0, 0, 0.2625, 0.325], "texture": "#8"},
				"south": {"uv": [0, 0, 0.3, 0.325], "texture": "#8"},
				"west": {"uv": [0, 0, 0.2625, 0.325], "texture": "#8"},
				"up": {"uv": [0, 0, 0.3, 0.2625], "texture": "#8"},
				"down": {"uv": [0, 0, 0.3, 0.2625], "texture": "#8"}
			}
		},
		{
			"from": [7.7, 7.175, 5.175],
			"to": [8.3, 7.425, 11.625],
			"faces": {
				"north": {"uv": [0, 0, 0.3, 0.125], "texture": "#8"},
				"east": {"uv": [0, 0, 3.225, 0.125], "texture": "#8"},
				"south": {"uv": [0, 0, 0.3, 0.125], "texture": "#8"},
				"west": {"uv": [0, 0, 3.225, 0.125], "texture": "#8"},
				"up": {"uv": [0, 0, 0.3, 3.225], "texture": "#8"},
				"down": {"uv": [0, 0, 0.3, 3.225], "texture": "#8"}
			}
		},
		{
			"from": [7.3, 8.475, 5.2],
			"to": [8.7, 9.1, 11.05],
			"faces": {
				"north": {"uv": [0, 0, 0.7, 0.3125], "texture": "#5"},
				"east": {"uv": [0, 0, 2.925, 0.3125], "texture": "#5"},
				"south": {"uv": [0, 0, 0.7, 0.3125], "texture": "#5"},
				"west": {"uv": [0, 0, 2.925, 0.3125], "texture": "#5"},
				"up": {"uv": [0, 0, 0.7, 2.925], "texture": "#5"},
				"down": {"uv": [0, 0, 0.7, 2.925], "texture": "#5"}
			}
		},
		{
			"from": [7.5, 9.1, 10.65],
			"to": [8.5, 9.325, 11.05],
			"faces": {
				"north": {"uv": [0, 0, 0.5, 0.1125], "texture": "#4"},
				"east": {"uv": [0, 0, 0.2, 0.1125], "texture": "#4"},
				"south": {"uv": [0, 0, 0.5, 0.1125], "texture": "#4"},
				"west": {"uv": [0, 0, 0.2, 0.1125], "texture": "#4"},
				"up": {"uv": [0, 0, 0.5, 0.2], "texture": "#4"},
				"down": {"uv": [0, 0, 0.5, 0.2], "texture": "#4"}
			}
		},
		{
			"from": [7.5, 9.1, 9.95],
			"to": [8.5, 9.325, 10.35],
			"faces": {
				"north": {"uv": [0, 0, 0.5, 0.1125], "texture": "#4"},
				"east": {"uv": [0, 0, 0.2, 0.1125], "texture": "#4"},
				"south": {"uv": [0, 0, 0.5, 0.1125], "texture": "#4"},
				"west": {"uv": [0, 0, 0.2, 0.1125], "texture": "#4"},
				"up": {"uv": [0, 0, 0.5, 0.2], "texture": "#4"},
				"down": {"uv": [0, 0, 0.5, 0.2], "texture": "#4"}
			}
		},
		{
			"from": [7.5, 9.1, 9.15],
			"to": [8.5, 9.325, 9.55],
			"faces": {
				"north": {"uv": [0, 0, 0.5, 0.1125], "texture": "#4"},
				"east": {"uv": [0, 0, 0.2, 0.1125], "texture": "#4"},
				"south": {"uv": [0, 0, 0.5, 0.1125], "texture": "#4"},
				"west": {"uv": [0, 0, 0.2, 0.1125], "texture": "#4"},
				"up": {"uv": [0, 0, 0.5, 0.2], "texture": "#4"},
				"down": {"uv": [0, 0, 0.5, 0.2], "texture": "#4"}
			}
		},
		{
			"from": [7.5, 9.1, 8.45],
			"to": [8.5, 9.325, 8.85],
			"faces": {
				"north": {"uv": [0, 0, 0.5, 0.1125], "texture": "#4"},
				"east": {"uv": [0, 0, 0.2, 0.1125], "texture": "#4"},
				"south": {"uv": [0, 0, 0.5, 0.1125], "texture": "#4"},
				"west": {"uv": [0, 0, 0.2, 0.1125], "texture": "#4"},
				"up": {"uv": [0, 0, 0.5, 0.2], "texture": "#4"},
				"down": {"uv": [0, 0, 0.5, 0.2], "texture": "#4"}
			}
		},
		{
			"from": [7.5, 9.1, 7.05],
			"to": [8.5, 9.325, 7.45],
			"faces": {
				"north": {"uv": [0, 0, 0.5, 0.1125], "texture": "#4"},
				"east": {"uv": [0, 0, 0.2, 0.1125], "texture": "#4"},
				"south": {"uv": [0, 0, 0.5, 0.1125], "texture": "#4"},
				"west": {"uv": [0, 0, 0.2, 0.1125], "texture": "#4"},
				"up": {"uv": [0, 0, 0.5, 0.2], "texture": "#4"},
				"down": {"uv": [0, 0, 0.5, 0.2], "texture": "#4"}
			}
		},
		{
			"from": [7.5, 9.1, 6.25],
			"to": [8.5, 9.325, 6.65],
			"faces": {
				"north": {"uv": [0, 0, 0.5, 0.1125], "texture": "#4"},
				"east": {"uv": [0, 0, 0.2, 0.1125], "texture": "#4"},
				"south": {"uv": [0, 0, 0.5, 0.1125], "texture": "#4"},
				"west": {"uv": [0, 0, 0.2, 0.1125], "texture": "#4"},
				"up": {"uv": [0, 0, 0.5, 0.2], "texture": "#4"},
				"down": {"uv": [0, 0, 0.5, 0.2], "texture": "#4"}
			}
		},
		{
			"from": [7.5, 9.1, 7.75],
			"to": [8.5, 9.325, 8.15],
			"faces": {
				"north": {"uv": [0, 0, 0.5, 0.1125], "texture": "#4"},
				"east": {"uv": [0, 0, 0.2, 0.1125], "texture": "#4"},
				"south": {"uv": [0, 0, 0.5, 0.1125], "texture": "#4"},
				"west": {"uv": [0, 0, 0.2, 0.1125], "texture": "#4"},
				"up": {"uv": [0, 0, 0.5, 0.2], "texture": "#4"},
				"down": {"uv": [0, 0, 0.5, 0.2], "texture": "#4"}
			}
		},
		{
			"from": [7.3, 8.475, 11.025],
			"to": [8.7, 9, 17.175],
			"faces": {
				"north": {"uv": [0, 0, 0.7, 0.2625], "texture": "#5"},
				"east": {"uv": [0, 0, 3.075, 0.2625], "texture": "#5"},
				"south": {"uv": [0, 0, 0.7, 0.2625], "texture": "#5"},
				"west": {"uv": [0, 0, 3.075, 0.2625], "texture": "#5"},
				"up": {"uv": [0, 0, 0.7, 3.075], "texture": "#5"},
				"down": {"uv": [0, 0, 0.7, 3.075], "texture": "#5"}
			}
		},
		{
			"from": [7.725, 8.475, 17.125],
			"to": [8.225, 8.9, 18.875],
			"faces": {
				"north": {"uv": [0, 0, 0.25, 0.2125], "texture": "#0"},
				"east": {"uv": [0, 0, 0.875, 0.2125], "texture": "#0"},
				"south": {"uv": [0, 0, 0.25, 0.2125], "texture": "#0"},
				"west": {"uv": [0, 0, 0.875, 0.2125], "texture": "#0"},
				"up": {"uv": [0, 0, 0.25, 0.875], "texture": "#0"},
				"down": {"uv": [0, 0, 0.25, 0.875], "texture": "#0"}
			}
		},
		{
			"from": [7.725, 8.475, 18.875],
			"to": [8.225, 8.9, 18.9],
			"faces": {
				"north": {"uv": [0, 0, 0.25, 0.2125], "texture": "#0"},
				"east": {"uv": [0, 0, 0.0125, 0.2125], "texture": "#0"},
				"south": {"uv": [0, 0, 0.25, 0.2125], "texture": "#0"},
				"west": {"uv": [0, 0, 0.0125, 0.2125], "texture": "#0"},
				"up": {"uv": [0, 0, 0.25, 0.0125], "texture": "#0"},
				"down": {"uv": [0, 0, 0.25, 0.0125], "texture": "#0"}
			}
		},
		{
			"from": [7.825, 8.575, 18.9],
			"to": [8.125, 8.8, 18.925],
			"faces": {
				"north": {"uv": [0, 0, 0.15, 0.1125], "texture": "#1"},
				"east": {"uv": [0, 0, 0.0125, 0.1125], "texture": "#1"},
				"south": {"uv": [0, 0, 0.15, 0.1125], "texture": "#1"},
				"west": {"uv": [0, 0, 0.0125, 0.1125], "texture": "#1"},
				"up": {"uv": [0, 0, 0.15, 0.0125], "texture": "#1"},
				"down": {"uv": [0, 0, 0.15, 0.0125], "texture": "#1"}
			}
		},
		{
			"from": [7.3, 9.1, 2.5],
			"to": [8.7, 9.4, 6.075],
			"faces": {
				"north": {"uv": [0, 0, 0.7, 0.15], "texture": "#5"},
				"east": {"uv": [0, 0, 1.7875, 0.15], "texture": "#5"},
				"south": {"uv": [0, 0, 0.7, 0.15], "texture": "#5"},
				"west": {"uv": [0, 0, 1.7875, 0.15], "texture": "#5"},
				"up": {"uv": [0, 0, 0.7, 1.7875], "texture": "#5"},
				"down": {"uv": [0, 0, 0.7, 1.7875], "texture": "#5"}
			}
		},
		{
			"from": [7.6, 9.1, 4.75],
			"to": [8.4, 9.8, 5.275],
			"faces": {
				"north": {"uv": [0, 0, 0.4, 0.35], "texture": "#0"},
				"east": {"uv": [0, 0, 0.2625, 0.35], "texture": "#0"},
				"south": {"uv": [0, 0, 0.4, 0.35], "texture": "#0"},
				"west": {"uv": [0, 0, 0.2625, 0.35], "texture": "#0"},
				"up": {"uv": [0, 0, 0.4, 0.2625], "texture": "#0"},
				"down": {"uv": [0, 0, 0.4, 0.2625], "texture": "#0"}
			}
		},
		{
			"from": [8.3, 8.9, 16.35],
			"to": [8.4, 10.6, 16.575],
			"faces": {
				"north": {"uv": [0, 0, 0.05, 0.85], "texture": "#0"},
				"east": {"uv": [0, 0, 0.1125, 0.85], "texture": "#0"},
				"south": {"uv": [0, 0, 0.05, 0.85], "texture": "#0"},
				"west": {"uv": [0, 0, 0.1125, 0.85], "texture": "#0"},
				"up": {"uv": [0, 0, 0.05, 0.1125], "texture": "#0"},
				"down": {"uv": [0, 0, 0.05, 0.1125], "texture": "#0"}
			}
		},
		{
			"from": [7.6, 8.9, 16.35],
			"to": [7.7, 10.6, 16.575],
			"faces": {
				"north": {"uv": [0, 0, 0.05, 0.85], "texture": "#0"},
				"east": {"uv": [0, 0, 0.1125, 0.85], "texture": "#0"},
				"south": {"uv": [0, 0, 0.05, 0.85], "texture": "#0"},
				"west": {"uv": [0, 0, 0.1125, 0.85], "texture": "#0"},
				"up": {"uv": [0, 0, 0.05, 0.1125], "texture": "#0"},
				"down": {"uv": [0, 0, 0.05, 0.1125], "texture": "#0"}
			}
		},
		{
			"from": [7.95, 8.9, 16.35],
			"to": [8.05, 10.2, 16.575],
			"faces": {
				"north": {"uv": [0, 0, 0.05, 0.65], "texture": "#0"},
				"east": {"uv": [0, 0, 0.1125, 0.65], "texture": "#0"},
				"south": {"uv": [0, 0, 0.05, 0.65], "texture": "#0"},
				"west": {"uv": [0, 0, 0.1125, 0.65], "texture": "#0"},
				"up": {"uv": [0, 0, 0.05, 0.1125], "texture": "#0"},
				"down": {"uv": [0, 0, 0.05, 0.1125], "texture": "#0"}
			}
		},
		{
			"from": [7.6, 8.625, 16.05],
			"to": [7.7, 10.5, 16.225],
			"rotation": {"angle": 22.5, "axis": "x", "origin": [8, 9.75, 16.4625]},
			"faces": {
				"north": {"uv": [0, 0, 0.05, 0.9375], "texture": "#0"},
				"east": {"uv": [0, 0, 0.0875, 0.9375], "texture": "#0"},
				"south": {"uv": [0, 0, 0.05, 0.9375], "texture": "#0"},
				"west": {"uv": [0, 0, 0.0875, 0.9375], "texture": "#0"},
				"up": {"uv": [0, 0, 0.05, 0.0875], "texture": "#0"},
				"down": {"uv": [0, 0, 0.05, 0.0875], "texture": "#0"}
			}
		},
		{
			"from": [8.3, 8.625, 16.05],
			"to": [8.4, 10.5, 16.225],
			"rotation": {"angle": 22.5, "axis": "x", "origin": [8, 9.75, 16.4625]},
			"faces": {
				"north": {"uv": [0, 0, 0.05, 0.9375], "texture": "#0"},
				"east": {"uv": [0, 0, 0.0875, 0.9375], "texture": "#0"},
				"south": {"uv": [0, 0, 0.05, 0.9375], "texture": "#0"},
				"west": {"uv": [0, 0, 0.0875, 0.9375], "texture": "#0"},
				"up": {"uv": [0, 0, 0.05, 0.0875], "texture": "#0"},
				"down": {"uv": [0, 0, 0.05, 0.0875], "texture": "#0"}
			}
		},
		{
			"from": [7.7, 9.8, 4.95],
			"to": [7.8, 10.975, 5.225],
			"faces": {
				"north": {"uv": [0, 0, 0.05, 0.5875], "texture": "#0"},
				"east": {"uv": [0, 0, 0.1375, 0.5875], "texture": "#0"},
				"south": {"uv": [0, 0, 0.05, 0.5875], "texture": "#0"},
				"west": {"uv": [0, 0, 0.1375, 0.5875], "texture": "#0"},
				"up": {"uv": [0, 0, 0.05, 0.1375], "texture": "#0"},
				"down": {"uv": [0, 0, 0.05, 0.1375], "texture": "#0"}
			}
		},
		{
			"from": [7.7875, 10.8875, 4.95],
			"to": [8.2125, 11.1375, 5.225],
			"rotation": {"angle": 0, "axis": "y", "origin": [7.75, 10.3875, 5.0875]},
			"faces": {
				"north": {"uv": [0, 0, 0.05, 0.2125], "rotation": 270, "texture": "#0"},
				"east": {"uv": [0, 0, 0.05, 0.1375], "rotation": 90, "texture": "#0"},
				"south": {"uv": [0, 0, 0.05, 0.2125], "rotation": 90, "texture": "#0"},
				"west": {"uv": [0, 0, 0.05, 0.1375], "rotation": 90, "texture": "#0"},
				"up": {"uv": [0, 0, 0.1375, 0.2125], "rotation": 90, "texture": "#0"},
				"down": {"uv": [0, 0, 0.1375, 0.2125], "rotation": 90, "texture": "#0"}
			}
		},
		{
			"from": [8.2, 9.8, 4.95],
			"to": [8.3, 10.975, 5.225],
			"faces": {
				"north": {"uv": [0, 0, 0.05, 0.5875], "texture": "#0"},
				"east": {"uv": [0, 0, 0.1375, 0.5875], "texture": "#0"},
				"south": {"uv": [0, 0, 0.05, 0.5875], "texture": "#0"},
				"west": {"uv": [0, 0, 0.1375, 0.5875], "texture": "#0"},
				"up": {"uv": [0, 0, 0.05, 0.1375], "texture": "#0"},
				"down": {"uv": [0, 0, 0.05, 0.1375], "texture": "#0"}
			}
		},
		{
			"from": [7.4, 8.9, -4.45],
			"to": [8.6, 9.35, -2.6],
			"rotation": {"angle": 22.5, "axis": "x", "origin": [8, 8.2, -3.05]},
			"faces": {
				"north": {"uv": [0, 0, 0.6, 0.225], "texture": "#8"},
				"east": {"uv": [0, 0, 0.925, 0.225], "texture": "#8"},
				"south": {"uv": [0, 0, 0.6, 0.225], "texture": "#8"},
				"west": {"uv": [0, 0, 0.925, 0.225], "texture": "#8"},
				"up": {"uv": [0, 0, 0.6, 0.925], "texture": "#8"},
				"down": {"uv": [0, 0, 0.6, 0.925], "texture": "#8"}
			}
		},
		{
			"from": [7.4, 6.8, -4.6],
			"to": [8.625, 7.425, -2.725],
			"rotation": {"angle": -22.5, "axis": "x", "origin": [8, 8.2, -3.05]},
			"faces": {
				"north": {"uv": [0, 0, 0.6125, 0.3125], "texture": "#8"},
				"east": {"uv": [0, 0, 0.9375, 0.3125], "texture": "#8"},
				"south": {"uv": [0, 0, 0.6125, 0.3125], "texture": "#8"},
				"west": {"uv": [0, 0, 0.9375, 0.3125], "texture": "#8"},
				"up": {"uv": [0, 0, 0.6125, 0.9375], "texture": "#8"},
				"down": {"uv": [0, 0, 0.6125, 0.9375], "texture": "#8"}
			}
		},
		{
			"from": [7.4, 7, -2.65],
			"to": [8.6, 7.4, -1.55],
			"rotation": {"angle": -22.5, "axis": "x", "origin": [8, 8.2, -3.05]},
			"faces": {
				"north": {"uv": [0, 0, 0.6, 0.2], "texture": "#8"},
				"east": {"uv": [0, 0, 0.55, 0.2], "texture": "#8"},
				"south": {"uv": [0, 0, 0.6, 0.2], "texture": "#8"},
				"west": {"uv": [0, 0, 0.55, 0.2], "texture": "#8"},
				"up": {"uv": [0, 0, 0.6, 0.55], "texture": "#8"},
				"down": {"uv": [0, 0, 0.6, 0.55], "texture": "#8"}
			}
		},
		{
			"from": [7.3, 6.2, -4.2],
			"to": [8.7, 9.8, -3.9],
			"faces": {
				"north": {"uv": [0, 0, 0.7, 1.8], "texture": "#4"},
				"east": {"uv": [0, 0, 0.15, 1.8], "texture": "#4"},
				"south": {"uv": [0, 0, 0.7, 1.8], "texture": "#4"},
				"west": {"uv": [0, 0, 0.15, 1.8], "texture": "#4"},
				"up": {"uv": [0, 0, 0.7, 0.15], "texture": "#4"},
				"down": {"uv": [0, 0, 0.7, 0.15], "texture": "#4"}
			}
		}
	],
	"display": {
		"thirdperson_righthand": {
			"rotation": [0, 180, 0],
			"translation": [0, 1.5, -4.75],
			"scale": [1.13, 1.13, 1.13]
		},
		"thirdperson_lefthand": {
			"rotation": [0, 180, 0],
			"translation": [0, 1.5, -4.75],
			"scale": [1.13, 1.13, 1.13]
		},
		"firstperson_righthand": {
			"rotation": [0, 180, 0],
			"translation": [-6.75, 16.5, 6.5],
			"scale": [0.52, 0.52, 0.52]
		},
		"firstperson_lefthand": {
			"rotation": [0, 180, 0],
			"translation": [-6.75, 100, 6.5],
			"scale": [0.52, 0.52, 0.52]
		},
		"ground": {
			"rotation": [0, 0, 90]
		},
		"gui": {
			"rotation": [30, -124, 0],
			"translation": [-0.5, 0.5, 0],
			"scale": [0.78, 0.78, 0.78]
		},
		"head": {
			"rotation": [0, -90, 0],
			"translation": [-2, 1.5, 0],
			"scale": [1.65, 1.65, 1.65]
		},
		"fixed": {
			"rotation": [0, 90, 0],
			"translation": [0.75, 0, 0],
			"scale": [1.51, 1.51, 1.51]
		}
	}
}