{
	"credit": "Made with Blockbench",
	"texture_size": [32, 32],
	"textures": {
		"0": "block/andesite",
		"3": "block/gray_concrete",
		"5": "block/mangrove_planks",
		"7": "block/gray_concrete_powder",
		"8": "block/anvil",
		"particle": "block/andesite"
	},
	"elements": [
		{
			"from": [8.15, 4.65, -1],
			"to": [8.85, 8.25, 0.35],
			"rotation": {"angle": 22.5, "axis": "x", "origin": [8, 5, 0]},
			"faces": {
				"north": {"uv": [0, 0, 0.35, 1.8], "texture": "#3"},
				"east": {"uv": [0, 0, 0.675, 1.8], "texture": "#3"},
				"south": {"uv": [0, 0, 0.35, 1.8], "texture": "#3"},
				"west": {"uv": [0, 0, 0.675, 1.8], "texture": "#3"},
				"up": {"uv": [0, 0, 0.35, 0.675], "texture": "#3"},
				"down": {"uv": [0, 0, 0.35, 0.675], "texture": "#3"}
			}
		},
		{
			"from": [8.15, 4.4, -1],
			"to": [8.85, 4.75, 0.55],
			"rotation": {"angle": 22.5, "axis": "x", "origin": [8, 5, 0]},
			"faces": {
				"north": {"uv": [0, 0, 0.35, 0.175], "texture": "#3"},
				"east": {"uv": [0, 0, 0.775, 0.175], "texture": "#3"},
				"south": {"uv": [0, 0, 0.35, 0.175], "texture": "#3"},
				"west": {"uv": [0, 0, 0.775, 0.175], "texture": "#3"},
				"up": {"uv": [0, 0, 0.35, 0.775], "texture": "#3"},
				"down": {"uv": [0, 0, 0.35, 0.775], "texture": "#3"}
			}
		},
		{
			"from": [7.95, 7.45, -0.675],
			"to": [9.05, 8.975, 0.55],
			"rotation": {"angle": 0, "axis": "y", "origin": [8.5, 8.5, -0.725]},
			"faces": {
				"north": {"uv": [0, 0, 0.55, 0.7625], "rotation": 180, "texture": "#3"},
				"east": {"uv": [0, 0, 0.7625, 0.6125], "rotation": 270, "texture": "#3"},
				"south": {"uv": [0, 0, 0.55, 0.7625], "texture": "#3"},
				"west": {"uv": [0, 0, 0.7625, 0.6125], "rotation": 90, "texture": "#3"},
				"up": {"uv": [0, 0, 0.55, 0.6125], "rotation": 180, "texture": "#3"},
				"down": {"uv": [0, 0, 0.55, 0.6125], "texture": "#3"}
			}
		},
		{
			"from": [7.95, 7.075, -1.425],
			"to": [9.05, 7.725, -1],
			"rotation": {"angle": -45, "axis": "x", "origin": [8.5, 8.5, -0.725]},
			"faces": {
				"north": {"uv": [0, 0, 0.55, 0.325], "rotation": 180, "texture": "#3"},
				"east": {"uv": [0, 0, 0.325, 0.2125], "rotation": 270, "texture": "#3"},
				"south": {"uv": [0, 0, 0.55, 0.325], "texture": "#3"},
				"west": {"uv": [0, 0, 0.325, 0.2125], "rotation": 90, "texture": "#3"},
				"up": {"uv": [0, 0, 0.55, 0.2125], "rotation": 180, "texture": "#3"},
				"down": {"uv": [0, 0, 0.55, 0.2125], "texture": "#3"}
			}
		},
		{
			"from": [7.95, 8.17747, -1.7044],
			"to": [9.05, 9.20247, -1.1794],
			"rotation": {"angle": 45, "axis": "x", "origin": [8.5, 7.37747, -0.2919]},
			"faces": {
				"north": {"uv": [0, 0, 0.55, 0.5125], "rotation": 180, "texture": "#3"},
				"east": {"uv": [0, 0, 0.5125, 0.2625], "rotation": 270, "texture": "#3"},
				"south": {"uv": [0, 0, 0.55, 0.5125], "texture": "#3"},
				"west": {"uv": [0, 0, 0.5125, 0.2625], "rotation": 90, "texture": "#3"},
				"up": {"uv": [0, 0, 0.55, 0.2625], "rotation": 180, "texture": "#3"},
				"down": {"uv": [0, 0, 0.55, 0.2625], "texture": "#3"}
			}
		},
		{
			"from": [7.95, 7.45, -0.75],
			"to": [9.05, 8.975, -0.675],
			"rotation": {"angle": 0, "axis": "y", "origin": [8.5, 8.5, -0.725]},
			"faces": {
				"north": {"uv": [0, 0, 0.55, 0.7625], "rotation": 180, "texture": "#3"},
				"east": {"uv": [0, 0, 0.7625, 0.0375], "rotation": 270, "texture": "#3"},
				"south": {"uv": [0, 0, 0.55, 0.7625], "texture": "#3"},
				"west": {"uv": [0, 0, 0.7625, 0.0375], "rotation": 90, "texture": "#3"},
				"up": {"uv": [0, 0, 0.55, 0.0375], "rotation": 180, "texture": "#3"},
				"down": {"uv": [0, 0, 0.55, 0.0375], "texture": "#3"}
			}
		},
		{
			"from": [7.95, 8.625, 7.5],
			"to": [9.05, 8.975, 11.5],
			"rotation": {"angle": 0, "axis": "y", "origin": [8.5, 5.325, 1.325]},
			"faces": {
				"north": {"uv": [0, 0, 0.55, 0.175], "rotation": 180, "texture": "#3"},
				"east": {"uv": [0, 0, 0.175, 2], "rotation": 270, "texture": "#3"},
				"south": {"uv": [0, 0, 0.55, 0.175], "texture": "#3"},
				"west": {"uv": [0, 0, 0.175, 2], "rotation": 90, "texture": "#3"},
				"up": {"uv": [0, 0, 0.55, 2], "rotation": 180, "texture": "#3"},
				"down": {"uv": [0, 0, 0.55, 2], "texture": "#3"}
			}
		},
		{
			"from": [7.95, 7.1, 7.5],
			"to": [9.05, 8.625, 9.675],
			"rotation": {"angle": 0, "axis": "y", "origin": [8.5, 5.325, 1.325]},
			"faces": {
				"north": {"uv": [0, 0, 0.55, 0.7625], "rotation": 180, "texture": "#3"},
				"east": {"uv": [0, 0, 0.7625, 1.0875], "rotation": 270, "texture": "#3"},
				"south": {"uv": [0, 0, 0.55, 0.7625], "texture": "#3"},
				"west": {"uv": [0, 0, 0.7625, 1.0875], "rotation": 90, "texture": "#3"},
				"up": {"uv": [0, 0, 0.55, 1.0875], "rotation": 180, "texture": "#3"},
				"down": {"uv": [0, 0, 0.55, 1.0875], "texture": "#3"}
			}
		},
		{
			"from": [8.15, 1.9, 8.6],
			"to": [8.85, 8.625, 9.55],
			"rotation": {"angle": 0, "axis": "y", "origin": [8.5, 5.325, 1.325]},
			"faces": {
				"north": {"uv": [0, 0, 0.35, 3.3625], "rotation": 180, "texture": "#7"},
				"east": {"uv": [0, 0, 3.3625, 0.475], "rotation": 270, "texture": "#7"},
				"south": {"uv": [0, 0, 0.35, 3.3625], "texture": "#7"},
				"west": {"uv": [0, 0, 3.3625, 0.475], "rotation": 90, "texture": "#7"},
				"up": {"uv": [0, 0, 0.35, 0.475], "rotation": 180, "texture": "#7"},
				"down": {"uv": [0, 0, 0.35, 0.475], "texture": "#7"}
			}
		},
		{
			"from": [7.95, 8.975, 0],
			"to": [9.05, 9.675, 7.875],
			"rotation": {"angle": 0, "axis": "y", "origin": [8.5, 5.325, 1.325]},
			"faces": {
				"north": {"uv": [0, 0, 0.55, 0.35], "rotation": 180, "texture": "#3"},
				"east": {"uv": [0, 0, 0.35, 3.9375], "rotation": 270, "texture": "#3"},
				"south": {"uv": [0, 0, 0.55, 0.35], "texture": "#3"},
				"west": {"uv": [0, 0, 0.35, 3.9375], "rotation": 90, "texture": "#3"},
				"up": {"uv": [0, 0, 0.55, 3.9375], "rotation": 180, "texture": "#3"},
				"down": {"uv": [0, 0, 0.55, 3.9375], "texture": "#3"}
			}
		},
		{
			"from": [8.05, 9.675, 4],
			"to": [8.95, 9.775, 4.975],
			"rotation": {"angle": 0, "axis": "y", "origin": [8.5, 5.325, 1.325]},
			"faces": {
				"north": {"uv": [0, 0, 0.45, 0.05], "rotation": 180, "texture": "#3"},
				"east": {"uv": [0, 0, 0.05, 0.4875], "rotation": 270, "texture": "#3"},
				"south": {"uv": [0, 0, 0.45, 0.05], "texture": "#3"},
				"west": {"uv": [0, 0, 0.05, 0.4875], "rotation": 90, "texture": "#3"},
				"up": {"uv": [0, 0, 0.45, 0.4875], "rotation": 180, "texture": "#3"},
				"down": {"uv": [0, 0, 0.45, 0.4875], "texture": "#3"}
			}
		},
		{
			"from": [8.05, 9.775, 4.2],
			"to": [8.95, 9.875, 4.775],
			"rotation": {"angle": 0, "axis": "y", "origin": [8.5, 5.325, 1.325]},
			"faces": {
				"north": {"uv": [0, 0, 0.45, 0.05], "rotation": 180, "texture": "#3"},
				"east": {"uv": [0, 0, 0.05, 0.2875], "rotation": 270, "texture": "#3"},
				"south": {"uv": [0, 0, 0.45, 0.05], "texture": "#3"},
				"west": {"uv": [0, 0, 0.05, 0.2875], "rotation": 90, "texture": "#3"},
				"up": {"uv": [0, 0, 0.45, 0.2875], "rotation": 180, "texture": "#3"},
				"down": {"uv": [0, 0, 0.45, 0.2875], "texture": "#3"}
			}
		},
		{
			"from": [7.95, 8.975, 7.875],
			"to": [8.95, 9.575, 9.475],
			"rotation": {"angle": 0, "axis": "y", "origin": [8.5, 5.325, 1.325]},
			"faces": {
				"north": {"uv": [0, 0, 0.5, 0.3], "rotation": 180, "texture": "#0"},
				"east": {"uv": [0, 0, 0.3, 0.8], "rotation": 270, "texture": "#0"},
				"south": {"uv": [0, 0, 0.5, 0.3], "texture": "#0"},
				"west": {"uv": [0, 0, 0.3, 0.8], "rotation": 90, "texture": "#0"},
				"up": {"uv": [0, 0, 0.5, 0.8], "rotation": 180, "texture": "#0"},
				"down": {"uv": [0, 0, 0.5, 0.8], "texture": "#0"}
			}
		},
		{
			"from": [7.95, 9.575, 7.875],
			"to": [8.45, 9.675, 9.475],
			"rotation": {"angle": 0, "axis": "y", "origin": [8.5, 5.325, 1.325]},
			"faces": {
				"north": {"uv": [0, 0, 0.25, 0.05], "rotation": 180, "texture": "#3"},
				"east": {"uv": [0, 0, 0.05, 0.8], "rotation": 270, "texture": "#3"},
				"south": {"uv": [0, 0, 0.25, 0.05], "texture": "#3"},
				"west": {"uv": [0, 0, 0.05, 0.8], "rotation": 90, "texture": "#3"},
				"up": {"uv": [0, 0, 0.25, 0.8], "rotation": 180, "texture": "#3"},
				"down": {"uv": [0, 0, 0.25, 0.8], "texture": "#3"}
			}
		},
		{
			"from": [7.95, 8.975, 9.475],
			"to": [9.05, 9.675, 11.5],
			"rotation": {"angle": 0, "axis": "y", "origin": [8.5, 5.325, 1.325]},
			"faces": {
				"north": {"uv": [0, 0, 0.55, 0.35], "rotation": 180, "texture": "#3"},
				"east": {"uv": [0, 0, 0.35, 1.0125], "rotation": 270, "texture": "#3"},
				"south": {"uv": [0, 0, 0.55, 0.35], "texture": "#3"},
				"west": {"uv": [0, 0, 0.35, 1.0125], "rotation": 90, "texture": "#3"},
				"up": {"uv": [0, 0, 0.55, 1.0125], "rotation": 180, "texture": "#3"},
				"down": {"uv": [0, 0, 0.55, 1.0125], "texture": "#3"}
			}
		},
		{
			"from": [8.175, 8.775, 11.5],
			"to": [8.825, 9.6, 11.9],
			"rotation": {"angle": 0, "axis": "y", "origin": [8.5, 5.325, 1.325]},
			"faces": {
				"north": {"uv": [0, 0, 0.5, 2.2], "rotation": 270, "texture": "#8"},
				"east": {"uv": [0, 0, 0.5, 2.2], "rotation": 270, "texture": "#8"},
				"south": {"uv": [0, 0, 0.5, 2.2], "rotation": 270, "texture": "#8"},
				"west": {"uv": [0, 0, 0.5, 2.2], "rotation": 270, "texture": "#8"},
				"up": {"uv": [0, 0, 0.5, 2.2], "rotation": 270, "texture": "#8"},
				"down": {"uv": [0, 0, 0.5, 2.2], "rotation": 270, "texture": "#8"}
			}
		},
		{
			"from": [8.2, 8.775, 11.5],
			"to": [8.8, 8.875, 14.325],
			"rotation": {"angle": 0, "axis": "y", "origin": [8.5, 5.325, 1.325]},
			"faces": {
				"north": {"uv": [0, 0, 0.5, 2.5], "rotation": 270, "texture": "#8"},
				"east": {"uv": [0, 0, 0.5, 2.5], "rotation": 270, "texture": "#8"},
				"south": {"uv": [0, 0, 0.5, 2.5], "rotation": 270, "texture": "#8"},
				"west": {"uv": [0, 0, 0.5, 2.5], "rotation": 270, "texture": "#8"},
				"up": {"uv": [0, 0, 0.5, 2.5], "rotation": 270, "texture": "#8"},
				"down": {"uv": [0, 0, 0.5, 2.5], "rotation": 270, "texture": "#8"}
			}
		},
		{
			"from": [8.2, 8.875, 11.5],
			"to": [8.8, 9.5, 16.9],
			"rotation": {"angle": 0, "axis": "y", "origin": [8.5, 5.325, 1.325]},
			"faces": {
				"north": {"uv": [0, 0, 0.5, 2.5], "rotation": 270, "texture": "#8"},
				"east": {"uv": [0, 0, 0.5, 2.5], "rotation": 270, "texture": "#8"},
				"south": {"uv": [0, 0, 0.5, 2.5], "rotation": 270, "texture": "#8"},
				"west": {"uv": [0, 0, 0.5, 2.5], "rotation": 270, "texture": "#8"},
				"up": {"uv": [0, 0, 0.5, 2.5], "rotation": 270, "texture": "#8"},
				"down": {"uv": [0, 0, 0.5, 2.5], "rotation": 270, "texture": "#8"}
			}
		},
		{
			"from": [8.275, 9.475, 15.65],
			"to": [8.725, 9.8, 16.15],
			"rotation": {"angle": 0, "axis": "y", "origin": [8.5, 5.325, 1.325]},
			"faces": {
				"north": {"uv": [0, 0, 0.5, 2.5], "rotation": 270, "texture": "#8"},
				"east": {"uv": [0, 0, 0.5, 2.5], "rotation": 270, "texture": "#8"},
				"south": {"uv": [0, 0, 0.5, 2.5], "rotation": 270, "texture": "#8"},
				"west": {"uv": [0, 0, 0.5, 2.5], "rotation": 270, "texture": "#8"},
				"up": {"uv": [0, 0, 0.5, 2.5], "rotation": 270, "texture": "#8"},
				"down": {"uv": [0, 0, 0.5, 2.5], "rotation": 270, "texture": "#8"}
			}
		},
		{
			"from": [8.4, 9.8, 15.775],
			"to": [8.6, 10.1, 15.975],
			"rotation": {"angle": 0, "axis": "y", "origin": [8.5, 5.325, 1.325]},
			"faces": {
				"north": {"uv": [0, 0, 0.5, 2.5], "rotation": 270, "texture": "#8"},
				"east": {"uv": [0, 0, 0.5, 2.5], "rotation": 270, "texture": "#8"},
				"south": {"uv": [0, 0, 0.5, 2.5], "rotation": 270, "texture": "#8"},
				"west": {"uv": [0, 0, 0.5, 2.5], "rotation": 270, "texture": "#8"},
				"up": {"uv": [0, 0, 0.5, 2.5], "rotation": 270, "texture": "#8"},
				"down": {"uv": [0, 0, 0.5, 2.5], "rotation": 270, "texture": "#8"}
			}
		},
		{
			"from": [8.25, 10.275, 15.65],
			"to": [8.75, 10.5, 16.15],
			"rotation": {"angle": 0, "axis": "y", "origin": [8.5, 5.325, 1.325]},
			"faces": {
				"north": {"uv": [0, 0, 0.5, 2.5], "rotation": 270, "texture": "#8"},
				"east": {"uv": [0, 0, 0.5, 2.5], "rotation": 270, "texture": "#8"},
				"south": {"uv": [0, 0, 0.5, 2.5], "rotation": 270, "texture": "#8"},
				"west": {"uv": [0, 0, 0.5, 2.5], "rotation": 270, "texture": "#8"},
				"up": {"uv": [0, 0, 0.5, 2.5], "rotation": 270, "texture": "#8"},
				"down": {"uv": [0, 0, 0.5, 2.5], "rotation": 270, "texture": "#8"}
			}
		},
		{
			"from": [8.7125, 9.7375, 15.65],
			"to": [8.9125, 10.2875, 16.15],
			"rotation": {"angle": 0, "axis": "y", "origin": [8.5, 10.2875, 15.85]},
			"faces": {
				"north": {"uv": [0, 0, 0.5, 2.5], "rotation": 180, "texture": "#8"},
				"east": {"uv": [0, 0, 0.5, 2.5], "texture": "#8"},
				"south": {"uv": [0, 0, 0.5, 2.5], "texture": "#8"},
				"west": {"uv": [0, 0, 0.5, 2.5], "texture": "#8"},
				"up": {"uv": [0, 0, 0.5, 2.5], "texture": "#8"},
				"down": {"uv": [0, 0, 0.5, 2.5], "texture": "#8"}
			}
		},
		{
			"from": [8.0875, 9.7375, 15.65],
			"to": [8.2875, 10.2875, 16.15],
			"rotation": {"angle": 0, "axis": "y", "origin": [8.5, 10.2875, 15.85]},
			"faces": {
				"north": {"uv": [0, 0, 0.5, 2.5], "rotation": 180, "texture": "#8"},
				"east": {"uv": [0, 0, 0.5, 2.5], "texture": "#8"},
				"south": {"uv": [0, 0, 0.5, 2.5], "texture": "#8"},
				"west": {"uv": [0, 0, 0.5, 2.5], "texture": "#8"},
				"up": {"uv": [0, 0, 0.5, 2.5], "texture": "#8"},
				"down": {"uv": [0, 0, 0.5, 2.5], "texture": "#8"}
			}
		},
		{
			"from": [8.0875, 9.7375, 4.65],
			"to": [8.2875, 9.9875, 5.15],
			"rotation": {"angle": 0, "axis": "y", "origin": [8.5, 10.2875, 15.85]},
			"faces": {
				"north": {"uv": [0, 0, 0.5, 2.5], "rotation": 180, "texture": "#8"},
				"east": {"uv": [0, 0, 0.5, 2.5], "texture": "#8"},
				"south": {"uv": [0, 0, 0.5, 2.5], "texture": "#8"},
				"west": {"uv": [0, 0, 0.5, 2.5], "texture": "#8"},
				"up": {"uv": [0, 0, 0.5, 2.5], "texture": "#8"},
				"down": {"uv": [0, 0, 0.5, 2.5], "texture": "#8"}
			}
		},
		{
			"from": [8.7125, 9.7375, 4.65],
			"to": [8.9125, 9.9875, 5.15],
			"rotation": {"angle": 0, "axis": "y", "origin": [8.5, 10.2875, 15.85]},
			"faces": {
				"north": {"uv": [0, 0, 0.5, 2.5], "rotation": 180, "texture": "#8"},
				"east": {"uv": [0, 0, 0.5, 2.5], "texture": "#8"},
				"south": {"uv": [0, 0, 0.5, 2.5], "texture": "#8"},
				"west": {"uv": [0, 0, 0.5, 2.5], "texture": "#8"},
				"up": {"uv": [0, 0, 0.5, 2.5], "texture": "#8"},
				"down": {"uv": [0, 0, 0.5, 2.5], "texture": "#8"}
			}
		},
		{
			"from": [8.225, 8.725, 15.225],
			"to": [8.775, 8.875, 15.525],
			"rotation": {"angle": -22.5, "axis": "x", "origin": [8.5, 8.6375, 15.125]},
			"faces": {
				"north": {"uv": [0, 0, 0.5, 2.15], "rotation": 270, "texture": "#8"},
				"east": {"uv": [0, 0, 0.5, 2.15], "rotation": 270, "texture": "#8"},
				"south": {"uv": [0, 0, 0.5, 2.15], "rotation": 270, "texture": "#8"},
				"west": {"uv": [0, 0, 0.5, 2.15], "rotation": 270, "texture": "#8"},
				"up": {"uv": [0, 0, 0.5, 2.15], "rotation": 270, "texture": "#8"},
				"down": {"uv": [0, 0, 0.5, 2.15], "rotation": 270, "texture": "#8"}
			}
		},
		{
			"from": [8.225, 8.77918, 14.51187],
			"to": [8.775, 9.52918, 15.11187],
			"rotation": {"angle": -45, "axis": "x", "origin": [8.5, 8.92918, 15.18687]},
			"faces": {
				"north": {"uv": [0, 0, 0.5, 2.375], "texture": "#8"},
				"east": {"uv": [0, 0, 0.5, 2.375], "texture": "#8"},
				"south": {"uv": [0, 0, 0.5, 2.375], "texture": "#8"},
				"west": {"uv": [0, 0, 0.5, 2.375], "texture": "#8"},
				"up": {"uv": [0, 0, 0.5, 2.375], "texture": "#8"},
				"down": {"uv": [0, 0, 0.5, 2.375], "texture": "#8"}
			}
		},
		{
			"from": [7.85, 8.525, -0.1],
			"to": [9.15, 8.975, 7.5],
			"rotation": {"angle": 0, "axis": "y", "origin": [8.5, 5.325, 1.325]},
			"faces": {
				"north": {"uv": [0, 0, 16, 3.3], "texture": "#5"},
				"east": {"uv": [0, 0, 16, 3.3], "texture": "#5"},
				"south": {"uv": [0, 0, 16, 3.3], "texture": "#5"},
				"west": {"uv": [0, 0, 16, 3.3], "texture": "#5"},
				"up": {"uv": [0, 0, 16, 3.3], "texture": "#5"},
				"down": {"uv": [0, 0, 16, 3.3], "texture": "#5"}
			}
		},
		{
			"from": [7.85, 7.575, -0.1],
			"to": [9.15, 8.525, 5.7],
			"rotation": {"angle": 0, "axis": "y", "origin": [8.5, 5.325, 1.325]},
			"faces": {
				"north": {"uv": [0, 0, 16, 2.4], "texture": "#5"},
				"east": {"uv": [0, 0, 16, 2.4], "texture": "#5"},
				"south": {"uv": [0, 0, 16, 2.4], "texture": "#5"},
				"west": {"uv": [0, 0, 16, 2.4], "texture": "#5"},
				"up": {"uv": [0, 0, 16, 2.4], "texture": "#5"},
				"down": {"uv": [0, 0, 16, 2.4], "texture": "#5"}
			}
		},
		{
			"from": [7.95, 7.575, 5.675],
			"to": [9.05, 8.525, 7.5],
			"rotation": {"angle": 0, "axis": "y", "origin": [8.5, 5.325, 1.325]},
			"faces": {
				"north": {"uv": [0, 0, 0.55, 0.475], "rotation": 180, "texture": "#3"},
				"east": {"uv": [0, 0, 0.475, 0.9125], "rotation": 270, "texture": "#3"},
				"south": {"uv": [0, 0, 0.55, 0.475], "texture": "#3"},
				"west": {"uv": [0, 0, 0.475, 0.9125], "rotation": 90, "texture": "#3"},
				"up": {"uv": [0, 0, 0.55, 0.9125], "rotation": 180, "texture": "#3"},
				"down": {"uv": [0, 0, 0.55, 0.9125], "texture": "#3"}
			}
		},
		{
			"from": [8.35, 6.925, 2.7],
			"to": [8.65, 7.575, 3.05],
			"rotation": {"angle": 0, "axis": "y", "origin": [8.5, 5.325, 1.325]},
			"faces": {
				"north": {"uv": [0, 0, 0.15, 0.325], "rotation": 180, "texture": "#8"},
				"east": {"uv": [0, 0, 0.325, 0.175], "rotation": 270, "texture": "#8"},
				"south": {"uv": [0, 0, 0.15, 0.325], "texture": "#8"},
				"west": {"uv": [0, 0, 0.325, 0.175], "rotation": 90, "texture": "#8"},
				"up": {"uv": [0, 0, 0.15, 0.175], "rotation": 180, "texture": "#8"},
				"down": {"uv": [0, 0, 0.15, 0.175], "texture": "#8"}
			}
		},
		{
			"from": [8.425, 6.925, 1.725],
			"to": [8.6, 7.575, 1.975],
			"rotation": {"angle": 0, "axis": "y", "origin": [8.5, 5.325, 1.325]},
			"faces": {
				"north": {"uv": [0, 0, 0.0875, 0.325], "rotation": 180, "texture": "#8"},
				"east": {"uv": [0, 0, 0.325, 0.125], "rotation": 270, "texture": "#8"},
				"south": {"uv": [0, 0, 0.0875, 0.325], "texture": "#8"},
				"west": {"uv": [0, 0, 0.325, 0.125], "rotation": 90, "texture": "#8"},
				"up": {"uv": [0, 0, 0.0875, 0.125], "rotation": 180, "texture": "#8"},
				"down": {"uv": [0, 0, 0.0875, 0.125], "texture": "#8"}
			}
		},
		{
			"from": [8.425, 6.7, 1.525],
			"to": [8.6, 7.125, 1.725],
			"rotation": {"angle": -45, "axis": "x", "origin": [8.5125, 7.25, 1.85]},
			"faces": {
				"north": {"uv": [0, 0, 0.0875, 0.2125], "rotation": 180, "texture": "#8"},
				"east": {"uv": [0, 0, 0.2125, 0.1], "rotation": 270, "texture": "#8"},
				"south": {"uv": [0, 0, 0.0875, 0.2125], "texture": "#8"},
				"west": {"uv": [0, 0, 0.2125, 0.1], "rotation": 90, "texture": "#8"},
				"up": {"uv": [0, 0, 0.0875, 0.1], "rotation": 180, "texture": "#8"},
				"down": {"uv": [0, 0, 0.0875, 0.1], "texture": "#8"}
			}
		},
		{
			"from": [8.35, 6.325, 2.975],
			"to": [8.65, 7.15, 3.225],
			"rotation": {"angle": 45, "axis": "x", "origin": [8.5, 7.25, 2.875]},
			"faces": {
				"north": {"uv": [0, 0, 0.15, 0.4125], "rotation": 180, "texture": "#8"},
				"east": {"uv": [0, 0, 0.4125, 0.125], "rotation": 270, "texture": "#8"},
				"south": {"uv": [0, 0, 0.15, 0.4125], "texture": "#8"},
				"west": {"uv": [0, 0, 0.4125, 0.125], "rotation": 90, "texture": "#8"},
				"up": {"uv": [0, 0, 0.15, 0.125], "rotation": 180, "texture": "#8"},
				"down": {"uv": [0, 0, 0.15, 0.125], "texture": "#8"}
			}
		},
		{
			"from": [8.35, 5.625, 1.7],
			"to": [8.65, 5.875, 2.525],
			"rotation": {"angle": 45, "axis": "x", "origin": [8.5, 7.25, 2.875]},
			"faces": {
				"north": {"uv": [0, 0, 0.15, 0.125], "rotation": 180, "texture": "#8"},
				"east": {"uv": [0, 0, 0.4125, 0.125], "rotation": 180, "texture": "#8"},
				"south": {"uv": [0, 0, 0.15, 0.125], "rotation": 180, "texture": "#8"},
				"west": {"uv": [0, 0, 0.4125, 0.125], "rotation": 180, "texture": "#8"},
				"up": {"uv": [0, 0, 0.15, 0.4125], "texture": "#8"},
				"down": {"uv": [0, 0, 0.15, 0.4125], "texture": "#8"}
			}
		},
		{
			"from": [8.35, 6.35351, 1.48421],
			"to": [8.65, 6.57851, 2.45921],
			"rotation": {"angle": 0, "axis": "y", "origin": [8.5, 6.72851, 2.67171]},
			"faces": {
				"north": {"uv": [0, 0, 0.15, 0.1125], "texture": "#8"},
				"east": {"uv": [0, 0, 0.4875, 0.1125], "texture": "#8"},
				"south": {"uv": [0, 0, 0.15, 0.1125], "texture": "#8"},
				"west": {"uv": [0, 0, 0.4875, 0.1125], "texture": "#8"},
				"up": {"uv": [0, 0, 0.15, 0.4875], "texture": "#8"},
				"down": {"uv": [0, 0, 0.15, 0.4875], "texture": "#8"}
			}
		},
		{
			"from": [7.95, 7.475, 1.375],
			"to": [9.05, 7.575, 7.5],
			"rotation": {"angle": 0, "axis": "y", "origin": [8.5, 5.325, 1.325]},
			"faces": {
				"north": {"uv": [0, 0, 0.55, 0.05], "rotation": 180, "texture": "#3"},
				"east": {"uv": [0, 0, 0.05, 3.0625], "rotation": 270, "texture": "#3"},
				"south": {"uv": [0, 0, 0.55, 0.05], "texture": "#3"},
				"west": {"uv": [0, 0, 0.05, 3.0625], "rotation": 90, "texture": "#3"},
				"up": {"uv": [0, 0, 0.55, 3.0625], "rotation": 180, "texture": "#3"},
				"down": {"uv": [0, 0, 0.55, 3.0625], "texture": "#3"}
			}
		},
		{
			"from": [7.95, 7.375, 3.775],
			"to": [9.05, 7.475, 7.1],
			"rotation": {"angle": 0, "axis": "y", "origin": [8.5, 5.325, 1.325]},
			"faces": {
				"north": {"uv": [0, 0, 0.55, 0.05], "rotation": 180, "texture": "#3"},
				"east": {"uv": [0, 0, 0.05, 1.6625], "rotation": 270, "texture": "#3"},
				"south": {"uv": [0, 0, 0.55, 0.05], "texture": "#3"},
				"west": {"uv": [0, 0, 0.05, 1.6625], "rotation": 90, "texture": "#3"},
				"up": {"uv": [0, 0, 0.55, 1.6625], "rotation": 180, "texture": "#3"},
				"down": {"uv": [0, 0, 0.55, 1.6625], "texture": "#3"}
			}
		}
	],
	"display": {
		"thirdperson_righthand": {
			"rotation": [0, 180, 0],
			"translation": [0.75, 0.5, -5.75]
		},
		"thirdperson_lefthand": {
			"rotation": [0, 180, 0],
			"translation": [-0.5, 0.5, -5.75]
		},
		"firstperson_righthand": {
			"rotation": [0, 180, 0],
			"translation": [-6, 16.25, 5.75],
			"scale": [0.55, 0.55, 0.55]
		},
		"firstperson_lefthand": {
			"rotation": [0, 180, 0],
			"translation": [-6, 100, 5.75],
			"scale": [0.6, 0.6, 0.6]
		},
		"ground": {
			"rotation": [0, 0, 90]
		},
		"gui": {
			"rotation": [30, -124, 0],
			"translation": [0.25, 0.5, 0]
		},
		"head": {
			"rotation": [0, -90, 0],
			"translation": [-1.25, 2.5, 0],
			"scale": [1.9, 1.9, 1.9]
		},
		"fixed": {
			"rotation": [0, 90, 0],
			"translation": [0, 2, 0],
			"scale": [1.51, 1.51, 1.51]
		}
	}
}