{
	"credit": "Made with Blockbench",
	"texture_size": [32, 32],
	"textures": {
		"0": "block/dark_oak_planks",
		"1": "block/gray_concrete",
		"2": "block/black_concrete",
		"5": "block/white_concrete_powder",
		"6": "block/anvil",
		"7": "block/gray_concrete_powder",
		"particle": "block/dark_oak_planks"
	},
	"elements": [
		{
			"from": [-5.2, 2.48332, 15.4093],
			"to": [-3.2, 9.75832, 16.1593],
			"rotation": {"angle": -22.5, "axis": "x", "origin": [-4.2, 6.60832, 15.7843]},
			"faces": {
				"north": {"uv": [0, 0, 1, 3.75], "texture": "#1"},
				"east": {"uv": [0, 0, 0.375, 3.75], "texture": "#1"},
				"south": {"uv": [0, 0, 1, 3.75], "texture": "#1"},
				"west": {"uv": [0, 0, 0.375, 3.75], "texture": "#1"},
				"up": {"uv": [0, 0, 1, 0.375], "rotation": 180, "texture": "#1"},
				"down": {"uv": [0, 0, 1, 0.375], "rotation": 180, "texture": "#1"}
			}
		},
		{
			"from": [-5.2, 9.72747, 13.85938],
			"to": [-3.2, 10.62747, 16.10938],
			"rotation": {"angle": -22.5, "axis": "x", "origin": [-4.2, 10.22747, 14.98438]},
			"faces": {
				"north": {"uv": [0, 0, 1, 0.5], "texture": "#1"},
				"east": {"uv": [0, 0, 0.5, 1.125], "rotation": 90, "texture": "#1"},
				"south": {"uv": [0, 0, 1, 0.5], "rotation": 180, "texture": "#1"},
				"west": {"uv": [0, 0, 0.5, 1.125], "rotation": 270, "texture": "#1"},
				"up": {"uv": [0, 0, 1, 1.125], "texture": "#1"},
				"down": {"uv": [0, 0, 1, 1.125], "rotation": 180, "texture": "#1"}
			}
		},
		{
			"from": [-4.7, 9.41448, 8.71535],
			"to": [-3.7, 10.41448, 9.46535],
			"rotation": {"angle": 0, "axis": "y", "origin": [-4.2, 10.28948, 8.96535]},
			"faces": {
				"north": {"uv": [0, 0, 2.875, 4.125], "rotation": 180, "texture": "#6"},
				"east": {"uv": [0, 0, 2.875, 4.125], "rotation": 180, "texture": "#6"},
				"south": {"uv": [0, 0, 2.875, 4.125], "rotation": 180, "texture": "#6"},
				"west": {"uv": [0, 0, 2.875, 4.125], "rotation": 180, "texture": "#6"},
				"up": {"uv": [0, 0, 2.875, 4.125], "rotation": 180, "texture": "#6"},
				"down": {"uv": [0, 0, 2.875, 4.125], "rotation": 180, "texture": "#6"}
			}
		},
		{
			"from": [-4.7, 8.91448, 8.71535],
			"to": [-3.7, 9.66448, 9.46535],
			"rotation": {"angle": 22.5, "axis": "x", "origin": [-4.2, 9.53948, 8.84035]},
			"faces": {
				"north": {"uv": [0, 0, 2.875, 4.125], "rotation": 180, "texture": "#6"},
				"east": {"uv": [0, 0, 2.875, 4.125], "rotation": 180, "texture": "#6"},
				"south": {"uv": [0, 0, 2.875, 4.125], "rotation": 180, "texture": "#6"},
				"west": {"uv": [0, 0, 2.875, 4.125], "rotation": 180, "texture": "#6"},
				"up": {"uv": [0, 0, 2.875, 4.125], "rotation": 180, "texture": "#6"},
				"down": {"uv": [0, 0, 2.875, 4.125], "rotation": 180, "texture": "#6"}
			}
		},
		{
			"from": [-4.95, 7.86385, 5.89009],
			"to": [-3.45, 8.41385, 7.26509],
			"rotation": {"angle": 45, "axis": "x", "origin": [-4.2, 8.07635, 6.31509]},
			"faces": {
				"north": {"uv": [0, 0, 2.875, 4.125], "rotation": 90, "texture": "#1"},
				"east": {"uv": [0, 0, 2.875, 4.125], "rotation": 90, "texture": "#1"},
				"south": {"uv": [0, 0, 2.875, 4.125], "rotation": 90, "texture": "#1"},
				"west": {"uv": [0, 0, 2.875, 4.125], "rotation": 90, "texture": "#1"},
				"up": {"uv": [0, 0, 2.875, 4.125], "rotation": 90, "texture": "#1"},
				"down": {"uv": [0, 0, 2.875, 4.125], "rotation": 90, "texture": "#1"}
			}
		},
		{
			"from": [-4.95, 7.26448, 6.86535],
			"to": [-3.45, 8.01448, 11.09035],
			"rotation": {"angle": 0, "axis": "y", "origin": [-4.2, 7.51448, 7.71535]},
			"faces": {
				"north": {"uv": [0, 0, 2.875, 4.125], "rotation": 90, "texture": "#1"},
				"east": {"uv": [0, 0, 2.875, 4.125], "rotation": 90, "texture": "#1"},
				"south": {"uv": [0, 0, 2.875, 4.125], "rotation": 90, "texture": "#1"},
				"west": {"uv": [0, 0, 2.875, 4.125], "rotation": 90, "texture": "#1"},
				"up": {"uv": [0, 0, 2.875, 4.125], "rotation": 90, "texture": "#1"},
				"down": {"uv": [0, 0, 2.875, 4.125], "rotation": 90, "texture": "#1"}
			}
		},
		{
			"from": [-5.2, 10.47747, 13.35938],
			"to": [-3.2, 11.72747, 15.68438],
			"rotation": {"angle": -22.5, "axis": "x", "origin": [-4.2, 11.22747, 14.48438]},
			"faces": {
				"north": {"uv": [0, 0, 1, 0.625], "texture": "#1"},
				"east": {"uv": [0, 0, 0.625, 1.25], "rotation": 90, "texture": "#1"},
				"south": {"uv": [0, 0, 1, 0.625], "rotation": 180, "texture": "#1"},
				"west": {"uv": [0, 0, 0.625, 1.25], "rotation": 270, "texture": "#1"},
				"up": {"uv": [0, 0, 1, 1.25], "texture": "#1"},
				"down": {"uv": [0, 0, 1, 1.25], "rotation": 180, "texture": "#1"}
			}
		},
		{
			"from": [-5.2, 13.22747, 15.35938],
			"to": [-3.2, 13.72747, 16.60938],
			"rotation": {"angle": -22.5, "axis": "x", "origin": [-4.2, 13.22747, 15.23438]},
			"faces": {
				"north": {"uv": [0, 0, 1, 0.25], "texture": "#1"},
				"east": {"uv": [0, 0, 0.25, 0.625], "rotation": 90, "texture": "#1"},
				"south": {"uv": [0, 0, 1, 0.25], "rotation": 180, "texture": "#1"},
				"west": {"uv": [0, 0, 0.25, 0.625], "rotation": 270, "texture": "#1"},
				"up": {"uv": [0, 0, 1, 0.625], "texture": "#1"},
				"down": {"uv": [0, 0, 1, 0.625], "rotation": 180, "texture": "#1"}
			}
		},
		{
			"from": [-4.95, 13.75247, 13.20938],
			"to": [-4.45, 14.25247, 14.45938],
			"rotation": {"angle": -22.5, "axis": "x", "origin": [-4.2, 13.72747, 12.48438]},
			"faces": {
				"north": {"uv": [0, 0, 0.25, 0.25], "texture": "#6"},
				"east": {"uv": [0, 0, 0.25, 0.625], "rotation": 90, "texture": "#6"},
				"south": {"uv": [0, 0, 0.25, 0.25], "rotation": 180, "texture": "#6"},
				"west": {"uv": [0, 0, 0.25, 0.625], "rotation": 270, "texture": "#6"},
				"up": {"uv": [0, 12.5, 16, 14.5], "texture": "#6"},
				"down": {"uv": [0, 0, 0.25, 0.625], "rotation": 180, "texture": "#6"}
			}
		},
		{
			"from": [-3.95, 13.75247, 13.20938],
			"to": [-3.45, 14.25247, 14.45938],
			"rotation": {"angle": -22.5, "axis": "x", "origin": [-3.2, 13.72747, 12.48438]},
			"faces": {
				"north": {"uv": [0, 12.5, 16, 14.5], "texture": "#6"},
				"east": {"uv": [0, 12.5, 16, 14.5], "texture": "#6"},
				"south": {"uv": [0, 12.5, 16, 14.5], "texture": "#6"},
				"west": {"uv": [0, 12.5, 16, 14.5], "texture": "#6"},
				"up": {"uv": [0, 12.5, 16, 14.5], "texture": "#6"},
				"down": {"uv": [0, 12.5, 16, 14.5], "texture": "#6"}
			}
		},
		{
			"from": [-4.45, 14.47045, -1.79338],
			"to": [-3.95, 14.62045, -1.29338],
			"rotation": {"angle": 0, "axis": "y", "origin": [-4.2, 14.24545, -1.91838]},
			"faces": {
				"north": {"uv": [0, 0, 0.25, 0.25], "texture": "#6"},
				"east": {"uv": [0, 0, 0.25, 0.625], "rotation": 90, "texture": "#6"},
				"south": {"uv": [0, 0, 0.25, 0.25], "rotation": 180, "texture": "#6"},
				"west": {"uv": [0, 0, 0.25, 0.625], "rotation": 270, "texture": "#6"},
				"up": {"uv": [0, 0, 0.25, 0.625], "texture": "#6"},
				"down": {"uv": [0, 0, 0.25, 0.625], "rotation": 180, "texture": "#6"}
			}
		},
		{
			"from": [-4.95, 10.97747, -3.14062],
			"to": [-3.45, 12.22747, 1.10938],
			"rotation": {"angle": 0, "axis": "y", "origin": [-4.2, 11.72747, 9.98438]},
			"faces": {
				"north": {"uv": [0, 0, 0.75, 0.625], "texture": "#1"},
				"east": {"uv": [0, 0, 0.625, 2.125], "rotation": 90, "texture": "#1"},
				"south": {"uv": [0, 0, 0.75, 0.625], "rotation": 180, "texture": "#1"},
				"west": {"uv": [0, 0, 0.625, 2.125], "rotation": 270, "texture": "#1"},
				"up": {"uv": [0, 0, 0.75, 2.125], "texture": "#1"},
				"down": {"uv": [0, 0, 0.75, 2.125], "rotation": 180, "texture": "#1"}
			}
		},
		{
			"from": [-4.95, 10.72747, 1.10938],
			"to": [-3.45, 12.22747, 15.35938],
			"rotation": {"angle": 0, "axis": "y", "origin": [-4.2, 11.72747, 13.98438]},
			"faces": {
				"north": {"uv": [0, 0, 0.75, 0.75], "texture": "#1"},
				"east": {"uv": [0, 0, 0.75, 7.125], "rotation": 90, "texture": "#1"},
				"south": {"uv": [0, 0, 0.75, 0.75], "rotation": 180, "texture": "#1"},
				"west": {"uv": [0, 0, 0.75, 7.125], "rotation": 270, "texture": "#1"},
				"up": {"uv": [0, 0, 0.75, 7.125], "texture": "#1"},
				"down": {"uv": [0, 0, 0.75, 7.125], "rotation": 180, "texture": "#1"}
			}
		},
		{
			"from": [-5.2, 12.22747, -3.14062],
			"to": [-3.2, 14.22747, 5.60938],
			"rotation": {"angle": 0, "axis": "y", "origin": [-4.2, 13.22747, 13.98438]},
			"faces": {
				"north": {"uv": [0, 0, 1, 1], "texture": "#1"},
				"east": {"uv": [0, 0, 1, 4.375], "rotation": 90, "texture": "#1"},
				"south": {"uv": [0, 0, 1, 1], "rotation": 180, "texture": "#1"},
				"west": {"uv": [0, 0, 1, 4.375], "rotation": 270, "texture": "#1"},
				"up": {"uv": [0, 0, 1, 4.375], "texture": "#1"},
				"down": {"uv": [0, 0, 1, 4.375], "rotation": 180, "texture": "#1"}
			}
		},
		{
			"from": [-5.2, 12.22747, 5.60938],
			"to": [-3.2, 13.97747, 8.35938],
			"rotation": {"angle": 0, "axis": "y", "origin": [-4.2, 13.22747, 16.73438]},
			"faces": {
				"north": {"uv": [0, 0, 1, 0.875], "texture": "#1"},
				"east": {"uv": [0, 0, 0.875, 1.375], "rotation": 90, "texture": "#1"},
				"south": {"uv": [0, 0, 1, 0.875], "rotation": 180, "texture": "#1"},
				"west": {"uv": [0, 0, 0.875, 1.375], "rotation": 270, "texture": "#1"},
				"up": {"uv": [0, 0, 1, 1.375], "texture": "#1"},
				"down": {"uv": [0, 0, 1, 1.375], "rotation": 180, "texture": "#1"}
			}
		},
		{
			"from": [-4.95, 13.97747, 5.85938],
			"to": [-3.45, 14.22747, 8.10938],
			"rotation": {"angle": 0, "axis": "y", "origin": [-4.2, 13.47747, 16.73438]},
			"faces": {
				"north": {"uv": [0, 0, 0.75, 0.125], "texture": "#5"},
				"east": {"uv": [0, 0, 16, 16], "rotation": 90, "texture": "#5"},
				"south": {"uv": [0, 0, 0.75, 0.125], "rotation": 180, "texture": "#5"},
				"west": {"uv": [0, 0, 0.125, 1.125], "rotation": 270, "texture": "#5"},
				"up": {"uv": [0, 0, 0.75, 1.125], "texture": "#5"},
				"down": {"uv": [0, 0, 0.75, 1.125], "rotation": 180, "texture": "#5"}
			}
		},
		{
			"from": [-5.2, 12.22747, 8.35938],
			"to": [-3.2, 14.22747, 15.35938],
			"rotation": {"angle": 0, "axis": "y", "origin": [-4.2, 13.22747, 13.98438]},
			"faces": {
				"north": {"uv": [0, 0, 1, 1], "texture": "#1"},
				"east": {"uv": [0, 0, 1, 3.5], "rotation": 90, "texture": "#1"},
				"south": {"uv": [0, 0, 1, 1], "rotation": 180, "texture": "#1"},
				"west": {"uv": [0, 0, 1, 3.5], "rotation": 270, "texture": "#1"},
				"up": {"uv": [0, 0, 1, 3.5], "texture": "#1"},
				"down": {"uv": [0, 0, 1, 3.5], "rotation": 180, "texture": "#1"}
			}
		},
		{
			"from": [-3.2, 12.22747, 9.35938],
			"to": [-2.95, 14.37747, 9.60938],
			"rotation": {"angle": 0, "axis": "y", "origin": [-2.2, 13.22747, 13.98438]},
			"faces": {
				"north": {"uv": [0, 0, 0.125, 1], "texture": "#6"},
				"east": {"uv": [0, 0, 1, 0.125], "rotation": 90, "texture": "#6"},
				"south": {"uv": [0, 0, 0.125, 1], "rotation": 180, "texture": "#6"},
				"west": {"uv": [0, 0, 1, 0.125], "rotation": 270, "texture": "#6"},
				"up": {"uv": [0, 0, 0.125, 0.125], "texture": "#6"},
				"down": {"uv": [0, 0, 0.125, 0.125], "rotation": 180, "texture": "#6"}
			}
		},
		{
			"from": [-3.2, 12.22747, 12.85938],
			"to": [-2.95, 14.37747, 13.10938],
			"rotation": {"angle": 0, "axis": "y", "origin": [-2.2, 13.22747, 13.98438]},
			"faces": {
				"north": {"uv": [0, 0, 0.125, 1], "texture": "#6"},
				"east": {"uv": [0, 0, 1, 0.125], "rotation": 90, "texture": "#6"},
				"south": {"uv": [0, 0, 0.125, 1], "rotation": 180, "texture": "#6"},
				"west": {"uv": [0, 0, 1, 0.125], "rotation": 270, "texture": "#6"},
				"up": {"uv": [0, 0, 0.125, 0.125], "texture": "#6"},
				"down": {"uv": [0, 0, 0.125, 0.125], "rotation": 180, "texture": "#6"}
			}
		},
		{
			"from": [-3.2, 12.22747, 12.35938],
			"to": [-2.95, 14.37747, 12.60938],
			"rotation": {"angle": 0, "axis": "y", "origin": [-2.2, 13.22747, 13.48438]},
			"faces": {
				"north": {"uv": [0, 0, 0.125, 1], "texture": "#6"},
				"east": {"uv": [0, 0, 1, 0.125], "rotation": 90, "texture": "#6"},
				"south": {"uv": [0, 0, 0.125, 1], "rotation": 180, "texture": "#6"},
				"west": {"uv": [0, 0, 1, 0.125], "rotation": 270, "texture": "#6"},
				"up": {"uv": [0, 0, 0.125, 0.125], "texture": "#6"},
				"down": {"uv": [0, 0, 0.125, 0.125], "rotation": 180, "texture": "#6"}
			}
		},
		{
			"from": [-3.2, 12.22747, 11.85938],
			"to": [-2.95, 14.37747, 12.10938],
			"rotation": {"angle": 0, "axis": "y", "origin": [-2.2, 13.22747, 12.98438]},
			"faces": {
				"north": {"uv": [0, 0, 0.125, 1], "texture": "#6"},
				"east": {"uv": [0, 0, 1, 0.125], "rotation": 90, "texture": "#6"},
				"south": {"uv": [0, 0, 0.125, 1], "rotation": 180, "texture": "#6"},
				"west": {"uv": [0, 0, 1, 0.125], "rotation": 270, "texture": "#6"},
				"up": {"uv": [0, 0, 0.125, 0.125], "texture": "#6"},
				"down": {"uv": [0, 0, 0.125, 0.125], "rotation": 180, "texture": "#6"}
			}
		},
		{
			"from": [-3.2, 12.22747, 11.35938],
			"to": [-2.95, 14.37747, 11.60938],
			"rotation": {"angle": 0, "axis": "y", "origin": [-2.2, 13.22747, 12.48438]},
			"faces": {
				"north": {"uv": [0, 0, 0.125, 1], "texture": "#6"},
				"east": {"uv": [0, 0, 1, 0.125], "rotation": 90, "texture": "#6"},
				"south": {"uv": [0, 0, 0.125, 1], "rotation": 180, "texture": "#6"},
				"west": {"uv": [0, 0, 1, 0.125], "rotation": 270, "texture": "#6"},
				"up": {"uv": [0, 0, 0.125, 0.125], "texture": "#6"},
				"down": {"uv": [0, 0, 0.125, 0.125], "rotation": 180, "texture": "#6"}
			}
		},
		{
			"from": [-3.2, 12.22747, 10.85938],
			"to": [-2.95, 14.37747, 11.10938],
			"rotation": {"angle": 0, "axis": "y", "origin": [-2.2, 13.22747, 11.98438]},
			"faces": {
				"north": {"uv": [0, 0, 0.125, 1], "texture": "#6"},
				"east": {"uv": [0, 0, 1, 0.125], "rotation": 90, "texture": "#6"},
				"south": {"uv": [0, 0, 0.125, 1], "rotation": 180, "texture": "#6"},
				"west": {"uv": [0, 0, 1, 0.125], "rotation": 270, "texture": "#6"},
				"up": {"uv": [0, 0, 0.125, 0.125], "texture": "#6"},
				"down": {"uv": [0, 0, 0.125, 0.125], "rotation": 180, "texture": "#6"}
			}
		},
		{
			"from": [-3.2, 12.22747, 10.35938],
			"to": [-2.95, 14.37747, 10.60938],
			"rotation": {"angle": 0, "axis": "y", "origin": [-2.2, 13.22747, 11.48438]},
			"faces": {
				"north": {"uv": [0, 0, 0.125, 1], "texture": "#6"},
				"east": {"uv": [0, 0, 1, 0.125], "rotation": 90, "texture": "#6"},
				"south": {"uv": [0, 0, 0.125, 1], "rotation": 180, "texture": "#6"},
				"west": {"uv": [0, 0, 1, 0.125], "rotation": 270, "texture": "#6"},
				"up": {"uv": [0, 0, 0.125, 0.125], "texture": "#6"},
				"down": {"uv": [0, 0, 0.125, 0.125], "rotation": 180, "texture": "#6"}
			}
		},
		{
			"from": [-3.2, 12.22747, 9.85938],
			"to": [-2.95, 14.37747, 10.10938],
			"rotation": {"angle": 0, "axis": "y", "origin": [-2.2, 13.22747, 10.98438]},
			"faces": {
				"north": {"uv": [0, 0, 0.125, 1], "texture": "#6"},
				"east": {"uv": [0, 0, 1, 0.125], "rotation": 90, "texture": "#6"},
				"south": {"uv": [0, 0, 0.125, 1], "rotation": 180, "texture": "#6"},
				"west": {"uv": [0, 0, 1, 0.125], "rotation": 270, "texture": "#6"},
				"up": {"uv": [0, 0, 0.125, 0.125], "texture": "#6"},
				"down": {"uv": [0, 0, 0.125, 0.125], "rotation": 180, "texture": "#6"}
			}
		},
		{
			"from": [-5.45, 12.22747, 9.85938],
			"to": [-5.2, 14.37747, 10.10938],
			"rotation": {"angle": 0, "axis": "y", "origin": [-4.45, 13.22747, 10.98438]},
			"faces": {
				"north": {"uv": [0, 0, 0.125, 1], "texture": "#6"},
				"east": {"uv": [0, 0, 1, 0.125], "rotation": 90, "texture": "#6"},
				"south": {"uv": [0, 0, 0.125, 1], "rotation": 180, "texture": "#6"},
				"west": {"uv": [0, 0, 1, 0.125], "rotation": 270, "texture": "#6"},
				"up": {"uv": [0, 0, 0.125, 0.125], "texture": "#6"},
				"down": {"uv": [0, 0, 0.125, 0.125], "rotation": 180, "texture": "#6"}
			}
		},
		{
			"from": [-5.45, 12.22747, 12.35938],
			"to": [-5.2, 14.37747, 12.60938],
			"rotation": {"angle": 0, "axis": "y", "origin": [-4.45, 13.22747, 13.48438]},
			"faces": {
				"north": {"uv": [0, 0, 0.125, 1], "texture": "#6"},
				"east": {"uv": [0, 0, 1, 0.125], "rotation": 90, "texture": "#6"},
				"south": {"uv": [0, 0, 0.125, 1], "rotation": 180, "texture": "#6"},
				"west": {"uv": [0, 0, 1, 0.125], "rotation": 270, "texture": "#6"},
				"up": {"uv": [0, 0, 0.125, 0.125], "texture": "#6"},
				"down": {"uv": [0, 0, 0.125, 0.125], "rotation": 180, "texture": "#6"}
			}
		},
		{
			"from": [-5.45, 12.22747, 11.85938],
			"to": [-5.2, 14.37747, 12.10938],
			"rotation": {"angle": 0, "axis": "y", "origin": [-4.45, 13.22747, 12.98438]},
			"faces": {
				"north": {"uv": [0, 0, 0.125, 1], "texture": "#6"},
				"east": {"uv": [0, 0, 1, 0.125], "rotation": 90, "texture": "#6"},
				"south": {"uv": [0, 0, 0.125, 1], "rotation": 180, "texture": "#6"},
				"west": {"uv": [0, 0, 1, 0.125], "rotation": 270, "texture": "#6"},
				"up": {"uv": [0, 0, 0.125, 0.125], "texture": "#6"},
				"down": {"uv": [0, 0, 0.125, 0.125], "rotation": 180, "texture": "#6"}
			}
		},
		{
			"from": [-5.45, 12.22747, 11.35938],
			"to": [-5.2, 14.37747, 11.60938],
			"rotation": {"angle": 0, "axis": "y", "origin": [-4.45, 13.22747, 12.48438]},
			"faces": {
				"north": {"uv": [0, 0, 0.125, 1], "texture": "#6"},
				"east": {"uv": [0, 0, 1, 0.125], "rotation": 90, "texture": "#6"},
				"south": {"uv": [0, 0, 0.125, 1], "rotation": 180, "texture": "#6"},
				"west": {"uv": [0, 0, 1, 0.125], "rotation": 270, "texture": "#6"},
				"up": {"uv": [0, 0, 0.125, 0.125], "texture": "#6"},
				"down": {"uv": [0, 0, 0.125, 0.125], "rotation": 180, "texture": "#6"}
			}
		},
		{
			"from": [-5.45, 12.22747, 10.85938],
			"to": [-5.2, 14.37747, 11.10938],
			"rotation": {"angle": 0, "axis": "y", "origin": [-4.45, 13.22747, 11.98438]},
			"faces": {
				"north": {"uv": [0, 0, 0.125, 1], "texture": "#6"},
				"east": {"uv": [0, 0, 1, 0.125], "rotation": 90, "texture": "#6"},
				"south": {"uv": [0, 0, 0.125, 1], "rotation": 180, "texture": "#6"},
				"west": {"uv": [0, 0, 1, 0.125], "rotation": 270, "texture": "#6"},
				"up": {"uv": [0, 0, 0.125, 0.125], "texture": "#6"},
				"down": {"uv": [0, 0, 0.125, 0.125], "rotation": 180, "texture": "#6"}
			}
		},
		{
			"from": [-5.45, 12.22747, 10.35938],
			"to": [-5.2, 14.37747, 10.60938],
			"rotation": {"angle": 0, "axis": "y", "origin": [-4.45, 13.22747, 11.48438]},
			"faces": {
				"north": {"uv": [0, 0, 0.125, 1], "texture": "#6"},
				"east": {"uv": [0, 0, 1, 0.125], "rotation": 90, "texture": "#6"},
				"south": {"uv": [0, 0, 0.125, 1], "rotation": 180, "texture": "#6"},
				"west": {"uv": [0, 0, 1, 0.125], "rotation": 270, "texture": "#6"},
				"up": {"uv": [0, 0, 0.125, 0.125], "texture": "#6"},
				"down": {"uv": [0, 0, 0.125, 0.125], "rotation": 180, "texture": "#6"}
			}
		},
		{
			"from": [-5.45, 12.22747, 9.35938],
			"to": [-5.2, 14.37747, 9.60938],
			"rotation": {"angle": 0, "axis": "y", "origin": [-4.45, 13.22747, 13.98438]},
			"faces": {
				"north": {"uv": [0, 0, 0.125, 1], "texture": "#6"},
				"east": {"uv": [0, 0, 1, 0.125], "rotation": 90, "texture": "#6"},
				"south": {"uv": [0, 0, 0.125, 1], "rotation": 180, "texture": "#6"},
				"west": {"uv": [0, 0, 1, 0.125], "rotation": 270, "texture": "#6"},
				"up": {"uv": [0, 0, 0.125, 0.125], "texture": "#6"},
				"down": {"uv": [0, 0, 0.125, 0.125], "rotation": 180, "texture": "#6"}
			}
		},
		{
			"from": [-5.45, 12.22747, 12.85938],
			"to": [-5.2, 14.37747, 13.10938],
			"rotation": {"angle": 0, "axis": "y", "origin": [-4.45, 13.22747, 13.98438]},
			"faces": {
				"north": {"uv": [0, 0, 0.125, 1], "texture": "#6"},
				"east": {"uv": [0, 0, 1, 0.125], "rotation": 90, "texture": "#6"},
				"south": {"uv": [0, 0, 0.125, 1], "rotation": 180, "texture": "#6"},
				"west": {"uv": [0, 0, 1, 0.125], "rotation": 270, "texture": "#6"},
				"up": {"uv": [0, 0, 0.125, 0.125], "texture": "#6"},
				"down": {"uv": [0, 0, 0.125, 0.125], "rotation": 180, "texture": "#6"}
			}
		},
		{
			"from": [-5.2, 10.23332, 15.7343],
			"to": [-3.2, 11.23332, 17.9093],
			"rotation": {"angle": 0, "axis": "y", "origin": [-4.2, 10.73332, 16.9093]},
			"faces": {
				"north": {"uv": [0, 0, 1, 0.5], "texture": "#1"},
				"east": {"uv": [0, 0, 0.5, 1], "rotation": 90, "texture": "#1"},
				"south": {"uv": [0, 0, 1, 0.5], "rotation": 180, "texture": "#1"},
				"west": {"uv": [0, 0, 0.5, 1], "rotation": 270, "texture": "#1"},
				"up": {"uv": [0, 0, 1, 1], "texture": "#1"},
				"down": {"uv": [0, 0, 1, 1], "rotation": 180, "texture": "#1"}
			}
		},
		{
			"from": [-5.2, 1.16452, 11.77244],
			"to": [-3.2, 10.91452, 12.52244],
			"rotation": {"angle": -22.5, "axis": "x", "origin": [-4.2, 5.78952, 12.14744]},
			"faces": {
				"north": {"uv": [0, 0, 0.375, 4.875], "texture": "#1"},
				"east": {"uv": [0, 0, 0.375, 4.875], "texture": "#1"},
				"south": {"uv": [0, 0, 0.375, 4.875], "texture": "#1"},
				"west": {"uv": [0, 0, 0.375, 4.875], "texture": "#1"},
				"up": {"uv": [0, 0, 0.375, 4.875], "texture": "#1"},
				"down": {"uv": [0, 0, 0.375, 4.875], "texture": "#1"}
			}
		},
		{
			"from": [-4.7, 10.39549, 5.92677],
			"to": [-3.7, 10.89549, 10.67677],
			"rotation": {"angle": 0, "axis": "y", "origin": [-4.2, 11.02049, 5.80177]},
			"faces": {
				"north": {"uv": [0, 0, 2.75, 4.375], "rotation": 90, "texture": "#1"},
				"east": {"uv": [0, 0, 2.75, 4.375], "rotation": 90, "texture": "#1"},
				"south": {"uv": [0, 0, 2.75, 4.375], "rotation": 90, "texture": "#1"},
				"west": {"uv": [0, 0, 2.75, 4.375], "rotation": 90, "texture": "#1"},
				"up": {"uv": [0, 0, 2.75, 4.375], "rotation": 90, "texture": "#1"},
				"down": {"uv": [0, 0, 2.75, 4.375], "rotation": 90, "texture": "#1"}
			}
		},
		{
			"from": [-5.45, 1.85456, 12.48464],
			"to": [-2.95, 11.65456, 15.48464],
			"rotation": {"angle": -22.5, "axis": "x", "origin": [-4.2, 6.10456, 13.98464]},
			"faces": {
				"north": {"uv": [0, 0, 7.5, 11.5], "texture": "#0"},
				"east": {"uv": [0, 0, 7.5, 11.5], "texture": "#0"},
				"south": {"uv": [0, 0, 7.5, 11.5], "texture": "#0"},
				"west": {"uv": [0, 0, 7.5, 11.5], "texture": "#0"},
				"up": {"uv": [0, 0, 7.5, 11.5], "texture": "#0"},
				"down": {"uv": [0, 0, 7.5, 11.5], "texture": "#0"}
			}
		},
		{
			"from": [-5.45, 1.67807, 13.36104],
			"to": [-2.95, 2.17807, 17.86104],
			"rotation": {"angle": -22.5, "axis": "x", "origin": [-4.2, 1.92807, 15.61104]},
			"faces": {
				"north": {"uv": [0, 0, 1.25, 0.25], "texture": "#1"},
				"east": {"uv": [0, 0, 2.25, 0.25], "texture": "#1"},
				"south": {"uv": [0, 0, 1.25, 0.25], "texture": "#1"},
				"west": {"uv": [0, 0, 2.25, 0.25], "texture": "#1"},
				"up": {"uv": [0, 0, 1.25, 2.25], "rotation": 180, "texture": "#1"},
				"down": {"uv": [0, 0, 1.25, 2.25], "rotation": 180, "texture": "#1"}
			}
		},
		{
			"from": [-5.2, 1.47807, 13.86104],
			"to": [-3.2, 1.72807, 17.86104],
			"rotation": {"angle": -22.5, "axis": "x", "origin": [-4.2, 1.42807, 15.86104]},
			"faces": {
				"north": {"uv": [0, 0, 1, 0.125], "texture": "#7"},
				"east": {"uv": [0, 0, 2, 0.125], "texture": "#7"},
				"south": {"uv": [0, 0, 1, 0.125], "texture": "#7"},
				"west": {"uv": [0, 0, 2, 0.125], "texture": "#7"},
				"up": {"uv": [0, 0, 1, 2], "rotation": 180, "texture": "#7"},
				"down": {"uv": [0, 0, 1, 2], "rotation": 180, "texture": "#7"}
			}
		},
		{
			"from": [-5.2, 14.22747, -2.89062],
			"to": [-3.2, 14.47747, 5.35938],
			"rotation": {"angle": 0, "axis": "y", "origin": [-4.2, 13.22747, 13.98438]},
			"faces": {
				"north": {"uv": [0, 0, 1, 1], "texture": "#1"},
				"east": {"uv": [0, 0, 1, 4.375], "rotation": 90, "texture": "#1"},
				"south": {"uv": [0, 0, 1, 1], "rotation": 180, "texture": "#1"},
				"west": {"uv": [0, 0, 1, 4.375], "rotation": 270, "texture": "#1"},
				"up": {"uv": [0, 0, 1, 4.375], "texture": "#1"},
				"down": {"uv": [0, 0, 1, 4.375], "rotation": 180, "texture": "#1"}
			}
		},
		{
			"from": [-5.2, 14.22747, 8.60938],
			"to": [-3.2, 14.47747, 15.10938],
			"rotation": {"angle": 0, "axis": "y", "origin": [-4.2, 13.22747, 13.98438]},
			"faces": {
				"north": {"uv": [0, 0, 1, 1], "texture": "#1"},
				"east": {"uv": [0, 0, 1, 3.5], "rotation": 90, "texture": "#1"},
				"south": {"uv": [0, 0, 1, 1], "rotation": 180, "texture": "#1"},
				"west": {"uv": [0, 0, 1, 3.5], "rotation": 270, "texture": "#1"},
				"up": {"uv": [0, 0, 1, 3.5], "texture": "#1"},
				"down": {"uv": [0, 0, 1, 3.5], "rotation": 180, "texture": "#1"}
			}
		},
		{
			"from": [-4.95, 8.23806, 5.60275],
			"to": [-3.45, 9.31306, 6.10275],
			"rotation": {"angle": -22.5, "axis": "x", "origin": [-4.2, 8.88806, 5.76525]},
			"faces": {
				"north": {"uv": [0, 0, 2.875, 4.125], "rotation": 180, "texture": "#1"},
				"east": {"uv": [0, 0, 2.875, 4.125], "rotation": 180, "texture": "#1"},
				"south": {"uv": [0, 0, 2.875, 4.125], "rotation": 180, "texture": "#1"},
				"west": {"uv": [0, 0, 2.875, 4.125], "rotation": 180, "texture": "#1"},
				"up": {"uv": [0, 0, 2.875, 4.125], "rotation": 180, "texture": "#1"},
				"down": {"uv": [0, 0, 2.875, 4.125], "rotation": 180, "texture": "#1"}
			}
		},
		{
			"from": [-4.95, 9.21448, 5.46535],
			"to": [-3.45, 10.71448, 5.91535],
			"rotation": {"angle": 0, "axis": "y", "origin": [-4.2, 10.06448, 5.57785]},
			"faces": {
				"north": {"uv": [0, 0, 2.875, 4.125], "rotation": 180, "texture": "#1"},
				"east": {"uv": [0, 0, 2.875, 4.125], "rotation": 180, "texture": "#1"},
				"south": {"uv": [0, 0, 2.875, 4.125], "rotation": 180, "texture": "#1"},
				"west": {"uv": [0, 0, 2.875, 4.125], "rotation": 180, "texture": "#1"},
				"up": {"uv": [0, 0, 2.875, 4.125], "rotation": 180, "texture": "#1"},
				"down": {"uv": [0, 0, 2.875, 4.125], "rotation": 180, "texture": "#1"}
			}
		},
		{
			"from": [-4.95, 13.87045, -3.31838],
			"to": [-3.45, 14.02045, -3.14338],
			"rotation": {"angle": 0, "axis": "y", "origin": [-4.2, 14.24545, -1.91838]},
			"faces": {
				"north": {"uv": [0, 0, 0.25, 0.25], "texture": "#1"},
				"east": {"uv": [0, 0, 0.25, 0.25], "texture": "#1"},
				"south": {"uv": [0, 0, 0.25, 0.25], "texture": "#1"},
				"west": {"uv": [0, 0, 0.25, 0.25], "texture": "#1"},
				"up": {"uv": [0, 0, 0.25, 0.25], "texture": "#1"},
				"down": {"uv": [0, 0, 0.25, 0.25], "texture": "#1"}
			}
		},
		{
			"from": [-4.8, 12.67045, -3.14338],
			"to": [-3.6, 13.87045, -3.14338],
			"rotation": {"angle": 0, "axis": "y", "origin": [-4.2, 13.87045, -3.16838]},
			"faces": {
				"north": {"uv": [0, 0, 0.25, 0.25], "rotation": 270, "texture": "#2"},
				"east": {"uv": [0, 0, 0.25, 0.25], "rotation": 270, "texture": "#2"},
				"south": {"uv": [0, 0, 0.25, 0.25], "rotation": 270, "texture": "#2"},
				"west": {"uv": [0, 0, 0.25, 0.25], "rotation": 270, "texture": "#2"},
				"up": {"uv": [0, 0, 0.25, 0.25], "rotation": 270, "texture": "#2"},
				"down": {"uv": [0, 0, 0.25, 0.25], "rotation": 270, "texture": "#2"}
			}
		},
		{
			"from": [-4.95, 12.52045, -3.31838],
			"to": [-3.45, 12.67045, -3.14338],
			"rotation": {"angle": 0, "axis": "y", "origin": [-4.2, 14.24545, -1.91838]},
			"faces": {
				"north": {"uv": [0, 0, 0.25, 0.25], "texture": "#1"},
				"east": {"uv": [0, 0, 0.25, 0.25], "texture": "#1"},
				"south": {"uv": [0, 0, 0.25, 0.25], "texture": "#1"},
				"west": {"uv": [0, 0, 0.25, 0.25], "texture": "#1"},
				"up": {"uv": [0, 0, 0.25, 0.25], "texture": "#1"},
				"down": {"uv": [0, 0, 0.25, 0.25], "texture": "#1"}
			}
		},
		{
			"from": [-4.95, 12.52045, -3.31838],
			"to": [-4.8, 14.02045, -3.14338],
			"rotation": {"angle": 0, "axis": "y", "origin": [-4.2, 13.87045, -3.16838]},
			"faces": {
				"north": {"uv": [0, 0, 0.25, 0.25], "rotation": 270, "texture": "#1"},
				"east": {"uv": [0, 0, 0.25, 0.25], "rotation": 270, "texture": "#1"},
				"south": {"uv": [0, 0, 0.25, 0.25], "rotation": 270, "texture": "#1"},
				"west": {"uv": [0, 0, 0.25, 0.25], "rotation": 270, "texture": "#1"},
				"up": {"uv": [0, 0, 0.25, 0.25], "rotation": 270, "texture": "#1"},
				"down": {"uv": [0, 0, 0.25, 0.25], "rotation": 270, "texture": "#1"}
			}
		},
		{
			"from": [-3.475, 12.17747, 1.10938],
			"to": [-3.425, 12.22747, 15.35938],
			"rotation": {"angle": 0, "axis": "y", "origin": [-4.2, 11.72747, 13.98438]},
			"faces": {
				"north": {"uv": [0, 0, 0.75, 0.75], "texture": "#5"},
				"east": {"uv": [0, 0, 0.75, 7.125], "rotation": 90, "texture": "#5"},
				"south": {"uv": [0, 0, 0.75, 0.75], "rotation": 180, "texture": "#5"},
				"west": {"uv": [0, 0, 0.75, 7.125], "rotation": 270, "texture": "#5"},
				"up": {"uv": [0, 0, 0.75, 7.125], "texture": "#5"},
				"down": {"uv": [0, 0, 0.75, 7.125], "rotation": 180, "texture": "#5"}
			}
		},
		{
			"from": [-3.475, 12.17747, -3.14062],
			"to": [-3.425, 12.22747, 1.10938],
			"rotation": {"angle": 0, "axis": "y", "origin": [-4.2, 11.72747, 9.98438]},
			"faces": {
				"north": {"uv": [0, 0, 0.75, 0.625], "texture": "#5"},
				"east": {"uv": [0, 0, 0.625, 2.125], "rotation": 90, "texture": "#5"},
				"south": {"uv": [0, 0, 0.75, 0.625], "rotation": 180, "texture": "#5"},
				"west": {"uv": [0, 0, 0.625, 2.125], "rotation": 270, "texture": "#5"},
				"up": {"uv": [0, 0, 0.75, 2.125], "texture": "#5"},
				"down": {"uv": [0, 0, 0.75, 2.125], "rotation": 180, "texture": "#5"}
			}
		},
		{
			"from": [-4.975, 12.17747, -3.16562],
			"to": [-3.425, 12.22747, -3.14062],
			"rotation": {"angle": 0, "axis": "y", "origin": [-4.2, 11.72747, 9.98438]},
			"faces": {
				"north": {"uv": [0, 0, 0.75, 0.625], "texture": "#5"},
				"east": {"uv": [0, 0, 0.625, 2.125], "rotation": 90, "texture": "#5"},
				"south": {"uv": [0, 0, 0.75, 0.625], "rotation": 180, "texture": "#5"},
				"west": {"uv": [0, 0, 0.625, 2.125], "rotation": 270, "texture": "#5"},
				"up": {"uv": [0, 0, 0.75, 2.125], "texture": "#5"},
				"down": {"uv": [0, 0, 0.75, 2.125], "rotation": 180, "texture": "#5"}
			}
		},
		{
			"from": [-4.975, 12.17747, -3.14062],
			"to": [-4.925, 12.22747, 1.10938],
			"rotation": {"angle": 0, "axis": "y", "origin": [-4.2, 11.72747, 9.98438]},
			"faces": {
				"north": {"uv": [0, 0, 0.75, 0.625], "texture": "#5"},
				"east": {"uv": [0, 0, 0.625, 2.125], "rotation": 90, "texture": "#5"},
				"south": {"uv": [0, 0, 0.75, 0.625], "rotation": 180, "texture": "#5"},
				"west": {"uv": [0, 0, 0.625, 2.125], "rotation": 270, "texture": "#5"},
				"up": {"uv": [0, 0, 0.75, 2.125], "texture": "#5"},
				"down": {"uv": [0, 0, 0.75, 2.125], "rotation": 180, "texture": "#5"}
			}
		},
		{
			"from": [-4.975, 12.17747, 1.10938],
			"to": [-4.925, 12.22747, 15.35938],
			"rotation": {"angle": 0, "axis": "y", "origin": [-4.2, 11.72747, 13.98438]},
			"faces": {
				"north": {"uv": [0, 0, 0.75, 0.75], "texture": "#5"},
				"east": {"uv": [0, 0, 0.75, 7.125], "rotation": 90, "texture": "#5"},
				"south": {"uv": [0, 0, 0.75, 0.75], "rotation": 180, "texture": "#5"},
				"west": {"uv": [0, 0, 0.75, 7.125], "rotation": 270, "texture": "#5"},
				"up": {"uv": [0, 0, 0.75, 7.125], "texture": "#5"},
				"down": {"uv": [0, 0, 0.75, 7.125], "rotation": 180, "texture": "#5"}
			}
		},
		{
			"from": [-4.975, 12.17747, 15.35938],
			"to": [-3.425, 12.22747, 15.38438],
			"rotation": {"angle": 0, "axis": "y", "origin": [-4.2, 11.72747, 9.98438]},
			"faces": {
				"north": {"uv": [0, 0, 0.75, 0.625], "texture": "#5"},
				"east": {"uv": [0, 0, 0.625, 2.125], "rotation": 90, "texture": "#5"},
				"south": {"uv": [0, 0, 0.75, 0.625], "rotation": 180, "texture": "#5"},
				"west": {"uv": [0, 0, 0.625, 2.125], "rotation": 270, "texture": "#5"},
				"up": {"uv": [0, 0, 0.75, 2.125], "texture": "#5"},
				"down": {"uv": [0, 0, 0.75, 2.125], "rotation": 180, "texture": "#5"}
			}
		},
		{
			"from": [-3.6, 12.52045, -3.31838],
			"to": [-3.45, 14.02045, -3.14338],
			"rotation": {"angle": 0, "axis": "y", "origin": [-4.2, 13.87045, -3.16838]},
			"faces": {
				"north": {"uv": [0, 0, 0.25, 0.25], "rotation": 270, "texture": "#1"},
				"east": {"uv": [0, 0, 0.25, 0.25], "rotation": 270, "texture": "#1"},
				"south": {"uv": [0, 0, 0.25, 0.25], "rotation": 270, "texture": "#1"},
				"west": {"uv": [0, 0, 0.25, 0.25], "rotation": 270, "texture": "#1"},
				"up": {"uv": [0, 0, 0.25, 0.25], "rotation": 270, "texture": "#1"},
				"down": {"uv": [0, 0, 0.25, 0.25], "rotation": 270, "texture": "#1"}
			}
		},
		{
			"from": [19.3, 2.48332, 15.4093],
			"to": [21.3, 9.75832, 16.1593],
			"rotation": {"angle": -22.5, "axis": "x", "origin": [20.3, 6.60832, 15.7843]},
			"faces": {
				"north": {"uv": [0, 0, 1, 3.75], "texture": "#1"},
				"east": {"uv": [0, 0, 0.375, 3.75], "texture": "#1"},
				"south": {"uv": [0, 0, 1, 3.75], "texture": "#1"},
				"west": {"uv": [0, 0, 0.375, 3.75], "texture": "#1"},
				"up": {"uv": [0, 0, 1, 0.375], "rotation": 180, "texture": "#1"},
				"down": {"uv": [0, 0, 1, 0.375], "rotation": 180, "texture": "#1"}
			}
		},
		{
			"from": [19.3, 9.72747, 13.85938],
			"to": [21.3, 10.62747, 16.10938],
			"rotation": {"angle": -22.5, "axis": "x", "origin": [20.3, 10.22747, 14.98438]},
			"faces": {
				"north": {"uv": [0, 0, 1, 0.5], "texture": "#1"},
				"east": {"uv": [0, 0, 0.5, 1.125], "rotation": 90, "texture": "#1"},
				"south": {"uv": [0, 0, 1, 0.5], "rotation": 180, "texture": "#1"},
				"west": {"uv": [0, 0, 0.5, 1.125], "rotation": 270, "texture": "#1"},
				"up": {"uv": [0, 0, 1, 1.125], "texture": "#1"},
				"down": {"uv": [0, 0, 1, 1.125], "rotation": 180, "texture": "#1"}
			}
		},
		{
			"from": [19.8, 9.41448, 8.71535],
			"to": [20.8, 10.41448, 9.46535],
			"rotation": {"angle": 0, "axis": "y", "origin": [20.3, 10.28948, 8.96535]},
			"faces": {
				"north": {"uv": [0, 0, 2.875, 4.125], "rotation": 180, "texture": "#6"},
				"east": {"uv": [0, 0, 2.875, 4.125], "rotation": 180, "texture": "#6"},
				"south": {"uv": [0, 0, 2.875, 4.125], "rotation": 180, "texture": "#6"},
				"west": {"uv": [0, 0, 2.875, 4.125], "rotation": 180, "texture": "#6"},
				"up": {"uv": [0, 0, 2.875, 4.125], "rotation": 180, "texture": "#6"},
				"down": {"uv": [0, 0, 2.875, 4.125], "rotation": 180, "texture": "#6"}
			}
		},
		{
			"from": [19.8, 8.91448, 8.71535],
			"to": [20.8, 9.66448, 9.46535],
			"rotation": {"angle": 22.5, "axis": "x", "origin": [20.3, 9.53948, 8.84035]},
			"faces": {
				"north": {"uv": [0, 0, 2.875, 4.125], "rotation": 180, "texture": "#6"},
				"east": {"uv": [0, 0, 2.875, 4.125], "rotation": 180, "texture": "#6"},
				"south": {"uv": [0, 0, 2.875, 4.125], "rotation": 180, "texture": "#6"},
				"west": {"uv": [0, 0, 2.875, 4.125], "rotation": 180, "texture": "#6"},
				"up": {"uv": [0, 0, 2.875, 4.125], "rotation": 180, "texture": "#6"},
				"down": {"uv": [0, 0, 2.875, 4.125], "rotation": 180, "texture": "#6"}
			}
		},
		{
			"from": [19.55, 7.86385, 5.89009],
			"to": [21.05, 8.41385, 7.26509],
			"rotation": {"angle": 45, "axis": "x", "origin": [20.3, 8.07635, 6.31509]},
			"faces": {
				"north": {"uv": [0, 0, 2.875, 4.125], "rotation": 90, "texture": "#1"},
				"east": {"uv": [0, 0, 2.875, 4.125], "rotation": 90, "texture": "#1"},
				"south": {"uv": [0, 0, 2.875, 4.125], "rotation": 90, "texture": "#1"},
				"west": {"uv": [0, 0, 2.875, 4.125], "rotation": 90, "texture": "#1"},
				"up": {"uv": [0, 0, 2.875, 4.125], "rotation": 90, "texture": "#1"},
				"down": {"uv": [0, 0, 2.875, 4.125], "rotation": 90, "texture": "#1"}
			}
		},
		{
			"from": [19.55, 7.26448, 6.86535],
			"to": [21.05, 8.01448, 11.09035],
			"rotation": {"angle": 0, "axis": "y", "origin": [20.3, 7.51448, 7.71535]},
			"faces": {
				"north": {"uv": [0, 0, 2.875, 4.125], "rotation": 90, "texture": "#1"},
				"east": {"uv": [0, 0, 2.875, 4.125], "rotation": 90, "texture": "#1"},
				"south": {"uv": [0, 0, 2.875, 4.125], "rotation": 90, "texture": "#1"},
				"west": {"uv": [0, 0, 2.875, 4.125], "rotation": 90, "texture": "#1"},
				"up": {"uv": [0, 0, 2.875, 4.125], "rotation": 90, "texture": "#1"},
				"down": {"uv": [0, 0, 2.875, 4.125], "rotation": 90, "texture": "#1"}
			}
		},
		{
			"from": [19.3, 10.47747, 13.35938],
			"to": [21.3, 11.72747, 15.68438],
			"rotation": {"angle": -22.5, "axis": "x", "origin": [20.3, 11.22747, 14.48438]},
			"faces": {
				"north": {"uv": [0, 0, 1, 0.625], "texture": "#1"},
				"east": {"uv": [0, 0, 0.625, 1.25], "rotation": 90, "texture": "#1"},
				"south": {"uv": [0, 0, 1, 0.625], "rotation": 180, "texture": "#1"},
				"west": {"uv": [0, 0, 0.625, 1.25], "rotation": 270, "texture": "#1"},
				"up": {"uv": [0, 0, 1, 1.25], "texture": "#1"},
				"down": {"uv": [0, 0, 1, 1.25], "rotation": 180, "texture": "#1"}
			}
		},
		{
			"from": [19.3, 13.22747, 15.35938],
			"to": [21.3, 13.72747, 16.60938],
			"rotation": {"angle": -22.5, "axis": "x", "origin": [20.3, 13.22747, 15.23438]},
			"faces": {
				"north": {"uv": [0, 0, 1, 0.25], "texture": "#1"},
				"east": {"uv": [0, 0, 0.25, 0.625], "rotation": 90, "texture": "#1"},
				"south": {"uv": [0, 0, 1, 0.25], "rotation": 180, "texture": "#1"},
				"west": {"uv": [0, 0, 0.25, 0.625], "rotation": 270, "texture": "#1"},
				"up": {"uv": [0, 0, 1, 0.625], "texture": "#1"},
				"down": {"uv": [0, 0, 1, 0.625], "rotation": 180, "texture": "#1"}
			}
		},
		{
			"from": [19.55, 13.75247, 13.20938],
			"to": [20.05, 14.25247, 14.45938],
			"rotation": {"angle": -22.5, "axis": "x", "origin": [20.3, 13.72747, 12.48438]},
			"faces": {
				"north": {"uv": [0, 0, 0.25, 0.25], "texture": "#6"},
				"east": {"uv": [0, 0, 0.25, 0.625], "rotation": 90, "texture": "#6"},
				"south": {"uv": [0, 0, 0.25, 0.25], "rotation": 180, "texture": "#6"},
				"west": {"uv": [0, 0, 0.25, 0.625], "rotation": 270, "texture": "#6"},
				"up": {"uv": [0, 12.5, 16, 14.5], "texture": "#6"},
				"down": {"uv": [0, 0, 0.25, 0.625], "rotation": 180, "texture": "#6"}
			}
		},
		{
			"from": [20.55, 13.75247, 13.20938],
			"to": [21.05, 14.25247, 14.45938],
			"rotation": {"angle": -22.5, "axis": "x", "origin": [21.3, 13.72747, 12.48438]},
			"faces": {
				"north": {"uv": [0, 12.5, 16, 14.5], "texture": "#6"},
				"east": {"uv": [0, 12.5, 16, 14.5], "texture": "#6"},
				"south": {"uv": [0, 12.5, 16, 14.5], "texture": "#6"},
				"west": {"uv": [0, 12.5, 16, 14.5], "texture": "#6"},
				"up": {"uv": [0, 12.5, 16, 14.5], "texture": "#6"},
				"down": {"uv": [0, 12.5, 16, 14.5], "texture": "#6"}
			}
		},
		{
			"from": [20.05, 14.47045, -1.79338],
			"to": [20.55, 14.62045, -1.29338],
			"rotation": {"angle": 0, "axis": "y", "origin": [20.3, 14.24545, -1.91838]},
			"faces": {
				"north": {"uv": [0, 0, 0.25, 0.25], "texture": "#6"},
				"east": {"uv": [0, 0, 0.25, 0.625], "rotation": 90, "texture": "#6"},
				"south": {"uv": [0, 0, 0.25, 0.25], "rotation": 180, "texture": "#6"},
				"west": {"uv": [0, 0, 0.25, 0.625], "rotation": 270, "texture": "#6"},
				"up": {"uv": [0, 0, 0.25, 0.625], "texture": "#6"},
				"down": {"uv": [0, 0, 0.25, 0.625], "rotation": 180, "texture": "#6"}
			}
		},
		{
			"from": [19.55, 10.97747, -3.14062],
			"to": [21.05, 12.22747, 1.10938],
			"rotation": {"angle": 0, "axis": "y", "origin": [20.3, 11.72747, 9.98438]},
			"faces": {
				"north": {"uv": [0, 0, 0.75, 0.625], "texture": "#1"},
				"east": {"uv": [0, 0, 0.625, 2.125], "rotation": 90, "texture": "#1"},
				"south": {"uv": [0, 0, 0.75, 0.625], "rotation": 180, "texture": "#1"},
				"west": {"uv": [0, 0, 0.625, 2.125], "rotation": 270, "texture": "#1"},
				"up": {"uv": [0, 0, 0.75, 2.125], "texture": "#1"},
				"down": {"uv": [0, 0, 0.75, 2.125], "rotation": 180, "texture": "#1"}
			}
		},
		{
			"from": [19.55, 10.72747, 1.10938],
			"to": [21.05, 12.22747, 15.35938],
			"rotation": {"angle": 0, "axis": "y", "origin": [20.3, 11.72747, 13.98438]},
			"faces": {
				"north": {"uv": [0, 0, 0.75, 0.75], "texture": "#1"},
				"east": {"uv": [0, 0, 0.75, 7.125], "rotation": 90, "texture": "#1"},
				"south": {"uv": [0, 0, 0.75, 0.75], "rotation": 180, "texture": "#1"},
				"west": {"uv": [0, 0, 0.75, 7.125], "rotation": 270, "texture": "#1"},
				"up": {"uv": [0, 0, 0.75, 7.125], "texture": "#1"},
				"down": {"uv": [0, 0, 0.75, 7.125], "rotation": 180, "texture": "#1"}
			}
		},
		{
			"from": [19.3, 12.22747, -3.14062],
			"to": [21.3, 14.22747, 5.60938],
			"rotation": {"angle": 0, "axis": "y", "origin": [20.3, 13.22747, 13.98438]},
			"faces": {
				"north": {"uv": [0, 0, 1, 1], "texture": "#1"},
				"east": {"uv": [0, 0, 1, 4.375], "rotation": 90, "texture": "#1"},
				"south": {"uv": [0, 0, 1, 1], "rotation": 180, "texture": "#1"},
				"west": {"uv": [0, 0, 1, 4.375], "rotation": 270, "texture": "#1"},
				"up": {"uv": [0, 0, 1, 4.375], "texture": "#1"},
				"down": {"uv": [0, 0, 1, 4.375], "rotation": 180, "texture": "#1"}
			}
		},
		{
			"from": [19.3, 12.22747, 5.60938],
			"to": [21.3, 13.97747, 8.35938],
			"rotation": {"angle": 0, "axis": "y", "origin": [20.3, 13.22747, 16.73438]},
			"faces": {
				"north": {"uv": [0, 0, 1, 0.875], "texture": "#1"},
				"east": {"uv": [0, 0, 0.875, 1.375], "rotation": 90, "texture": "#1"},
				"south": {"uv": [0, 0, 1, 0.875], "rotation": 180, "texture": "#1"},
				"west": {"uv": [0, 0, 0.875, 1.375], "rotation": 270, "texture": "#1"},
				"up": {"uv": [0, 0, 1, 1.375], "texture": "#1"},
				"down": {"uv": [0, 0, 1, 1.375], "rotation": 180, "texture": "#1"}
			}
		},
		{
			"from": [19.55, 13.97747, 5.85938],
			"to": [21.05, 14.22747, 8.10938],
			"rotation": {"angle": 0, "axis": "y", "origin": [20.3, 13.47747, 16.73438]},
			"faces": {
				"north": {"uv": [0, 0, 0.75, 0.125], "texture": "#5"},
				"east": {"uv": [0, 0, 16, 16], "rotation": 90, "texture": "#5"},
				"south": {"uv": [0, 0, 0.75, 0.125], "rotation": 180, "texture": "#5"},
				"west": {"uv": [0, 0, 0.125, 1.125], "rotation": 270, "texture": "#5"},
				"up": {"uv": [0, 0, 0.75, 1.125], "texture": "#5"},
				"down": {"uv": [0, 0, 0.75, 1.125], "rotation": 180, "texture": "#5"}
			}
		},
		{
			"from": [19.3, 12.22747, 8.35938],
			"to": [21.3, 14.22747, 15.35938],
			"rotation": {"angle": 0, "axis": "y", "origin": [20.3, 13.22747, 13.98438]},
			"faces": {
				"north": {"uv": [0, 0, 1, 1], "texture": "#1"},
				"east": {"uv": [0, 0, 1, 3.5], "rotation": 90, "texture": "#1"},
				"south": {"uv": [0, 0, 1, 1], "rotation": 180, "texture": "#1"},
				"west": {"uv": [0, 0, 1, 3.5], "rotation": 270, "texture": "#1"},
				"up": {"uv": [0, 0, 1, 3.5], "texture": "#1"},
				"down": {"uv": [0, 0, 1, 3.5], "rotation": 180, "texture": "#1"}
			}
		},
		{
			"from": [21.3, 12.22747, 9.35938],
			"to": [21.55, 14.37747, 9.60938],
			"rotation": {"angle": 0, "axis": "y", "origin": [22.3, 13.22747, 13.98438]},
			"faces": {
				"north": {"uv": [0, 0, 0.125, 1], "texture": "#6"},
				"east": {"uv": [0, 0, 1, 0.125], "rotation": 90, "texture": "#6"},
				"south": {"uv": [0, 0, 0.125, 1], "rotation": 180, "texture": "#6"},
				"west": {"uv": [0, 0, 1, 0.125], "rotation": 270, "texture": "#6"},
				"up": {"uv": [0, 0, 0.125, 0.125], "texture": "#6"},
				"down": {"uv": [0, 0, 0.125, 0.125], "rotation": 180, "texture": "#6"}
			}
		},
		{
			"from": [21.3, 12.22747, 12.85938],
			"to": [21.55, 14.37747, 13.10938],
			"rotation": {"angle": 0, "axis": "y", "origin": [22.3, 13.22747, 13.98438]},
			"faces": {
				"north": {"uv": [0, 0, 0.125, 1], "texture": "#6"},
				"east": {"uv": [0, 0, 1, 0.125], "rotation": 90, "texture": "#6"},
				"south": {"uv": [0, 0, 0.125, 1], "rotation": 180, "texture": "#6"},
				"west": {"uv": [0, 0, 1, 0.125], "rotation": 270, "texture": "#6"},
				"up": {"uv": [0, 0, 0.125, 0.125], "texture": "#6"},
				"down": {"uv": [0, 0, 0.125, 0.125], "rotation": 180, "texture": "#6"}
			}
		},
		{
			"from": [21.3, 12.22747, 12.35938],
			"to": [21.55, 14.37747, 12.60938],
			"rotation": {"angle": 0, "axis": "y", "origin": [22.3, 13.22747, 13.48438]},
			"faces": {
				"north": {"uv": [0, 0, 0.125, 1], "texture": "#6"},
				"east": {"uv": [0, 0, 1, 0.125], "rotation": 90, "texture": "#6"},
				"south": {"uv": [0, 0, 0.125, 1], "rotation": 180, "texture": "#6"},
				"west": {"uv": [0, 0, 1, 0.125], "rotation": 270, "texture": "#6"},
				"up": {"uv": [0, 0, 0.125, 0.125], "texture": "#6"},
				"down": {"uv": [0, 0, 0.125, 0.125], "rotation": 180, "texture": "#6"}
			}
		},
		{
			"from": [21.3, 12.22747, 11.85938],
			"to": [21.55, 14.37747, 12.10938],
			"rotation": {"angle": 0, "axis": "y", "origin": [22.3, 13.22747, 12.98438]},
			"faces": {
				"north": {"uv": [0, 0, 0.125, 1], "texture": "#6"},
				"east": {"uv": [0, 0, 1, 0.125], "rotation": 90, "texture": "#6"},
				"south": {"uv": [0, 0, 0.125, 1], "rotation": 180, "texture": "#6"},
				"west": {"uv": [0, 0, 1, 0.125], "rotation": 270, "texture": "#6"},
				"up": {"uv": [0, 0, 0.125, 0.125], "texture": "#6"},
				"down": {"uv": [0, 0, 0.125, 0.125], "rotation": 180, "texture": "#6"}
			}
		},
		{
			"from": [21.3, 12.22747, 11.35938],
			"to": [21.55, 14.37747, 11.60938],
			"rotation": {"angle": 0, "axis": "y", "origin": [22.3, 13.22747, 12.48438]},
			"faces": {
				"north": {"uv": [0, 0, 0.125, 1], "texture": "#6"},
				"east": {"uv": [0, 0, 1, 0.125], "rotation": 90, "texture": "#6"},
				"south": {"uv": [0, 0, 0.125, 1], "rotation": 180, "texture": "#6"},
				"west": {"uv": [0, 0, 1, 0.125], "rotation": 270, "texture": "#6"},
				"up": {"uv": [0, 0, 0.125, 0.125], "texture": "#6"},
				"down": {"uv": [0, 0, 0.125, 0.125], "rotation": 180, "texture": "#6"}
			}
		},
		{
			"from": [21.3, 12.22747, 10.85938],
			"to": [21.55, 14.37747, 11.10938],
			"rotation": {"angle": 0, "axis": "y", "origin": [22.3, 13.22747, 11.98438]},
			"faces": {
				"north": {"uv": [0, 0, 0.125, 1], "texture": "#6"},
				"east": {"uv": [0, 0, 1, 0.125], "rotation": 90, "texture": "#6"},
				"south": {"uv": [0, 0, 0.125, 1], "rotation": 180, "texture": "#6"},
				"west": {"uv": [0, 0, 1, 0.125], "rotation": 270, "texture": "#6"},
				"up": {"uv": [0, 0, 0.125, 0.125], "texture": "#6"},
				"down": {"uv": [0, 0, 0.125, 0.125], "rotation": 180, "texture": "#6"}
			}
		},
		{
			"from": [21.3, 12.22747, 10.35938],
			"to": [21.55, 14.37747, 10.60938],
			"rotation": {"angle": 0, "axis": "y", "origin": [22.3, 13.22747, 11.48438]},
			"faces": {
				"north": {"uv": [0, 0, 0.125, 1], "texture": "#6"},
				"east": {"uv": [0, 0, 1, 0.125], "rotation": 90, "texture": "#6"},
				"south": {"uv": [0, 0, 0.125, 1], "rotation": 180, "texture": "#6"},
				"west": {"uv": [0, 0, 1, 0.125], "rotation": 270, "texture": "#6"},
				"up": {"uv": [0, 0, 0.125, 0.125], "texture": "#6"},
				"down": {"uv": [0, 0, 0.125, 0.125], "rotation": 180, "texture": "#6"}
			}
		},
		{
			"from": [21.3, 12.22747, 9.85938],
			"to": [21.55, 14.37747, 10.10938],
			"rotation": {"angle": 0, "axis": "y", "origin": [22.3, 13.22747, 10.98438]},
			"faces": {
				"north": {"uv": [0, 0, 0.125, 1], "texture": "#6"},
				"east": {"uv": [0, 0, 1, 0.125], "rotation": 90, "texture": "#6"},
				"south": {"uv": [0, 0, 0.125, 1], "rotation": 180, "texture": "#6"},
				"west": {"uv": [0, 0, 1, 0.125], "rotation": 270, "texture": "#6"},
				"up": {"uv": [0, 0, 0.125, 0.125], "texture": "#6"},
				"down": {"uv": [0, 0, 0.125, 0.125], "rotation": 180, "texture": "#6"}
			}
		},
		{
			"from": [19.05, 12.22747, 9.85938],
			"to": [19.3, 14.37747, 10.10938],
			"rotation": {"angle": 0, "axis": "y", "origin": [20.05, 13.22747, 10.98438]},
			"faces": {
				"north": {"uv": [0, 0, 0.125, 1], "texture": "#6"},
				"east": {"uv": [0, 0, 1, 0.125], "rotation": 90, "texture": "#6"},
				"south": {"uv": [0, 0, 0.125, 1], "rotation": 180, "texture": "#6"},
				"west": {"uv": [0, 0, 1, 0.125], "rotation": 270, "texture": "#6"},
				"up": {"uv": [0, 0, 0.125, 0.125], "texture": "#6"},
				"down": {"uv": [0, 0, 0.125, 0.125], "rotation": 180, "texture": "#6"}
			}
		},
		{
			"from": [19.05, 12.22747, 12.35938],
			"to": [19.3, 14.37747, 12.60938],
			"rotation": {"angle": 0, "axis": "y", "origin": [20.05, 13.22747, 13.48438]},
			"faces": {
				"north": {"uv": [0, 0, 0.125, 1], "texture": "#6"},
				"east": {"uv": [0, 0, 1, 0.125], "rotation": 90, "texture": "#6"},
				"south": {"uv": [0, 0, 0.125, 1], "rotation": 180, "texture": "#6"},
				"west": {"uv": [0, 0, 1, 0.125], "rotation": 270, "texture": "#6"},
				"up": {"uv": [0, 0, 0.125, 0.125], "texture": "#6"},
				"down": {"uv": [0, 0, 0.125, 0.125], "rotation": 180, "texture": "#6"}
			}
		},
		{
			"from": [19.05, 12.22747, 11.85938],
			"to": [19.3, 14.37747, 12.10938],
			"rotation": {"angle": 0, "axis": "y", "origin": [20.05, 13.22747, 12.98438]},
			"faces": {
				"north": {"uv": [0, 0, 0.125, 1], "texture": "#6"},
				"east": {"uv": [0, 0, 1, 0.125], "rotation": 90, "texture": "#6"},
				"south": {"uv": [0, 0, 0.125, 1], "rotation": 180, "texture": "#6"},
				"west": {"uv": [0, 0, 1, 0.125], "rotation": 270, "texture": "#6"},
				"up": {"uv": [0, 0, 0.125, 0.125], "texture": "#6"},
				"down": {"uv": [0, 0, 0.125, 0.125], "rotation": 180, "texture": "#6"}
			}
		},
		{
			"from": [19.05, 12.22747, 11.35938],
			"to": [19.3, 14.37747, 11.60938],
			"rotation": {"angle": 0, "axis": "y", "origin": [20.05, 13.22747, 12.48438]},
			"faces": {
				"north": {"uv": [0, 0, 0.125, 1], "texture": "#6"},
				"east": {"uv": [0, 0, 1, 0.125], "rotation": 90, "texture": "#6"},
				"south": {"uv": [0, 0, 0.125, 1], "rotation": 180, "texture": "#6"},
				"west": {"uv": [0, 0, 1, 0.125], "rotation": 270, "texture": "#6"},
				"up": {"uv": [0, 0, 0.125, 0.125], "texture": "#6"},
				"down": {"uv": [0, 0, 0.125, 0.125], "rotation": 180, "texture": "#6"}
			}
		},
		{
			"from": [19.05, 12.22747, 10.85938],
			"to": [19.3, 14.37747, 11.10938],
			"rotation": {"angle": 0, "axis": "y", "origin": [20.05, 13.22747, 11.98438]},
			"faces": {
				"north": {"uv": [0, 0, 0.125, 1], "texture": "#6"},
				"east": {"uv": [0, 0, 1, 0.125], "rotation": 90, "texture": "#6"},
				"south": {"uv": [0, 0, 0.125, 1], "rotation": 180, "texture": "#6"},
				"west": {"uv": [0, 0, 1, 0.125], "rotation": 270, "texture": "#6"},
				"up": {"uv": [0, 0, 0.125, 0.125], "texture": "#6"},
				"down": {"uv": [0, 0, 0.125, 0.125], "rotation": 180, "texture": "#6"}
			}
		},
		{
			"from": [19.05, 12.22747, 10.35938],
			"to": [19.3, 14.37747, 10.60938],
			"rotation": {"angle": 0, "axis": "y", "origin": [20.05, 13.22747, 11.48438]},
			"faces": {
				"north": {"uv": [0, 0, 0.125, 1], "texture": "#6"},
				"east": {"uv": [0, 0, 1, 0.125], "rotation": 90, "texture": "#6"},
				"south": {"uv": [0, 0, 0.125, 1], "rotation": 180, "texture": "#6"},
				"west": {"uv": [0, 0, 1, 0.125], "rotation": 270, "texture": "#6"},
				"up": {"uv": [0, 0, 0.125, 0.125], "texture": "#6"},
				"down": {"uv": [0, 0, 0.125, 0.125], "rotation": 180, "texture": "#6"}
			}
		},
		{
			"from": [19.05, 12.22747, 9.35938],
			"to": [19.3, 14.37747, 9.60938],
			"rotation": {"angle": 0, "axis": "y", "origin": [20.05, 13.22747, 13.98438]},
			"faces": {
				"north": {"uv": [0, 0, 0.125, 1], "texture": "#6"},
				"east": {"uv": [0, 0, 1, 0.125], "rotation": 90, "texture": "#6"},
				"south": {"uv": [0, 0, 0.125, 1], "rotation": 180, "texture": "#6"},
				"west": {"uv": [0, 0, 1, 0.125], "rotation": 270, "texture": "#6"},
				"up": {"uv": [0, 0, 0.125, 0.125], "texture": "#6"},
				"down": {"uv": [0, 0, 0.125, 0.125], "rotation": 180, "texture": "#6"}
			}
		},
		{
			"from": [19.05, 12.22747, 12.85938],
			"to": [19.3, 14.37747, 13.10938],
			"rotation": {"angle": 0, "axis": "y", "origin": [20.05, 13.22747, 13.98438]},
			"faces": {
				"north": {"uv": [0, 0, 0.125, 1], "texture": "#6"},
				"east": {"uv": [0, 0, 1, 0.125], "rotation": 90, "texture": "#6"},
				"south": {"uv": [0, 0, 0.125, 1], "rotation": 180, "texture": "#6"},
				"west": {"uv": [0, 0, 1, 0.125], "rotation": 270, "texture": "#6"},
				"up": {"uv": [0, 0, 0.125, 0.125], "texture": "#6"},
				"down": {"uv": [0, 0, 0.125, 0.125], "rotation": 180, "texture": "#6"}
			}
		},
		{
			"from": [19.3, 10.23332, 15.7343],
			"to": [21.3, 11.23332, 17.9093],
			"rotation": {"angle": 0, "axis": "y", "origin": [20.3, 10.73332, 16.9093]},
			"faces": {
				"north": {"uv": [0, 0, 1, 0.5], "texture": "#1"},
				"east": {"uv": [0, 0, 0.5, 1], "rotation": 90, "texture": "#1"},
				"south": {"uv": [0, 0, 1, 0.5], "rotation": 180, "texture": "#1"},
				"west": {"uv": [0, 0, 0.5, 1], "rotation": 270, "texture": "#1"},
				"up": {"uv": [0, 0, 1, 1], "texture": "#1"},
				"down": {"uv": [0, 0, 1, 1], "rotation": 180, "texture": "#1"}
			}
		},
		{
			"from": [19.3, 1.16452, 11.77244],
			"to": [21.3, 10.91452, 12.52244],
			"rotation": {"angle": -22.5, "axis": "x", "origin": [20.3, 5.78952, 12.14744]},
			"faces": {
				"north": {"uv": [0, 0, 0.375, 4.875], "texture": "#1"},
				"east": {"uv": [0, 0, 0.375, 4.875], "texture": "#1"},
				"south": {"uv": [0, 0, 0.375, 4.875], "texture": "#1"},
				"west": {"uv": [0, 0, 0.375, 4.875], "texture": "#1"},
				"up": {"uv": [0, 0, 0.375, 4.875], "texture": "#1"},
				"down": {"uv": [0, 0, 0.375, 4.875], "texture": "#1"}
			}
		},
		{
			"from": [19.8, 10.39549, 5.92677],
			"to": [20.8, 10.89549, 10.67677],
			"rotation": {"angle": 0, "axis": "y", "origin": [20.3, 11.02049, 5.80177]},
			"faces": {
				"north": {"uv": [0, 0, 2.75, 4.375], "rotation": 90, "texture": "#1"},
				"east": {"uv": [0, 0, 2.75, 4.375], "rotation": 90, "texture": "#1"},
				"south": {"uv": [0, 0, 2.75, 4.375], "rotation": 90, "texture": "#1"},
				"west": {"uv": [0, 0, 2.75, 4.375], "rotation": 90, "texture": "#1"},
				"up": {"uv": [0, 0, 2.75, 4.375], "rotation": 90, "texture": "#1"},
				"down": {"uv": [0, 0, 2.75, 4.375], "rotation": 90, "texture": "#1"}
			}
		},
		{
			"from": [19.05, 1.85456, 12.48464],
			"to": [21.55, 11.65456, 15.48464],
			"rotation": {"angle": -22.5, "axis": "x", "origin": [20.3, 6.10456, 13.98464]},
			"faces": {
				"north": {"uv": [0, 0, 7.5, 11.5], "texture": "#0"},
				"east": {"uv": [0, 0, 7.5, 11.5], "texture": "#0"},
				"south": {"uv": [0, 0, 7.5, 11.5], "texture": "#0"},
				"west": {"uv": [0, 0, 7.5, 11.5], "texture": "#0"},
				"up": {"uv": [0, 0, 7.5, 11.5], "texture": "#0"},
				"down": {"uv": [0, 0, 7.5, 11.5], "texture": "#0"}
			}
		},
		{
			"from": [19.05, 1.67807, 13.36104],
			"to": [21.55, 2.17807, 17.86104],
			"rotation": {"angle": -22.5, "axis": "x", "origin": [20.3, 1.92807, 15.61104]},
			"faces": {
				"north": {"uv": [0, 0, 1.25, 0.25], "texture": "#1"},
				"east": {"uv": [0, 0, 2.25, 0.25], "texture": "#1"},
				"south": {"uv": [0, 0, 1.25, 0.25], "texture": "#1"},
				"west": {"uv": [0, 0, 2.25, 0.25], "texture": "#1"},
				"up": {"uv": [0, 0, 1.25, 2.25], "rotation": 180, "texture": "#1"},
				"down": {"uv": [0, 0, 1.25, 2.25], "rotation": 180, "texture": "#1"}
			}
		},
		{
			"from": [19.3, 1.47807, 13.86104],
			"to": [21.3, 1.72807, 17.86104],
			"rotation": {"angle": -22.5, "axis": "x", "origin": [20.3, 1.42807, 15.86104]},
			"faces": {
				"north": {"uv": [0, 0, 1, 0.125], "texture": "#7"},
				"east": {"uv": [0, 0, 2, 0.125], "texture": "#7"},
				"south": {"uv": [0, 0, 1, 0.125], "texture": "#7"},
				"west": {"uv": [0, 0, 2, 0.125], "texture": "#7"},
				"up": {"uv": [0, 0, 1, 2], "rotation": 180, "texture": "#7"},
				"down": {"uv": [0, 0, 1, 2], "rotation": 180, "texture": "#7"}
			}
		},
		{
			"from": [19.3, 14.22747, -2.89062],
			"to": [21.3, 14.47747, 5.35938],
			"rotation": {"angle": 0, "axis": "y", "origin": [20.3, 13.22747, 13.98438]},
			"faces": {
				"north": {"uv": [0, 0, 1, 1], "texture": "#1"},
				"east": {"uv": [0, 0, 1, 4.375], "rotation": 90, "texture": "#1"},
				"south": {"uv": [0, 0, 1, 1], "rotation": 180, "texture": "#1"},
				"west": {"uv": [0, 0, 1, 4.375], "rotation": 270, "texture": "#1"},
				"up": {"uv": [0, 0, 1, 4.375], "texture": "#1"},
				"down": {"uv": [0, 0, 1, 4.375], "rotation": 180, "texture": "#1"}
			}
		},
		{
			"from": [19.3, 14.22747, 8.60938],
			"to": [21.3, 14.47747, 15.10938],
			"rotation": {"angle": 0, "axis": "y", "origin": [20.3, 13.22747, 13.98438]},
			"faces": {
				"north": {"uv": [0, 0, 1, 1], "texture": "#1"},
				"east": {"uv": [0, 0, 1, 3.5], "rotation": 90, "texture": "#1"},
				"south": {"uv": [0, 0, 1, 1], "rotation": 180, "texture": "#1"},
				"west": {"uv": [0, 0, 1, 3.5], "rotation": 270, "texture": "#1"},
				"up": {"uv": [0, 0, 1, 3.5], "texture": "#1"},
				"down": {"uv": [0, 0, 1, 3.5], "rotation": 180, "texture": "#1"}
			}
		},
		{
			"from": [19.55, 8.23806, 5.60275],
			"to": [21.05, 9.31306, 6.10275],
			"rotation": {"angle": -22.5, "axis": "x", "origin": [20.3, 8.88806, 5.76525]},
			"faces": {
				"north": {"uv": [0, 0, 2.875, 4.125], "rotation": 180, "texture": "#1"},
				"east": {"uv": [0, 0, 2.875, 4.125], "rotation": 180, "texture": "#1"},
				"south": {"uv": [0, 0, 2.875, 4.125], "rotation": 180, "texture": "#1"},
				"west": {"uv": [0, 0, 2.875, 4.125], "rotation": 180, "texture": "#1"},
				"up": {"uv": [0, 0, 2.875, 4.125], "rotation": 180, "texture": "#1"},
				"down": {"uv": [0, 0, 2.875, 4.125], "rotation": 180, "texture": "#1"}
			}
		},
		{
			"from": [19.55, 9.21448, 5.46535],
			"to": [21.05, 10.71448, 5.91535],
			"rotation": {"angle": 0, "axis": "y", "origin": [20.3, 10.06448, 5.57785]},
			"faces": {
				"north": {"uv": [0, 0, 2.875, 4.125], "rotation": 180, "texture": "#1"},
				"east": {"uv": [0, 0, 2.875, 4.125], "rotation": 180, "texture": "#1"},
				"south": {"uv": [0, 0, 2.875, 4.125], "rotation": 180, "texture": "#1"},
				"west": {"uv": [0, 0, 2.875, 4.125], "rotation": 180, "texture": "#1"},
				"up": {"uv": [0, 0, 2.875, 4.125], "rotation": 180, "texture": "#1"},
				"down": {"uv": [0, 0, 2.875, 4.125], "rotation": 180, "texture": "#1"}
			}
		},
		{
			"from": [19.55, 13.87045, -3.31838],
			"to": [21.05, 14.02045, -3.14338],
			"rotation": {"angle": 0, "axis": "y", "origin": [20.3, 14.24545, -1.91838]},
			"faces": {
				"north": {"uv": [0, 0, 0.25, 0.25], "texture": "#1"},
				"east": {"uv": [0, 0, 0.25, 0.25], "texture": "#1"},
				"south": {"uv": [0, 0, 0.25, 0.25], "texture": "#1"},
				"west": {"uv": [0, 0, 0.25, 0.25], "texture": "#1"},
				"up": {"uv": [0, 0, 0.25, 0.25], "texture": "#1"},
				"down": {"uv": [0, 0, 0.25, 0.25], "texture": "#1"}
			}
		},
		{
			"from": [19.7, 12.67045, -3.14338],
			"to": [20.9, 13.87045, -3.14338],
			"rotation": {"angle": 0, "axis": "y", "origin": [20.3, 13.87045, -3.16838]},
			"faces": {
				"north": {"uv": [0, 0, 0.25, 0.25], "rotation": 270, "texture": "#2"},
				"east": {"uv": [0, 0, 0.25, 0.25], "rotation": 270, "texture": "#2"},
				"south": {"uv": [0, 0, 0.25, 0.25], "rotation": 270, "texture": "#2"},
				"west": {"uv": [0, 0, 0.25, 0.25], "rotation": 270, "texture": "#2"},
				"up": {"uv": [0, 0, 0.25, 0.25], "rotation": 270, "texture": "#2"},
				"down": {"uv": [0, 0, 0.25, 0.25], "rotation": 270, "texture": "#2"}
			}
		},
		{
			"from": [19.55, 12.52045, -3.31838],
			"to": [21.05, 12.67045, -3.14338],
			"rotation": {"angle": 0, "axis": "y", "origin": [20.3, 14.24545, -1.91838]},
			"faces": {
				"north": {"uv": [0, 0, 0.25, 0.25], "texture": "#1"},
				"east": {"uv": [0, 0, 0.25, 0.25], "texture": "#1"},
				"south": {"uv": [0, 0, 0.25, 0.25], "texture": "#1"},
				"west": {"uv": [0, 0, 0.25, 0.25], "texture": "#1"},
				"up": {"uv": [0, 0, 0.25, 0.25], "texture": "#1"},
				"down": {"uv": [0, 0, 0.25, 0.25], "texture": "#1"}
			}
		},
		{
			"from": [19.55, 12.52045, -3.31838],
			"to": [19.7, 14.02045, -3.14338],
			"rotation": {"angle": 0, "axis": "y", "origin": [20.3, 13.87045, -3.16838]},
			"faces": {
				"north": {"uv": [0, 0, 0.25, 0.25], "rotation": 270, "texture": "#1"},
				"east": {"uv": [0, 0, 0.25, 0.25], "rotation": 270, "texture": "#1"},
				"south": {"uv": [0, 0, 0.25, 0.25], "rotation": 270, "texture": "#1"},
				"west": {"uv": [0, 0, 0.25, 0.25], "rotation": 270, "texture": "#1"},
				"up": {"uv": [0, 0, 0.25, 0.25], "rotation": 270, "texture": "#1"},
				"down": {"uv": [0, 0, 0.25, 0.25], "rotation": 270, "texture": "#1"}
			}
		},
		{
			"from": [21.025, 12.17747, 1.10938],
			"to": [21.075, 12.22747, 15.35938],
			"rotation": {"angle": 0, "axis": "y", "origin": [20.3, 11.72747, 13.98438]},
			"faces": {
				"north": {"uv": [0, 0, 0.75, 0.75], "texture": "#5"},
				"east": {"uv": [0, 0, 0.75, 7.125], "rotation": 90, "texture": "#5"},
				"south": {"uv": [0, 0, 0.75, 0.75], "rotation": 180, "texture": "#5"},
				"west": {"uv": [0, 0, 0.75, 7.125], "rotation": 270, "texture": "#5"},
				"up": {"uv": [0, 0, 0.75, 7.125], "texture": "#5"},
				"down": {"uv": [0, 0, 0.75, 7.125], "rotation": 180, "texture": "#5"}
			}
		},
		{
			"from": [21.025, 12.17747, -3.14062],
			"to": [21.075, 12.22747, 1.10938],
			"rotation": {"angle": 0, "axis": "y", "origin": [20.3, 11.72747, 9.98438]},
			"faces": {
				"north": {"uv": [0, 0, 0.75, 0.625], "texture": "#5"},
				"east": {"uv": [0, 0, 0.625, 2.125], "rotation": 90, "texture": "#5"},
				"south": {"uv": [0, 0, 0.75, 0.625], "rotation": 180, "texture": "#5"},
				"west": {"uv": [0, 0, 0.625, 2.125], "rotation": 270, "texture": "#5"},
				"up": {"uv": [0, 0, 0.75, 2.125], "texture": "#5"},
				"down": {"uv": [0, 0, 0.75, 2.125], "rotation": 180, "texture": "#5"}
			}
		},
		{
			"from": [19.525, 12.17747, -3.16562],
			"to": [21.075, 12.22747, -3.14062],
			"rotation": {"angle": 0, "axis": "y", "origin": [20.3, 11.72747, 9.98438]},
			"faces": {
				"north": {"uv": [0, 0, 0.75, 0.625], "texture": "#5"},
				"east": {"uv": [0, 0, 0.625, 2.125], "rotation": 90, "texture": "#5"},
				"south": {"uv": [0, 0, 0.75, 0.625], "rotation": 180, "texture": "#5"},
				"west": {"uv": [0, 0, 0.625, 2.125], "rotation": 270, "texture": "#5"},
				"up": {"uv": [0, 0, 0.75, 2.125], "texture": "#5"},
				"down": {"uv": [0, 0, 0.75, 2.125], "rotation": 180, "texture": "#5"}
			}
		},
		{
			"from": [19.525, 12.17747, -3.14062],
			"to": [19.575, 12.22747, 1.10938],
			"rotation": {"angle": 0, "axis": "y", "origin": [20.3, 11.72747, 9.98438]},
			"faces": {
				"north": {"uv": [0, 0, 0.75, 0.625], "texture": "#5"},
				"east": {"uv": [0, 0, 0.625, 2.125], "rotation": 90, "texture": "#5"},
				"south": {"uv": [0, 0, 0.75, 0.625], "rotation": 180, "texture": "#5"},
				"west": {"uv": [0, 0, 0.625, 2.125], "rotation": 270, "texture": "#5"},
				"up": {"uv": [0, 0, 0.75, 2.125], "texture": "#5"},
				"down": {"uv": [0, 0, 0.75, 2.125], "rotation": 180, "texture": "#5"}
			}
		},
		{
			"from": [19.525, 12.17747, 1.10938],
			"to": [19.575, 12.22747, 15.35938],
			"rotation": {"angle": 0, "axis": "y", "origin": [20.3, 11.72747, 13.98438]},
			"faces": {
				"north": {"uv": [0, 0, 0.75, 0.75], "texture": "#5"},
				"east": {"uv": [0, 0, 0.75, 7.125], "rotation": 90, "texture": "#5"},
				"south": {"uv": [0, 0, 0.75, 0.75], "rotation": 180, "texture": "#5"},
				"west": {"uv": [0, 0, 0.75, 7.125], "rotation": 270, "texture": "#5"},
				"up": {"uv": [0, 0, 0.75, 7.125], "texture": "#5"},
				"down": {"uv": [0, 0, 0.75, 7.125], "rotation": 180, "texture": "#5"}
			}
		},
		{
			"from": [19.525, 12.17747, 15.35938],
			"to": [21.075, 12.22747, 15.38438],
			"rotation": {"angle": 0, "axis": "y", "origin": [20.3, 11.72747, 9.98438]},
			"faces": {
				"north": {"uv": [0, 0, 0.75, 0.625], "texture": "#5"},
				"east": {"uv": [0, 0, 0.625, 2.125], "rotation": 90, "texture": "#5"},
				"south": {"uv": [0, 0, 0.75, 0.625], "rotation": 180, "texture": "#5"},
				"west": {"uv": [0, 0, 0.625, 2.125], "rotation": 270, "texture": "#5"},
				"up": {"uv": [0, 0, 0.75, 2.125], "texture": "#5"},
				"down": {"uv": [0, 0, 0.75, 2.125], "rotation": 180, "texture": "#5"}
			}
		},
		{
			"from": [20.9, 12.52045, -3.31838],
			"to": [21.05, 14.02045, -3.14338],
			"rotation": {"angle": 0, "axis": "y", "origin": [20.3, 13.87045, -3.16838]},
			"faces": {
				"north": {"uv": [0, 0, 0.25, 0.25], "rotation": 270, "texture": "#1"},
				"east": {"uv": [0, 0, 0.25, 0.25], "rotation": 270, "texture": "#1"},
				"south": {"uv": [0, 0, 0.25, 0.25], "rotation": 270, "texture": "#1"},
				"west": {"uv": [0, 0, 0.25, 0.25], "rotation": 270, "texture": "#1"},
				"up": {"uv": [0, 0, 0.25, 0.25], "rotation": 270, "texture": "#1"},
				"down": {"uv": [0, 0, 0.25, 0.25], "rotation": 270, "texture": "#1"}
			}
		}
	],
	"display": {
		"thirdperson_righthand": {
			"translation": [-6, -1, -0.5],
			"scale": [0.49, 0.49, 0.49]
		},
		"thirdperson_lefthand": {
			"translation": [-6, -1, -0.5],
			"scale": [0.49, 0.49, 0.49]
		},
		"firstperson_righthand": {
			"translation": [-9, 10.5, -5.75],
			"scale": [0.88, 0.88, 0.88]
		},
		"firstperson_lefthand": {
			"translation": [-9, 100, -5.75],
			"scale": [0.88, 0.88, 0.88]
		},
		"ground": {
			"rotation": [0, 0, 90],
			"translation": [0, -7, 0],
			"scale": [0.5, 0.5, 0.5]
		},
		"gui": {
			"rotation": [30, 56, 0],
			"translation": [0.25, 0, 0],
			"scale": [0.48, 0.48, 0.48]
		},
		"head": {
			"rotation": [0, 90, 0],
			"scale": [0.95, 0.95, 0.95]
		},
		"fixed": {
			"rotation": [0, -90, 0],
			"translation": [-0.5, -0.5, 10.25],
			"scale": [0.85, 0.85, 0.85]
		}
	},
	"groups": [
		{
			"name": "M1911 2",
			"origin": [8, 8, 8],
			"color": 0,
			"children": [
				0,
				1,
				2,
				3,
				4,
				5,
				6,
				7,
				8,
				9,
				10,
				11,
				12,
				13,
				14,
				15,
				16,
				17,
				18,
				19,
				20,
				21,
				22,
				23,
				24,
				25,
				26,
				27,
				28,
				29,
				30,
				31,
				32,
				33,
				34,
				35,
				36,
				37,
				38,
				39,
				40,
				41,
				42,
				43,
				44,
				45,
				46,
				47,
				48,
				49,
				50,
				51,
				52,
				53,
				{
					"name": "M1911 2",
					"origin": [8, 8, 8],
					"color": 0,
					"children": [
						54,
						55,
						56,
						57,
						58,
						59,
						60,
						61,
						62,
						63,
						64,
						65,
						66,
						67,
						68,
						69,
						70,
						71,
						72,
						73,
						74,
						75,
						76,
						77,
						78,
						79,
						80,
						81,
						82,
						83,
						84,
						85,
						86,
						87,
						88,
						89,
						90,
						91,
						92,
						93,
						94,
						95,
						96,
						97,
						98,
						99,
						100,
						101,
						102,
						103,
						104,
						105,
						106,
						107
					]
				}
			]
		}
	]
}