{
	"credit": "Made with Blockbench",
	"texture_size": [32, 32],
	"textures": {
		"0": "block/red_concrete",
		"1": "block/red_concrete_powder",
		"3": "block/light_gray_concrete",
		"4": "block/light_gray_concrete_powder",
		"6": "block/tube_coral_block",
		"7": "block/iron_block",
		"9": "block/gold_block",
		"particle": "block/red_concrete"
	},
	"elements": [
		{
			"from": [0, 2.525, 11.35],
			"to": [2, 4.075, 14.7],
			"faces": {
				"north": {"uv": [0, 0, 1, 0.775], "texture": "#0"},
				"east": {"uv": [0, 0, 1.675, 0.775], "texture": "#0"},
				"south": {"uv": [0, 0, 1, 0.775], "texture": "#0"},
				"west": {"uv": [0, 0, 1.675, 0.775], "texture": "#0"},
				"up": {"uv": [0, 0, 16, 16], "texture": "#0"},
				"down": {"uv": [0, 0, 1, 1.675], "texture": "#0"}
			}
		},
		{
			"from": [0.025, 4.075, 12.45],
			"to": [1.975, 5.525, 14.6],
			"faces": {
				"north": {"uv": [0, 0, 0.975, 0.725], "texture": "#0"},
				"east": {"uv": [0, 0, 1.075, 0.725], "texture": "#0"},
				"south": {"uv": [0, 0, 0.975, 0.725], "texture": "#0"},
				"west": {"uv": [0, 0, 1.075, 0.725], "texture": "#0"},
				"up": {"uv": [0, 0, 16, 16], "texture": "#0"},
				"down": {"uv": [0, 0, 0.975, 1.075], "texture": "#0"}
			}
		},
		{
			"from": [0.025, 5.175, 12.1],
			"to": [1.975, 6.975, 14.225],
			"rotation": {"angle": -22.5, "axis": "x", "origin": [1, 6.25, 13.525]},
			"faces": {
				"north": {"uv": [0, 0, 0.975, 0.9], "texture": "#0"},
				"east": {"uv": [0, 0, 1.0625, 0.9], "texture": "#0"},
				"south": {"uv": [0, 0, 0.975, 0.9], "texture": "#0"},
				"west": {"uv": [0, 0, 1.0625, 0.9], "texture": "#0"},
				"up": {"uv": [0, 0, 16, 16], "texture": "#0"},
				"down": {"uv": [0, 0, 0.975, 1.0625], "texture": "#0"}
			}
		},
		{
			"from": [0.025, 6.975, 11.75],
			"to": [1.975, 8.775, 14.225],
			"rotation": {"angle": -22.5, "axis": "x", "origin": [1, 6.25, 13.525]},
			"faces": {
				"north": {"uv": [0, 0, 0.975, 0.9], "texture": "#0"},
				"east": {"uv": [0, 0, 1.2375, 0.9], "texture": "#0"},
				"south": {"uv": [0, 0, 0.975, 0.9], "texture": "#0"},
				"west": {"uv": [0, 0, 1.2375, 0.9], "texture": "#0"},
				"up": {"uv": [0, 0, 16, 16], "texture": "#0"},
				"down": {"uv": [0, 0, 0.975, 1.2375], "texture": "#0"}
			}
		},
		{
			"from": [0, 7.99181, 10.17492],
			"to": [2, 10.91681, 13.62492],
			"rotation": {"angle": 0, "axis": "y", "origin": [1, 7.59181, 12.38742]},
			"faces": {
				"north": {"uv": [0, 0, 1.725, 1.4625], "texture": "#0"},
				"east": {"uv": [0, 0, 1.725, 1.4625], "texture": "#0"},
				"south": {"uv": [0, 0, 1.725, 1.4625], "texture": "#0"},
				"west": {"uv": [0, 0, 1.725, 1.4625], "texture": "#0"},
				"up": {"uv": [0, 0, 1.725, 1.4625], "texture": "#0"},
				"down": {"uv": [0, 0, 1.725, 1.4625], "texture": "#0"}
			}
		},
		{
			"from": [0, 7.99181, 4.42492],
			"to": [2, 9.44181, 10.19992],
			"rotation": {"angle": 0, "axis": "y", "origin": [1, 7.59181, 12.38742]},
			"faces": {
				"north": {"uv": [0, 0, 1, 0.725], "texture": "#0"},
				"east": {"uv": [0, 0, 2.8875, 0.725], "texture": "#0"},
				"south": {"uv": [0, 0, 1, 0.725], "texture": "#0"},
				"west": {"uv": [0, 0, 2.8875, 0.725], "texture": "#0"},
				"up": {"uv": [0, 0, 16, 16], "texture": "#0"},
				"down": {"uv": [0, 0, 1, 2.8875], "texture": "#0"}
			}
		},
		{
			"from": [0.25, 8.79181, 1.12492],
			"to": [1.75, 10.24181, 4.42492],
			"rotation": {"angle": 0, "axis": "y", "origin": [1, 7.59181, 12.38742]},
			"faces": {
				"north": {"uv": [0, 0, 0.75, 0.725], "texture": "#3"},
				"east": {"uv": [0, 0, 1.65, 0.725], "texture": "#3"},
				"south": {"uv": [0, 0, 0.75, 0.725], "texture": "#3"},
				"west": {"uv": [0, 0, 1.65, 0.725], "texture": "#3"},
				"up": {"uv": [0, 0, 0.75, 1.65], "texture": "#3"},
				"down": {"uv": [0, 0, 0.75, 1.65], "texture": "#3"}
			}
		},
		{
			"from": [0.175, 8.79181, 2.42492],
			"to": [0.25, 10.24181, 2.67492],
			"rotation": {"angle": 0, "axis": "y", "origin": [1, 7.59181, 12.38742]},
			"faces": {
				"north": {"uv": [0, 0, 16, 2.15], "texture": "#7"},
				"east": {"uv": [0, 0, 16, 2.15], "texture": "#7"},
				"south": {"uv": [0, 0, 16, 2.15], "texture": "#7"},
				"west": {"uv": [0, 0, 16, 2.15], "texture": "#7"},
				"up": {"uv": [0, 0, 16, 2.15], "texture": "#7"},
				"down": {"uv": [0, 0, 16, 2.15], "texture": "#7"}
			}
		},
		{
			"from": [0.1875, 10.22931, 2.42492],
			"to": [1.8125, 10.30431, 2.67492],
			"rotation": {"angle": 0, "axis": "y", "origin": [0.2125, 10.96681, 2.54992]},
			"faces": {
				"north": {"uv": [0, 0, 16, 1.225], "rotation": 270, "texture": "#7"},
				"east": {"uv": [0, 0, 16, 1.225], "rotation": 270, "texture": "#7"},
				"south": {"uv": [0, 0, 16, 1.225], "rotation": 270, "texture": "#7"},
				"west": {"uv": [0, 0, 16, 1.225], "rotation": 270, "texture": "#7"},
				"up": {"uv": [0, 0, 16, 1.225], "rotation": 270, "texture": "#7"},
				"down": {"uv": [0, 0, 16, 1.225], "rotation": 270, "texture": "#7"}
			}
		},
		{
			"from": [0.1875, 10.22931, 1.62492],
			"to": [1.8125, 10.30431, 1.87492],
			"rotation": {"angle": 0, "axis": "y", "origin": [0.2125, 10.96681, 2.54992]},
			"faces": {
				"north": {"uv": [0, 0, 16, 1.225], "rotation": 270, "texture": "#7"},
				"east": {"uv": [0, 0, 16, 1.225], "rotation": 270, "texture": "#7"},
				"south": {"uv": [0, 0, 16, 1.225], "rotation": 270, "texture": "#7"},
				"west": {"uv": [0, 0, 16, 1.225], "rotation": 270, "texture": "#7"},
				"up": {"uv": [0, 0, 16, 1.225], "rotation": 270, "texture": "#7"},
				"down": {"uv": [0, 0, 16, 1.225], "rotation": 270, "texture": "#7"}
			}
		},
		{
			"from": [0.1875, 8.72931, 2.42492],
			"to": [1.8125, 8.80431, 2.67492],
			"rotation": {"angle": 0, "axis": "y", "origin": [0.2125, 10.96681, 2.54992]},
			"faces": {
				"north": {"uv": [0, 0, 16, 1.225], "rotation": 270, "texture": "#7"},
				"east": {"uv": [0, 0, 16, 1.225], "rotation": 270, "texture": "#7"},
				"south": {"uv": [0, 0, 16, 1.225], "rotation": 270, "texture": "#7"},
				"west": {"uv": [0, 0, 16, 1.225], "rotation": 270, "texture": "#7"},
				"up": {"uv": [0, 0, 16, 1.225], "rotation": 270, "texture": "#7"},
				"down": {"uv": [0, 0, 16, 1.225], "rotation": 270, "texture": "#7"}
			}
		},
		{
			"from": [0.1875, 8.72931, 1.62492],
			"to": [1.8125, 8.80431, 1.87492],
			"rotation": {"angle": 0, "axis": "y", "origin": [0.2125, 10.96681, 2.54992]},
			"faces": {
				"north": {"uv": [0, 0, 16, 2.725], "rotation": 270, "texture": "#7"},
				"east": {"uv": [0, 0, 16, 2.725], "rotation": 270, "texture": "#7"},
				"south": {"uv": [0, 0, 16, 2.725], "rotation": 270, "texture": "#7"},
				"west": {"uv": [0, 0, 16, 2.725], "rotation": 270, "texture": "#7"},
				"up": {"uv": [0, 0, 16, 2.725], "rotation": 270, "texture": "#7"},
				"down": {"uv": [0, 0, 16, 2.725], "rotation": 270, "texture": "#7"}
			}
		},
		{
			"from": [0.175, 8.79181, 1.62492],
			"to": [0.25, 10.24181, 1.87492],
			"rotation": {"angle": 0, "axis": "y", "origin": [1, 7.59181, 12.38742]},
			"faces": {
				"north": {"uv": [0, 0, 16, 2.15], "texture": "#7"},
				"east": {"uv": [0, 0, 16, 2.15], "texture": "#7"},
				"south": {"uv": [0, 0, 16, 2.15], "texture": "#7"},
				"west": {"uv": [0, 0, 16, 2.15], "texture": "#7"},
				"up": {"uv": [0, 0, 16, 2.15], "texture": "#7"},
				"down": {"uv": [0, 0, 16, 2.15], "texture": "#7"}
			}
		},
		{
			"from": [1.75, 8.79181, 2.42492],
			"to": [1.825, 10.24181, 2.67492],
			"rotation": {"angle": 0, "axis": "y", "origin": [1, 7.59181, 12.38742]},
			"faces": {
				"north": {"uv": [0, 0, 16, 2.725], "texture": "#7"},
				"east": {"uv": [0, 0, 16, 2.725], "texture": "#7"},
				"south": {"uv": [0, 0, 16, 2.725], "texture": "#7"},
				"west": {"uv": [0, 0, 16, 2.725], "texture": "#7"},
				"up": {"uv": [0, 0, 16, 2.725], "texture": "#7"},
				"down": {"uv": [0, 0, 16, 2.725], "texture": "#7"}
			}
		},
		{
			"from": [1.75, 8.79181, 1.62492],
			"to": [1.825, 10.24181, 1.87492],
			"rotation": {"angle": 0, "axis": "y", "origin": [1, 7.59181, 12.38742]},
			"faces": {
				"north": {"uv": [0, 0, 16, 2.725], "texture": "#7"},
				"east": {"uv": [0, 0, 16, 2.725], "texture": "#7"},
				"south": {"uv": [0, 0, 16, 2.725], "texture": "#7"},
				"west": {"uv": [0, 0, 16, 2.725], "texture": "#7"},
				"up": {"uv": [0, 0, 16, 2.725], "texture": "#7"},
				"down": {"uv": [0, 0, 16, 2.725], "texture": "#7"}
			}
		},
		{
			"from": [0.775, 9.34181, -2.97508],
			"to": [1.3, 9.79181, -2.10008],
			"rotation": {"angle": 0, "axis": "y", "origin": [1, 7.59181, 12.38742]},
			"faces": {
				"north": {"uv": [0, 0, 0.75, 0.725], "texture": "#1"},
				"east": {"uv": [0, 0, 1.65, 0.725], "texture": "#1"},
				"south": {"uv": [0, 0, 0.75, 0.725], "texture": "#1"},
				"west": {"uv": [0, 0, 1.65, 0.725], "texture": "#1"},
				"up": {"uv": [0, 0, 0.75, 1.65], "texture": "#1"},
				"down": {"uv": [0, 0, 0.75, 1.65], "texture": "#1"}
			}
		},
		{
			"from": [0.175, 8.59181, -2.10008],
			"to": [1.85, 10.39181, 1.14992],
			"rotation": {"angle": 0, "axis": "y", "origin": [1, 7.59181, 12.38742]},
			"faces": {
				"north": {"uv": [0, 0, 0.75, 0.725], "texture": "#0"},
				"east": {"uv": [0, 0, 1.65, 0.725], "texture": "#0"},
				"south": {"uv": [0, 0, 0.75, 0.725], "texture": "#0"},
				"west": {"uv": [0, 0, 1.65, 0.725], "texture": "#0"},
				"up": {"uv": [0, 0, 16, 16], "texture": "#0"},
				"down": {"uv": [0, 0, 0.75, 1.65], "texture": "#0"}
			}
		},
		{
			"from": [0.75, 10.05769, 2.84342],
			"to": [1.3, 10.73269, 6.14342],
			"rotation": {"angle": -45, "axis": "x", "origin": [1.025, 10.54519, 3.91842]},
			"faces": {
				"north": {"uv": [0, 0, 0.275, 0.3375], "texture": "#0"},
				"east": {"uv": [0, 0, 1.65, 0.3375], "texture": "#0"},
				"south": {"uv": [0, 0, 0.275, 0.3375], "texture": "#0"},
				"west": {"uv": [0, 0, 1.65, 0.3375], "texture": "#0"},
				"up": {"uv": [0, 0, 16, 16], "texture": "#0"},
				"down": {"uv": [0, 0, 0.275, 1.65], "texture": "#0"}
			}
		},
		{
			"from": [0.975, 12.49571, 1.54357],
			"to": [1.025, 12.87071, 1.61857],
			"rotation": {"angle": 0, "axis": "y", "origin": [1.025, 10.84571, 4.43107]},
			"faces": {
				"north": {"uv": [0, 0, 0.025, 0.1875], "rotation": 180, "texture": "#9"},
				"east": {"uv": [0, 0, 0.1875, 0.0375], "rotation": 90, "texture": "#9"},
				"south": {"uv": [0, 0, 0.025, 0.1875], "texture": "#9"},
				"west": {"uv": [0, 0, 0.1875, 0.0375], "rotation": 270, "texture": "#9"},
				"up": {"uv": [0, 0, 0.025, 0.0375], "texture": "#9"},
				"down": {"uv": [0, 0, 0.025, 0.0375], "rotation": 180, "texture": "#9"}
			}
		},
		{
			"from": [0.925, 9.19571, 1.31857],
			"to": [1.1, 12.49571, 1.61857],
			"rotation": {"angle": 0, "axis": "y", "origin": [1.025, 10.84571, 4.43107]},
			"faces": {
				"north": {"uv": [0, 0, 0.0875, 1.65], "rotation": 180, "texture": "#9"},
				"east": {"uv": [0, 0, 1.65, 0.15], "rotation": 90, "texture": "#9"},
				"south": {"uv": [0, 0, 0.0875, 1.65], "texture": "#9"},
				"west": {"uv": [0, 0, 1.65, 0.15], "rotation": 270, "texture": "#9"},
				"up": {"uv": [0, 0, 0.0875, 0.15], "texture": "#9"},
				"down": {"uv": [0, 0, 0.0875, 0.15], "rotation": 180, "texture": "#9"}
			}
		},
		{
			"from": [0.8, 12.49571, 1.31857],
			"to": [1.2, 12.64571, 1.61857],
			"rotation": {"angle": 0, "axis": "y", "origin": [1.0125, 14.14571, 1.48107]},
			"faces": {
				"north": {"uv": [0, 0, 0.2, 0.075], "rotation": 180, "texture": "#9"},
				"east": {"uv": [0, 0, 0.075, 0.15], "rotation": 90, "texture": "#9"},
				"south": {"uv": [0, 0, 0.2, 0.075], "texture": "#9"},
				"west": {"uv": [0, 0, 0.075, 0.15], "rotation": 270, "texture": "#9"},
				"up": {"uv": [0, 0, 0.2, 0.15], "texture": "#9"},
				"down": {"uv": [0, 0, 0.2, 0.15], "rotation": 180, "texture": "#9"}
			}
		},
		{
			"from": [1.2, 12.48321, 1.33107],
			"to": [1.35, 13.16821, 1.63107],
			"rotation": {"angle": 0, "axis": "y", "origin": [1, 12.57071, 1.48107]},
			"faces": {
				"north": {"uv": [0, 0, 0.075, 0.3425], "rotation": 180, "texture": "#9"},
				"east": {"uv": [0, 0, 0.15, 0.3425], "rotation": 180, "texture": "#9"},
				"south": {"uv": [0, 0, 0.075, 0.3425], "rotation": 180, "texture": "#9"},
				"west": {"uv": [0, 0, 0.15, 0.3425], "rotation": 180, "texture": "#9"},
				"up": {"uv": [0, 0, 0.15, 0.075], "rotation": 270, "texture": "#9"},
				"down": {"uv": [0, 0, 0.15, 0.075], "rotation": 90, "texture": "#9"}
			}
		},
		{
			"from": [0.65, 12.48321, 1.33107],
			"to": [0.8, 13.16821, 1.63107],
			"rotation": {"angle": 0, "axis": "y", "origin": [1, 12.57071, 1.48107]},
			"faces": {
				"north": {"uv": [0, 0, 0.075, 0.3425], "rotation": 180, "texture": "#9"},
				"east": {"uv": [0, 0, 0.15, 0.3425], "rotation": 180, "texture": "#9"},
				"south": {"uv": [0, 0, 0.075, 0.3425], "rotation": 180, "texture": "#9"},
				"west": {"uv": [0, 0, 0.15, 0.3425], "rotation": 180, "texture": "#9"},
				"up": {"uv": [0, 0, 0.15, 0.075], "rotation": 270, "texture": "#9"},
				"down": {"uv": [0, 0, 0.15, 0.075], "rotation": 90, "texture": "#9"}
			}
		},
		{
			"from": [0.8, 13.02071, 1.31857],
			"to": [1.2, 13.17071, 1.61857],
			"rotation": {"angle": 0, "axis": "y", "origin": [1.0125, 14.14571, 1.48107]},
			"faces": {
				"north": {"uv": [0, 0, 0.2, 0.075], "rotation": 180, "texture": "#9"},
				"east": {"uv": [0, 0, 0.075, 0.15], "rotation": 90, "texture": "#9"},
				"south": {"uv": [0, 0, 0.2, 0.075], "texture": "#9"},
				"west": {"uv": [0, 0, 0.075, 0.15], "rotation": 270, "texture": "#9"},
				"up": {"uv": [0, 0, 0.2, 0.15], "texture": "#9"},
				"down": {"uv": [0, 0, 0.2, 0.15], "rotation": 180, "texture": "#9"}
			}
		},
		{
			"from": [0.225, 9.44181, 4.42492],
			"to": [1.775, 10.74181, 10.19992],
			"rotation": {"angle": 0, "axis": "y", "origin": [1, 7.59181, 12.38742]},
			"faces": {
				"north": {"uv": [0, 0, 15.8875, 4.65], "texture": "#0"},
				"east": {"uv": [0, 0, 15.8875, 4.65], "texture": "#6"},
				"south": {"uv": [0, 0, 15.8875, 4.65], "texture": "#6"},
				"west": {"uv": [0, 0, 15.8875, 4.65], "texture": "#6"},
				"up": {"uv": [0, 0, 4.3875, 16], "texture": "#6"},
				"down": {"uv": [0, 0, 4.3875, 16], "texture": "#6"}
			}
		},
		{
			"from": [0, 9.44181, 9.12492],
			"to": [0.225, 10.74181, 9.72492],
			"rotation": {"angle": 0, "axis": "y", "origin": [1, 7.59181, 12.38742]},
			"faces": {
				"north": {"uv": [0, 0, 16, 2.65], "texture": "#7"},
				"east": {"uv": [0, 0, 16, 2.65], "texture": "#7"},
				"south": {"uv": [0, 0, 16, 2.65], "texture": "#7"},
				"west": {"uv": [0, 0, 16, 2.65], "texture": "#7"},
				"up": {"uv": [0, 0, 16, 2.65], "texture": "#7"},
				"down": {"uv": [0, 0, 16, 2.65], "texture": "#7"}
			}
		},
		{
			"from": [0, 9.44181, 8.02492],
			"to": [0.225, 10.74181, 8.62492],
			"rotation": {"angle": 0, "axis": "y", "origin": [1, 7.59181, 12.38742]},
			"faces": {
				"north": {"uv": [0, 0, 16, 2.65], "texture": "#7"},
				"east": {"uv": [0, 0, 16, 2.65], "texture": "#7"},
				"south": {"uv": [0, 0, 16, 2.65], "texture": "#7"},
				"west": {"uv": [0, 0, 16, 2.65], "texture": "#7"},
				"up": {"uv": [0, 0, 16, 2.65], "texture": "#7"},
				"down": {"uv": [0, 0, 16, 2.65], "texture": "#7"}
			}
		},
		{
			"from": [0, 9.44181, 6.62492],
			"to": [0.225, 10.74181, 7.22492],
			"rotation": {"angle": 0, "axis": "y", "origin": [1, 7.59181, 12.38742]},
			"faces": {
				"north": {"uv": [0, 0, 16, 2.65], "texture": "#7"},
				"east": {"uv": [0, 0, 16, 2.65], "texture": "#7"},
				"south": {"uv": [0, 0, 16, 2.65], "texture": "#7"},
				"west": {"uv": [0, 0, 16, 2.65], "texture": "#7"},
				"up": {"uv": [0, 0, 16, 2.65], "texture": "#7"},
				"down": {"uv": [0, 0, 16, 2.65], "texture": "#7"}
			}
		},
		{
			"from": [1.75, 9.44181, 6.62492],
			"to": [1.975, 10.74181, 7.22492],
			"rotation": {"angle": 0, "axis": "y", "origin": [1, 7.59181, 12.38742]},
			"faces": {
				"north": {"uv": [0, 0, 16, 2.65], "texture": "#7"},
				"east": {"uv": [0, 0, 16, 2.65], "texture": "#7"},
				"south": {"uv": [0, 0, 16, 2.65], "texture": "#7"},
				"west": {"uv": [0, 0, 16, 2.65], "texture": "#7"},
				"up": {"uv": [0, 0, 16, 2.65], "texture": "#7"},
				"down": {"uv": [0, 0, 16, 2.65], "texture": "#7"}
			}
		},
		{
			"from": [1.75, 9.44181, 8.02492],
			"to": [1.975, 10.74181, 8.62492],
			"rotation": {"angle": 0, "axis": "y", "origin": [1, 7.59181, 12.38742]},
			"faces": {
				"north": {"uv": [0, 0, 16, 2.65], "texture": "#7"},
				"east": {"uv": [0, 0, 16, 2.65], "texture": "#7"},
				"south": {"uv": [0, 0, 16, 2.65], "texture": "#7"},
				"west": {"uv": [0, 0, 16, 2.65], "texture": "#7"},
				"up": {"uv": [0, 0, 16, 2.65], "texture": "#7"},
				"down": {"uv": [0, 0, 16, 2.65], "texture": "#7"}
			}
		},
		{
			"from": [1.75, 9.44181, 9.12492],
			"to": [1.975, 10.74181, 9.72492],
			"rotation": {"angle": 0, "axis": "y", "origin": [1, 7.59181, 12.38742]},
			"faces": {
				"north": {"uv": [0, 0, 16, 2.65], "texture": "#7"},
				"east": {"uv": [0, 0, 16, 2.65], "texture": "#7"},
				"south": {"uv": [0, 0, 16, 2.65], "texture": "#7"},
				"west": {"uv": [0, 0, 16, 2.65], "texture": "#7"},
				"up": {"uv": [0, 0, 16, 2.65], "texture": "#7"},
				"down": {"uv": [0, 0, 16, 2.65], "texture": "#7"}
			}
		},
		{
			"from": [-0.0125, 10.72931, 6.62492],
			"to": [1.9875, 10.95431, 7.22492],
			"rotation": {"angle": 0, "axis": "y", "origin": [1.8625, 11.39181, 8.17492]},
			"faces": {
				"north": {"uv": [0, 0, 16, 3], "rotation": 90, "texture": "#7"},
				"east": {"uv": [0, 0, 16, 3], "rotation": 90, "texture": "#7"},
				"south": {"uv": [0, 0, 16, 3], "rotation": 90, "texture": "#7"},
				"west": {"uv": [0, 0, 16, 3], "rotation": 90, "texture": "#7"},
				"up": {"uv": [0, 0, 16, 3], "rotation": 90, "texture": "#7"},
				"down": {"uv": [0, 0, 16, 3], "rotation": 90, "texture": "#7"}
			}
		},
		{
			"from": [-0.0125, 10.72931, 8.02492],
			"to": [1.9875, 10.95431, 8.62492],
			"rotation": {"angle": 0, "axis": "y", "origin": [1.8625, 11.39181, 8.17492]},
			"faces": {
				"north": {"uv": [0, 0, 16, 3], "rotation": 90, "texture": "#7"},
				"east": {"uv": [0, 0, 16, 3], "rotation": 90, "texture": "#7"},
				"south": {"uv": [0, 0, 16, 3], "rotation": 90, "texture": "#7"},
				"west": {"uv": [0, 0, 16, 3], "rotation": 90, "texture": "#7"},
				"up": {"uv": [0, 0, 16, 3], "rotation": 90, "texture": "#7"},
				"down": {"uv": [0, 0, 16, 3], "rotation": 90, "texture": "#7"}
			}
		},
		{
			"from": [-0.0125, 10.72931, 9.12492],
			"to": [1.9875, 10.95431, 9.72492],
			"rotation": {"angle": 0, "axis": "y", "origin": [1.8625, 11.39181, 8.17492]},
			"faces": {
				"north": {"uv": [0, 0, 16, 3], "rotation": 90, "texture": "#7"},
				"east": {"uv": [0, 0, 16, 3], "rotation": 90, "texture": "#7"},
				"south": {"uv": [0, 0, 16, 3], "rotation": 90, "texture": "#7"},
				"west": {"uv": [0, 0, 16, 3], "rotation": 90, "texture": "#7"},
				"up": {"uv": [0, 0, 16, 3], "rotation": 90, "texture": "#7"},
				"down": {"uv": [0, 0, 16, 3], "rotation": 90, "texture": "#7"}
			}
		},
		{
			"from": [0, 6.19181, 6.77492],
			"to": [2, 7.11681, 9.02492],
			"rotation": {"angle": 0, "axis": "y", "origin": [1, 7.59181, 12.38742]},
			"faces": {
				"north": {"uv": [0, 0, 1, 0.4625], "texture": "#0"},
				"east": {"uv": [0, 0, 1.125, 0.4625], "texture": "#0"},
				"south": {"uv": [0, 0, 1, 0.4625], "texture": "#0"},
				"west": {"uv": [0, 0, 1.125, 0.4625], "texture": "#0"},
				"up": {"uv": [0, 0, 16, 16], "texture": "#0"},
				"down": {"uv": [0, 0, 1, 1.125], "texture": "#0"}
			}
		},
		{
			"from": [0.45, 3.99181, 8.84992],
			"to": [1.55, 5.39181, 9.42492],
			"rotation": {"angle": -45, "axis": "x", "origin": [1, 4.82931, 8.72492]},
			"faces": {
				"north": {"uv": [0, 0, 0.55, 0.7], "texture": "#0"},
				"east": {"uv": [0, 0, 0.2875, 0.7], "texture": "#0"},
				"south": {"uv": [0, 0, 0.55, 0.7], "texture": "#0"},
				"west": {"uv": [0, 0, 0.2875, 0.7], "texture": "#0"},
				"up": {"uv": [0, 0, 16, 16], "texture": "#0"},
				"down": {"uv": [0, 0, 0.55, 0.2875], "texture": "#0"}
			}
		},
		{
			"from": [0.45, 4.48626, 9.63883],
			"to": [1.55, 5.03626, 11.73883],
			"rotation": {"angle": 22.5, "axis": "x", "origin": [1, 5.02376, 9.11383]},
			"faces": {
				"north": {"uv": [0, 0, 0.55, 0.275], "rotation": 180, "texture": "#0"},
				"east": {"uv": [0, 0, 0.275, 1.05], "rotation": 90, "texture": "#0"},
				"south": {"uv": [0, 0, 0.55, 0.275], "texture": "#0"},
				"west": {"uv": [0, 0, 0.275, 1.05], "rotation": 270, "texture": "#0"},
				"up": {"uv": [0, 0, 16, 16], "texture": "#0"},
				"down": {"uv": [0, 0, 0.55, 1.05], "rotation": 180, "texture": "#0"}
			}
		},
		{
			"from": [0.45, 5.29181, 8.42492],
			"to": [1.55, 6.21681, 9.02492],
			"rotation": {"angle": 0, "axis": "y", "origin": [1, 7.59181, 12.38742]},
			"faces": {
				"north": {"uv": [0, 0, 0.55, 0.4625], "texture": "#0"},
				"east": {"uv": [0, 0, 0.3, 0.4625], "texture": "#0"},
				"south": {"uv": [0, 0, 0.55, 0.4625], "texture": "#0"},
				"west": {"uv": [0, 0, 0.3, 0.4625], "texture": "#0"},
				"up": {"uv": [0, 0, 16, 16], "texture": "#0"},
				"down": {"uv": [0, 0, 0.55, 0.3], "texture": "#0"}
			}
		},
		{
			"from": [0, 7.09181, 6.47492],
			"to": [2, 8.01681, 11.22492],
			"rotation": {"angle": 0, "axis": "y", "origin": [1, 7.59181, 12.38742]},
			"faces": {
				"north": {"uv": [0, 0, 16, 16], "texture": "#0"},
				"east": {"uv": [0, 0, 16, 16], "texture": "#0"},
				"south": {"uv": [0, 0, 16, 16], "texture": "#0"},
				"west": {"uv": [0, 0, 16, 16], "texture": "#0"},
				"up": {"uv": [0, 0, 16, 16], "texture": "#0"},
				"down": {"uv": [0, 0, 16, 16], "texture": "#0"}
			}
		},
		{
			"from": [-0.575, 7.99181, 13.57492],
			"to": [2.55, 11.36681, 17.02492],
			"rotation": {"angle": 0, "axis": "y", "origin": [1, 7.59181, 12.38742]},
			"faces": {
				"north": {"uv": [0, 0, 1.5625, 1.6875], "texture": "#0"},
				"east": {"uv": [0, 0, 1.725, 1.6875], "texture": "#0"},
				"south": {"uv": [0, 0, 1.5625, 1.6875], "texture": "#0"},
				"west": {"uv": [0, 0, 1.725, 1.6875], "texture": "#0"},
				"up": {"uv": [0, 0, 16, 16], "texture": "#0"},
				"down": {"uv": [0, 0, 1.5625, 1.725], "texture": "#0"}
			}
		},
		{
			"from": [2.55, 8.24181, 13.92492],
			"to": [2.6, 11.11681, 16.87492],
			"rotation": {"angle": 0, "axis": "y", "origin": [1, 7.59181, 12.38742]},
			"faces": {
				"north": {"uv": [0, 0, 1.5625, 1.6875], "texture": "#3"},
				"east": {"uv": [0, 0, 1.725, 1.6875], "texture": "#3"},
				"south": {"uv": [0, 0, 1.5625, 1.6875], "texture": "#3"},
				"west": {"uv": [0, 0, 1.725, 1.6875], "texture": "#3"},
				"up": {"uv": [0, 0, 1.5625, 1.725], "texture": "#3"},
				"down": {"uv": [0, 0, 1.5625, 1.725], "texture": "#3"}
			}
		},
		{
			"from": [-0.625, 8.24181, 13.92492],
			"to": [-0.575, 11.11681, 16.87492],
			"rotation": {"angle": 0, "axis": "y", "origin": [2.55, 9.67931, 15.29992]},
			"faces": {
				"north": {"uv": [0, 0, 1.5625, 1.6875], "texture": "#3"},
				"east": {"uv": [0, 0, 1.725, 1.6875], "texture": "#3"},
				"south": {"uv": [0, 0, 1.5625, 1.6875], "texture": "#3"},
				"west": {"uv": [0, 0, 1.725, 1.6875], "texture": "#3"},
				"up": {"uv": [0, 0, 1.5625, 1.725], "texture": "#3"},
				"down": {"uv": [0, 0, 1.5625, 1.725], "texture": "#3"}
			}
		},
		{
			"from": [-0.575, 7.06681, 13.59992],
			"to": [2.55, 8.01681, 16.77492],
			"rotation": {"angle": 0, "axis": "y", "origin": [1, 7.59181, 12.38742]},
			"faces": {
				"north": {"uv": [0, 0, 1.5625, 0.475], "texture": "#0"},
				"east": {"uv": [0, 0, 1.5875, 0.475], "texture": "#0"},
				"south": {"uv": [0, 0, 1.5625, 0.475], "texture": "#0"},
				"west": {"uv": [0, 0, 1.5875, 0.475], "texture": "#0"},
				"up": {"uv": [0, 0, 16, 16], "texture": "#0"},
				"down": {"uv": [0, 0, 1.5625, 1.5875], "texture": "#0"}
			}
		},
		{
			"from": [-0.575, 8.05431, 17.01242],
			"to": [2.55, 11.22931, 17.96242],
			"rotation": {"angle": 0, "axis": "y", "origin": [0.9875, 7.54181, 15.18742]},
			"faces": {
				"north": {"uv": [0, 0, 1.5625, 1.5875], "rotation": 180, "texture": "#0"},
				"east": {"uv": [0, 0, 1.5875, 0.475], "rotation": 90, "texture": "#0"},
				"south": {"uv": [0, 0, 1.5625, 1.5875], "texture": "#0"},
				"west": {"uv": [0, 0, 1.5875, 0.475], "rotation": 270, "texture": "#0"},
				"up": {"uv": [0, 0, 16, 16], "texture": "#0"},
				"down": {"uv": [0, 0, 1.5625, 0.475], "rotation": 180, "texture": "#0"}
			}
		},
		{
			"from": [-0.575, 8.05431, 12.73742],
			"to": [2.55, 11.22931, 13.68742],
			"rotation": {"angle": 0, "axis": "y", "origin": [0.9875, 7.54181, 15.18742]},
			"faces": {
				"north": {"uv": [0, 0, 1.5625, 1.5875], "rotation": 180, "texture": "#0"},
				"east": {"uv": [0, 0, 1.5875, 0.475], "rotation": 90, "texture": "#0"},
				"south": {"uv": [0, 0, 1.5625, 1.5875], "texture": "#0"},
				"west": {"uv": [0, 0, 1.5875, 0.475], "rotation": 270, "texture": "#0"},
				"up": {"uv": [0, 0, 16, 16], "texture": "#0"},
				"down": {"uv": [0, 0, 1.5625, 0.475], "rotation": 180, "texture": "#0"}
			}
		},
		{
			"from": [-0.575, 11.36681, 13.69992],
			"to": [2.55, 11.61681, 16.87492],
			"rotation": {"angle": 0, "axis": "y", "origin": [0.9875, 9.64181, 17.48742]},
			"faces": {
				"north": {"uv": [0, 0, 1.5625, 0.125], "rotation": 180, "texture": "#0"},
				"east": {"uv": [0, 0, 1.5875, 0.125], "rotation": 180, "texture": "#0"},
				"south": {"uv": [0, 0, 1.5625, 0.125], "rotation": 180, "texture": "#0"},
				"west": {"uv": [0, 0, 1.5875, 0.125], "rotation": 180, "texture": "#0"},
				"up": {"uv": [0, 0, 16, 16], "texture": "#0"},
				"down": {"uv": [0, 0, 1.5625, 1.5875], "texture": "#0"}
			}
		},
		{
			"from": [-0.575, 11.56681, 16.59992],
			"to": [-0.15, 12.61681, 16.87492],
			"rotation": {"angle": 0, "axis": "y", "origin": [0.9875, 12.29181, 16.73742]},
			"faces": {
				"north": {"uv": [0, 0, 16, 2.525], "rotation": 180, "texture": "#7"},
				"east": {"uv": [0, 0, 16, 2.525], "rotation": 180, "texture": "#7"},
				"south": {"uv": [0, 0, 16, 2.525], "rotation": 180, "texture": "#7"},
				"west": {"uv": [0, 0, 16, 2.525], "rotation": 180, "texture": "#7"},
				"up": {"uv": [0, 0, 16, 2.525], "rotation": 180, "texture": "#7"},
				"down": {"uv": [0, 0, 16, 2.525], "rotation": 180, "texture": "#7"}
			}
		},
		{
			"from": [-0.1875, 12.35431, 16.62492],
			"to": [2.1625, 12.62931, 16.87492],
			"rotation": {"angle": 0, "axis": "y", "origin": [0.9875, 12.29181, 16.73742]},
			"faces": {
				"north": {"uv": [0, 0, 16, 2.1375], "rotation": 180, "texture": "#7"},
				"east": {"uv": [0, 0, 16, 2.1375], "rotation": 180, "texture": "#7"},
				"south": {"uv": [0, 0, 16, 2.1375], "rotation": 180, "texture": "#7"},
				"west": {"uv": [0, 0, 16, 2.1375], "rotation": 180, "texture": "#7"},
				"up": {"uv": [0, 0, 16, 2.1375], "rotation": 180, "texture": "#7"},
				"down": {"uv": [0, 0, 16, 2.1375], "rotation": 180, "texture": "#7"}
			}
		},
		{
			"from": [2.125, 11.56681, 16.59992],
			"to": [2.55, 12.61681, 16.87492],
			"rotation": {"angle": 0, "axis": "y", "origin": [0.9875, 12.29181, 16.73742]},
			"faces": {
				"north": {"uv": [0, 0, 16, 2.525], "rotation": 180, "texture": "#7"},
				"east": {"uv": [0, 0, 16, 2.525], "rotation": 180, "texture": "#7"},
				"south": {"uv": [0, 0, 16, 2.525], "rotation": 180, "texture": "#7"},
				"west": {"uv": [0, 0, 16, 2.525], "rotation": 180, "texture": "#7"},
				"up": {"uv": [0, 0, 16, 2.525], "rotation": 180, "texture": "#7"},
				"down": {"uv": [0, 0, 16, 2.525], "rotation": 180, "texture": "#7"}
			}
		},
		{
			"from": [-0.1875, 11.65431, 18.32492],
			"to": [2.1625, 11.92931, 18.54992],
			"rotation": {"angle": 22.5, "axis": "x", "origin": [0.9875, 12.29181, 18.93742]},
			"faces": {
				"north": {"uv": [0, 0, 16, 2.1375], "rotation": 180, "texture": "#7"},
				"east": {"uv": [0, 0, 16, 2.1375], "rotation": 180, "texture": "#7"},
				"south": {"uv": [0, 0, 16, 2.1375], "rotation": 180, "texture": "#7"},
				"west": {"uv": [0, 0, 16, 2.1375], "rotation": 180, "texture": "#7"},
				"up": {"uv": [0, 0, 16, 2.1375], "rotation": 180, "texture": "#7"},
				"down": {"uv": [0, 0, 16, 2.1375], "rotation": 180, "texture": "#7"}
			}
		},
		{
			"from": [-0.575, 10.86681, 18.29992],
			"to": [-0.15, 11.91681, 18.57492],
			"rotation": {"angle": 22.5, "axis": "x", "origin": [0.9875, 12.29181, 18.93742]},
			"faces": {
				"north": {"uv": [0, 0, 16, 2.525], "rotation": 180, "texture": "#7"},
				"east": {"uv": [0, 0, 16, 2.525], "rotation": 180, "texture": "#7"},
				"south": {"uv": [0, 0, 16, 2.525], "rotation": 180, "texture": "#7"},
				"west": {"uv": [0, 0, 16, 2.525], "rotation": 180, "texture": "#7"},
				"up": {"uv": [0, 0, 16, 2.525], "rotation": 180, "texture": "#7"},
				"down": {"uv": [0, 0, 16, 2.525], "rotation": 180, "texture": "#7"}
			}
		},
		{
			"from": [2.125, 10.86681, 18.29992],
			"to": [2.55, 11.91681, 18.57492],
			"rotation": {"angle": 22.5, "axis": "x", "origin": [0.9875, 12.29181, 18.93742]},
			"faces": {
				"north": {"uv": [0, 0, 16, 2.525], "rotation": 180, "texture": "#7"},
				"east": {"uv": [0, 0, 16, 2.525], "rotation": 180, "texture": "#7"},
				"south": {"uv": [0, 0, 16, 2.525], "rotation": 180, "texture": "#7"},
				"west": {"uv": [0, 0, 16, 2.525], "rotation": 180, "texture": "#7"},
				"up": {"uv": [0, 0, 16, 2.525], "rotation": 180, "texture": "#7"},
				"down": {"uv": [0, 0, 16, 2.525], "rotation": 180, "texture": "#7"}
			}
		},
		{
			"from": [-0.575, 10.65452, 17.61409],
			"to": [-0.15, 10.92952, 18.66409],
			"rotation": {"angle": -22.5, "axis": "x", "origin": [0.9875, 11.49202, 19.03909]},
			"faces": {
				"north": {"uv": [0, 0, 16, 2.525], "rotation": 270, "texture": "#7"},
				"east": {"uv": [0, 0, 16, 2.525], "rotation": 270, "texture": "#7"},
				"south": {"uv": [0, 0, 16, 2.525], "rotation": 270, "texture": "#7"},
				"west": {"uv": [0, 0, 16, 2.525], "rotation": 270, "texture": "#7"},
				"up": {"uv": [0, 0, 16, 2.525], "rotation": 270, "texture": "#7"},
				"down": {"uv": [0, 0, 16, 2.525], "rotation": 270, "texture": "#7"}
			}
		},
		{
			"from": [-0.1875, 10.67952, 18.40159],
			"to": [2.1625, 10.90452, 18.67659],
			"rotation": {"angle": -22.5, "axis": "x", "origin": [0.9875, 11.49202, 19.03909]},
			"faces": {
				"north": {"uv": [0, 0, 16, 2.1375], "rotation": 270, "texture": "#7"},
				"east": {"uv": [0, 0, 16, 2.1375], "rotation": 270, "texture": "#7"},
				"south": {"uv": [0, 0, 16, 2.1375], "rotation": 270, "texture": "#7"},
				"west": {"uv": [0, 0, 16, 2.1375], "rotation": 270, "texture": "#7"},
				"up": {"uv": [0, 0, 16, 2.1375], "rotation": 270, "texture": "#7"},
				"down": {"uv": [0, 0, 16, 2.1375], "rotation": 270, "texture": "#7"}
			}
		},
		{
			"from": [-0.1875, 8.05452, 17.95159],
			"to": [2.1625, 11.22952, 18.17659],
			"rotation": {"angle": 0, "axis": "y", "origin": [0.9875, 10.79202, 18.53909]},
			"faces": {
				"north": {"uv": [0, 0, 16, 2.175], "rotation": 270, "texture": "#4"},
				"east": {"uv": [0, 0, 16, 2.175], "rotation": 270, "texture": "#4"},
				"south": {"uv": [0, 0, 16, 2.175], "rotation": 270, "texture": "#4"},
				"west": {"uv": [0, 0, 16, 2.175], "rotation": 270, "texture": "#4"},
				"up": {"uv": [0, 0, 16, 2.175], "rotation": 270, "texture": "#4"},
				"down": {"uv": [0, 0, 16, 2.175], "rotation": 270, "texture": "#4"}
			}
		},
		{
			"from": [-0.1875, 11.20452, 16.87659],
			"to": [2.1625, 11.50452, 18.17659],
			"rotation": {"angle": 0, "axis": "y", "origin": [0.9875, 10.79202, 18.53909]},
			"faces": {
				"north": {"uv": [0, 0, 16, 2.175], "rotation": 270, "texture": "#4"},
				"east": {"uv": [0, 0, 16, 2.175], "rotation": 270, "texture": "#4"},
				"south": {"uv": [0, 0, 16, 2.175], "rotation": 270, "texture": "#4"},
				"west": {"uv": [0, 0, 16, 2.175], "rotation": 270, "texture": "#4"},
				"up": {"uv": [0, 0, 16, 2.175], "rotation": 270, "texture": "#4"},
				"down": {"uv": [0, 0, 16, 2.175], "rotation": 270, "texture": "#4"}
			}
		},
		{
			"from": [-0.1875, 7.75452, 16.77659],
			"to": [2.1625, 8.05452, 18.17659],
			"rotation": {"angle": 0, "axis": "y", "origin": [0.9875, 10.79202, 18.53909]},
			"faces": {
				"north": {"uv": [0, 0, 16, 2.175], "rotation": 270, "texture": "#4"},
				"east": {"uv": [0, 0, 16, 2.175], "rotation": 270, "texture": "#4"},
				"south": {"uv": [0, 0, 16, 2.175], "rotation": 270, "texture": "#4"},
				"west": {"uv": [0, 0, 16, 2.175], "rotation": 270, "texture": "#4"},
				"up": {"uv": [0, 0, 16, 2.175], "rotation": 270, "texture": "#4"},
				"down": {"uv": [0, 0, 16, 2.175], "rotation": 270, "texture": "#4"}
			}
		},
		{
			"from": [-0.1875, 11.50452, 14.77659],
			"to": [2.1625, 11.80452, 16.87659],
			"rotation": {"angle": 0, "axis": "y", "origin": [0.9875, 10.79202, 18.53909]},
			"faces": {
				"north": {"uv": [0, 0, 16, 2.175], "rotation": 270, "texture": "#4"},
				"east": {"uv": [0, 0, 16, 2.175], "rotation": 270, "texture": "#4"},
				"south": {"uv": [0, 0, 16, 2.175], "rotation": 270, "texture": "#4"},
				"west": {"uv": [0, 0, 16, 2.175], "rotation": 270, "texture": "#4"},
				"up": {"uv": [0, 0, 16, 2.175], "rotation": 270, "texture": "#4"},
				"down": {"uv": [0, 0, 16, 2.175], "rotation": 270, "texture": "#4"}
			}
		},
		{
			"from": [2.125, 10.65452, 17.61409],
			"to": [2.55, 10.92952, 18.66409],
			"rotation": {"angle": -22.5, "axis": "x", "origin": [0.9875, 11.49202, 19.03909]},
			"faces": {
				"north": {"uv": [0, 0, 16, 2.525], "rotation": 270, "texture": "#7"},
				"east": {"uv": [0, 0, 16, 2.525], "rotation": 270, "texture": "#7"},
				"south": {"uv": [0, 0, 16, 2.525], "rotation": 270, "texture": "#7"},
				"west": {"uv": [0, 0, 16, 2.525], "rotation": 270, "texture": "#7"},
				"up": {"uv": [0, 0, 16, 2.525], "rotation": 270, "texture": "#7"},
				"down": {"uv": [0, 0, 16, 2.525], "rotation": 270, "texture": "#7"}
			}
		},
		{
			"from": [0.025, 10.19181, 11.72492],
			"to": [1.975, 10.99181, 15.47492],
			"rotation": {"angle": -22.5, "axis": "x", "origin": [1, 9.40431, 11.89992]},
			"faces": {
				"north": {"uv": [0, 0, 0.975, 0.4], "texture": "#0"},
				"east": {"uv": [0, 0, 1.875, 0.4], "texture": "#0"},
				"south": {"uv": [0, 0, 0.975, 0.4], "texture": "#0"},
				"west": {"uv": [0, 0, 1.875, 0.4], "texture": "#0"},
				"up": {"uv": [0, 0, 16, 16], "texture": "#0"},
				"down": {"uv": [0, 0, 0.975, 1.875], "texture": "#0"}
			}
		}
	],
	"display": {
		"thirdperson_righthand": {
			"translation": [3.75, 0.5, -1.5],
			"scale": [0.55, 0.55, 0.55]
		},
		"thirdperson_lefthand": {
			"translation": [-3.75, 0.5, -1.5],
			"scale": [0.55, 0.55, 0.55]
		},
		"firstperson_righthand": {
			"translation": [0.25, 15, 1],
			"scale": [0.55, 0.55, 0.55]
		},
		"firstperson_lefthand": {
			"translation": [-7.5, 100, 1],
			"scale": [0.55, 0.55, 0.55]
		},
		"ground": {
			"rotation": [0, 0, 90],
			"translation": [0, 3, 0],
			"scale": [0.56, 0.56, 0.56]
		},
		"gui": {
			"rotation": [30, 56, 0],
			"translation": [3, 2.5, 0],
			"scale": [0.74, 0.74, 0.74]
		},
		"head": {
			"rotation": [0, 90, 0],
			"translation": [0, 1, -7]
		},
		"fixed": {
			"rotation": [0, -93, 0],
			"translation": [0, 0, 7]
		}
	}
}