{
	"credit": "Made with Blockbench",
	"texture_size": [32, 32],
	"textures": {
		"0": "block/anvil",
		"2": "block/black_concrete",
		"5": "block/smoker_side",
		"6": "block/basalt_side",
		"7": "block/bamboo_stalk",
		"8": "block/calcite",
		"9": "block/basalt_top",
		"particle": "block/anvil"
	},
	"elements": [
		{
			"from": [7.6, 7.68097, 10.49872],
			"to": [8.2, 8.10597, 10.74872],
			"rotation": {"angle": 45, "axis": "x", "origin": [7.9, 8.30597, 10.53622]},
			"faces": {
				"north": {"uv": [0, 0, 1.2125, 0.625], "rotation": 270, "texture": "#0"},
				"east": {"uv": [0, 0, 1.2125, 0.625], "rotation": 270, "texture": "#0"},
				"south": {"uv": [0, 0, 1.2125, 0.625], "rotation": 270, "texture": "#0"},
				"west": {"uv": [0, 0, 1.2125, 0.625], "rotation": 270, "texture": "#0"},
				"up": {"uv": [0, 0, 1.2125, 0.625], "rotation": 270, "texture": "#0"},
				"down": {"uv": [0, 0, 1.2125, 0.625], "rotation": 270, "texture": "#0"}
			}
		},
		{
			"from": [7.075, 8.75817, 8.99114],
			"to": [8.725, 9.75817, 10.19114],
			"rotation": {"angle": 0, "axis": "y", "origin": [7.9, 8.85817, 11.09114]},
			"faces": {
				"north": {"uv": [7.5, 0, 15.5, 0.5], "texture": "#9"},
				"east": {"uv": [7.5, 0, 15.5, 0.5], "texture": "#9"},
				"south": {"uv": [7.5, 0, 15.5, 0.5], "texture": "#9"},
				"west": {"uv": [7.5, 0, 15.5, 0.5], "texture": "#9"},
				"up": {"uv": [7.5, 0, 15.5, 0.5], "texture": "#9"},
				"down": {"uv": [7.5, 0, 15.5, 0.5], "texture": "#9"}
			}
		},
		{
			"from": [7.9, 9.25817, -0.60886],
			"to": [8.5, 9.85817, 7.59114],
			"rotation": {"angle": 0, "axis": "y", "origin": [7.9, 8.85817, 11.09114]},
			"faces": {
				"north": {"uv": [0, 0, 1.5, 3.9], "texture": "#6"},
				"east": {"uv": [0, 0, 1.5, 3.9], "texture": "#6"},
				"south": {"uv": [0, 0, 1.5, 3.9], "texture": "#6"},
				"west": {"uv": [0, 0, 1.5, 3.9], "texture": "#6"},
				"up": {"uv": [0, 0, 1.5, 3.9], "texture": "#6"},
				"down": {"uv": [0, 0, 1.5, 3.9], "texture": "#6"}
			}
		},
		{
			"from": [8.2, 8.65817, -0.60886],
			"to": [8.8, 9.25817, 7.59114],
			"rotation": {"angle": 0, "axis": "y", "origin": [7.9, 8.85817, 11.09114]},
			"faces": {
				"north": {"uv": [0, 0, 1.5, 3.9], "texture": "#6"},
				"east": {"uv": [0, 0, 1.5, 3.9], "texture": "#6"},
				"south": {"uv": [0, 0, 1.5, 3.9], "texture": "#6"},
				"west": {"uv": [0, 0, 1.5, 3.9], "texture": "#6"},
				"up": {"uv": [0, 0, 1.5, 3.9], "texture": "#6"},
				"down": {"uv": [0, 0, 1.5, 3.9], "texture": "#6"}
			}
		},
		{
			"from": [6.9, 8.65817, -0.60886],
			"to": [7.5, 9.25817, 7.59114],
			"rotation": {"angle": 0, "axis": "y", "origin": [7.9, 8.85817, 11.09114]},
			"faces": {
				"north": {"uv": [0, 0, 1.5, 3.9], "texture": "#6"},
				"east": {"uv": [0, 0, 1.5, 3.9], "texture": "#6"},
				"south": {"uv": [0, 0, 1.5, 3.9], "texture": "#6"},
				"west": {"uv": [0, 0, 1.5, 3.9], "texture": "#6"},
				"up": {"uv": [0, 0, 1.5, 3.9], "texture": "#6"},
				"down": {"uv": [0, 0, 1.5, 3.9], "texture": "#6"}
			}
		},
		{
			"from": [7.2, 9.25817, -0.60886],
			"to": [7.8, 9.85817, 7.59114],
			"rotation": {"angle": 0, "axis": "y", "origin": [7.9, 8.85817, 11.09114]},
			"faces": {
				"north": {"uv": [0, 0, 1.5, 3.9], "texture": "#6"},
				"east": {"uv": [0, 0, 1.5, 3.9], "texture": "#6"},
				"south": {"uv": [0, 0, 1.5, 3.9], "texture": "#6"},
				"west": {"uv": [0, 0, 1.5, 3.9], "texture": "#6"},
				"up": {"uv": [0, 0, 1.5, 3.9], "texture": "#6"},
				"down": {"uv": [0, 0, 1.5, 3.9], "texture": "#6"}
			}
		},
		{
			"from": [7.6, 8.65817, -0.70886],
			"to": [8.1, 9.25817, 8.99114],
			"rotation": {"angle": 0, "axis": "y", "origin": [7.9, 8.85817, 11.09114]},
			"faces": {
				"north": {"uv": [0, 0, 1.5, 0], "texture": "#6"},
				"east": {"uv": [0, 0, 1.5, 0], "texture": "#6"},
				"south": {"uv": [0, 0, 1.5, 0], "texture": "#6"},
				"west": {"uv": [0, 0, 1.5, 0], "texture": "#6"},
				"up": {"uv": [0, 0, 1.5, 0], "texture": "#6"},
				"down": {"uv": [0, 0, 1.5, 0], "texture": "#6"}
			}
		},
		{
			"from": [6.9, 8.55817, -0.80886],
			"to": [8.8, 8.65817, 8.99114],
			"rotation": {"angle": 0, "axis": "y", "origin": [7.9, 8.85817, 11.09114]},
			"faces": {
				"north": {"uv": [0, 0, 1.95, 3.9], "texture": "#6"},
				"east": {"uv": [0, 0, 1.95, 3.9], "texture": "#6"},
				"south": {"uv": [0, 0, 1.95, 3.9], "texture": "#6"},
				"west": {"uv": [0, 0, 1.95, 3.9], "texture": "#6"},
				"up": {"uv": [0, 0, 1.95, 3.9], "texture": "#6"},
				"down": {"uv": [0, 0, 1.95, 3.9], "texture": "#6"}
			}
		},
		{
			"from": [6.9, 8.35817, 4.39114],
			"to": [8.8, 8.55817, 8.39114],
			"rotation": {"angle": 0, "axis": "y", "origin": [7.9, 8.85817, 11.09114]},
			"faces": {
				"north": {"uv": [0, 0, 16, 0.6], "texture": "#6"},
				"east": {"uv": [0, 0, 16, 0.6], "texture": "#6"},
				"south": {"uv": [0, 0, 16, 0.6], "texture": "#6"},
				"west": {"uv": [0, 0, 16, 0.6], "texture": "#6"},
				"up": {"uv": [0, 0, 16, 0.6], "texture": "#6"},
				"down": {"uv": [0, 0, 16, 0.6], "texture": "#6"}
			}
		},
		{
			"from": [6.9, 8.15817, 4.89114],
			"to": [8.8, 8.35817, 7.49114],
			"rotation": {"angle": 0, "axis": "y", "origin": [7.9, 8.85817, 11.09114]},
			"faces": {
				"north": {"uv": [0, 0, 15.8, 0.6], "texture": "#6"},
				"east": {"uv": [0, 0, 15.8, 0.6], "texture": "#6"},
				"south": {"uv": [0, 0, 15.8, 0.6], "texture": "#6"},
				"west": {"uv": [0, 0, 15.8, 0.6], "texture": "#6"},
				"up": {"uv": [0, 0, 15.8, 0.6], "texture": "#6"},
				"down": {"uv": [0, 0, 15.8, 0.6], "texture": "#6"}
			}
		},
		{
			"from": [7.8, 9.55817, 1.49114],
			"to": [7.9, 10.55817, 1.99114],
			"rotation": {"angle": 22.5, "axis": "x", "origin": [7.85, 9.65817, 0.74114]},
			"faces": {
				"north": {"uv": [0, 0, 1.25, 1], "texture": "#0"},
				"east": {"uv": [0, 0, 1.25, 1], "texture": "#0"},
				"south": {"uv": [0, 0, 1.25, 1], "texture": "#0"},
				"west": {"uv": [0, 0, 1.25, 1], "texture": "#0"},
				"up": {"uv": [0, 0, 1.25, 1], "texture": "#0"},
				"down": {"uv": [0, 0, 1.25, 1], "texture": "#0"}
			}
		},
		{
			"from": [7.6, 9.45817, 9.09114],
			"to": [7.7, 10.05817, 9.39114],
			"rotation": {"angle": 22.5, "axis": "x", "origin": [7.85, 9.90817, 9.24114]},
			"faces": {
				"north": {"uv": [0, 0, 1.15, 0.8], "texture": "#0"},
				"east": {"uv": [0, 0, 1.15, 0.8], "texture": "#0"},
				"south": {"uv": [0, 0, 1.15, 0.8], "texture": "#0"},
				"west": {"uv": [0, 0, 1.15, 0.8], "texture": "#0"},
				"up": {"uv": [0, 0, 1.15, 0.8], "texture": "#0"},
				"down": {"uv": [0, 0, 1.15, 0.8], "texture": "#0"}
			}
		},
		{
			"from": [8, 9.45817, 9.09114],
			"to": [8.1, 10.05817, 9.39114],
			"rotation": {"angle": 22.5, "axis": "x", "origin": [7.85, 9.90817, 9.24114]},
			"faces": {
				"north": {"uv": [0, 0, 1.15, 0.8], "texture": "#0"},
				"east": {"uv": [0, 0, 1.15, 0.8], "texture": "#0"},
				"south": {"uv": [0, 0, 1.15, 0.8], "texture": "#0"},
				"west": {"uv": [0, 0, 1.15, 0.8], "texture": "#0"},
				"up": {"uv": [0, 0, 1.15, 0.8], "texture": "#0"},
				"down": {"uv": [0, 0, 1.15, 0.8], "texture": "#0"}
			}
		},
		{
			"from": [7.325, 7.53716, 11.19131],
			"to": [8.475, 7.73716, 11.89131],
			"rotation": {"angle": -22.5, "axis": "x", "origin": [7.9, 6.93716, 10.24131]},
			"faces": {
				"north": {"uv": [0, 0, 1.35, 0.6], "texture": "#0"},
				"east": {"uv": [0, 0, 1.35, 0.6], "texture": "#0"},
				"south": {"uv": [0, 0, 1.35, 0.6], "texture": "#0"},
				"west": {"uv": [0, 0, 1.35, 0.6], "texture": "#0"},
				"up": {"uv": [0, 0, 1.35, 0.6], "texture": "#0"},
				"down": {"uv": [0, 0, 1.35, 0.6], "texture": "#0"}
			}
		},
		{
			"from": [7.3, 8.1255, 10.32067],
			"to": [8.5, 8.3505, 10.92067],
			"rotation": {"angle": -45, "axis": "x", "origin": [7.9, 8.1005, 11.22067]},
			"faces": {
				"north": {"uv": [0, 0, 1.3, 0.6125], "texture": "#0"},
				"east": {"uv": [0, 0, 1.3, 0.6125], "texture": "#0"},
				"south": {"uv": [0, 0, 1.3, 0.6125], "texture": "#0"},
				"west": {"uv": [0, 0, 1.3, 0.6125], "texture": "#0"},
				"up": {"uv": [0, 0, 1.3, 0.6125], "texture": "#0"},
				"down": {"uv": [0, 0, 1.3, 0.6125], "texture": "#0"}
			}
		},
		{
			"from": [7.3, 7.4867, 9.54991],
			"to": [8.5, 7.7117, 10.57491],
			"rotation": {"angle": 0, "axis": "y", "origin": [7.9, 7.3492, 10.27491]},
			"faces": {
				"north": {"uv": [0, 0, 1.5125, 0.6125], "texture": "#0"},
				"east": {"uv": [0, 0, 1.5125, 0.6125], "texture": "#0"},
				"south": {"uv": [0, 0, 1.5125, 0.6125], "texture": "#0"},
				"west": {"uv": [0, 0, 1.5125, 0.6125], "texture": "#0"},
				"up": {"uv": [0, 0, 1.5125, 0.6125], "texture": "#0"},
				"down": {"uv": [0, 0, 1.5125, 0.6125], "texture": "#0"}
			}
		},
		{
			"from": [7.3, 7.5867, 9.54991],
			"to": [8.5, 9.0117, 9.77491],
			"rotation": {"angle": -22.5, "axis": "x", "origin": [7.9, 7.5992, 9.76241]},
			"faces": {
				"north": {"uv": [0, 0, 1.7125, 0.6125], "rotation": 90, "texture": "#0"},
				"east": {"uv": [0, 0, 1.7125, 0.6125], "rotation": 90, "texture": "#0"},
				"south": {"uv": [0, 0, 1.7125, 0.6125], "rotation": 90, "texture": "#0"},
				"west": {"uv": [0, 0, 1.7125, 0.6125], "rotation": 90, "texture": "#0"},
				"up": {"uv": [0, 0, 1.7125, 0.6125], "rotation": 90, "texture": "#0"},
				"down": {"uv": [0, 0, 1.7125, 0.6125], "rotation": 90, "texture": "#0"}
			}
		},
		{
			"from": [7.6, 8.09773, 10.36241],
			"to": [8.2, 8.69773, 10.58741],
			"rotation": {"angle": 22.5, "axis": "x", "origin": [7.9, 8.19773, 10.27491]},
			"faces": {
				"north": {"uv": [0, 0, 1.3, 0.6125], "rotation": 270, "texture": "#0"},
				"east": {"uv": [0, 0, 1.3, 0.6125], "rotation": 270, "texture": "#0"},
				"south": {"uv": [0, 0, 1.3, 0.6125], "rotation": 270, "texture": "#0"},
				"west": {"uv": [0, 0, 1.3, 0.6125], "rotation": 270, "texture": "#0"},
				"up": {"uv": [0, 0, 1.3, 0.6125], "rotation": 270, "texture": "#0"},
				"down": {"uv": [0, 0, 1.3, 0.6125], "rotation": 270, "texture": "#0"}
			}
		},
		{
			"from": [6.85, 8.60817, -0.90886],
			"to": [7.55, 9.30817, -0.60886],
			"rotation": {"angle": 0, "axis": "y", "origin": [7.9, 8.85817, 11.09114]},
			"faces": {
				"north": {"uv": [9, 6.5, 11.8, 9.3], "texture": "#7"},
				"east": {"uv": [0, 0, 0.3, 0.3], "texture": "#7"},
				"south": {"uv": [0, 0, 0.3, 0.3], "texture": "#7"},
				"west": {"uv": [0, 0, 0.3, 0.3], "texture": "#7"},
				"up": {"uv": [0, 0, 0.3, 0.3], "texture": "#7"},
				"down": {"uv": [0, 0, 0.3, 0.3], "texture": "#7"}
			}
		},
		{
			"from": [7.15, 9.20817, -0.90886],
			"to": [7.85, 9.90817, -0.60886],
			"rotation": {"angle": 0, "axis": "y", "origin": [7.9, 8.85817, 11.09114]},
			"faces": {
				"north": {"uv": [9, 6.5, 11.8, 9.3], "texture": "#7"},
				"east": {"uv": [0, 0, 0.3, 0.3], "texture": "#7"},
				"south": {"uv": [0, 0, 0.3, 0.3], "texture": "#7"},
				"west": {"uv": [0, 0, 0.3, 0.3], "texture": "#7"},
				"up": {"uv": [0, 0, 0.3, 0.3], "texture": "#7"},
				"down": {"uv": [0, 0, 0.3, 0.3], "texture": "#7"}
			}
		},
		{
			"from": [7.85, 9.20817, -0.90886],
			"to": [8.55, 9.90817, -0.60886],
			"rotation": {"angle": 0, "axis": "y", "origin": [7.9, 8.85817, 11.09114]},
			"faces": {
				"north": {"uv": [9, 6.5, 11.8, 9.3], "texture": "#7"},
				"east": {"uv": [0, 0, 0.3, 0.3], "texture": "#7"},
				"south": {"uv": [0, 0, 0.3, 0.3], "texture": "#7"},
				"west": {"uv": [0, 0, 0.3, 0.3], "texture": "#7"},
				"up": {"uv": [0, 0, 0.3, 0.3], "texture": "#7"},
				"down": {"uv": [0, 0, 0.3, 0.3], "texture": "#7"}
			}
		},
		{
			"from": [8.3, 8.75817, -0.93386],
			"to": [8.7, 9.15817, -0.83386],
			"rotation": {"angle": 0, "axis": "y", "origin": [7.9, 8.85817, 11.09114]},
			"faces": {
				"north": {"uv": [0, 0, 0.2, 0.2], "texture": "#2"},
				"east": {"uv": [0, 0, 0.2, 0.2], "texture": "#2"},
				"south": {"uv": [0, 0, 0.2, 0.2], "texture": "#2"},
				"west": {"uv": [0, 0, 0.2, 0.2], "texture": "#2"},
				"up": {"uv": [0, 0, 0.2, 0.2], "texture": "#2"},
				"down": {"uv": [0, 0, 0.2, 0.2], "texture": "#2"}
			}
		},
		{
			"from": [8, 9.35817, -0.93386],
			"to": [8.4, 9.75817, -0.83386],
			"rotation": {"angle": 0, "axis": "y", "origin": [7.9, 8.85817, 11.09114]},
			"faces": {
				"north": {"uv": [0, 0, 0.2, 0.2], "texture": "#2"},
				"east": {"uv": [0, 0, 0.2, 0.2], "texture": "#2"},
				"south": {"uv": [0, 0, 0.2, 0.2], "texture": "#2"},
				"west": {"uv": [0, 0, 0.2, 0.2], "texture": "#2"},
				"up": {"uv": [0, 0, 0.2, 0.2], "texture": "#2"},
				"down": {"uv": [0, 0, 0.2, 0.2], "texture": "#2"}
			}
		},
		{
			"from": [7.3, 9.35817, -0.93386],
			"to": [7.7, 9.75817, -0.83386],
			"rotation": {"angle": 0, "axis": "y", "origin": [7.9, 8.85817, 11.09114]},
			"faces": {
				"north": {"uv": [0, 0, 0.2, 0.2], "texture": "#2"},
				"east": {"uv": [0, 0, 0.2, 0.2], "texture": "#2"},
				"south": {"uv": [0, 0, 0.2, 0.2], "texture": "#2"},
				"west": {"uv": [0, 0, 0.2, 0.2], "texture": "#2"},
				"up": {"uv": [0, 0, 0.2, 0.2], "texture": "#2"},
				"down": {"uv": [0, 0, 0.2, 0.2], "texture": "#2"}
			}
		},
		{
			"from": [7, 8.75817, -0.93386],
			"to": [7.4, 9.15817, -0.83386],
			"rotation": {"angle": 0, "axis": "y", "origin": [7.9, 8.85817, 11.09114]},
			"faces": {
				"north": {"uv": [0, 0, 0.2, 0.2], "texture": "#2"},
				"east": {"uv": [0, 0, 0.2, 0.2], "texture": "#2"},
				"south": {"uv": [0, 0, 0.2, 0.2], "texture": "#2"},
				"west": {"uv": [0, 0, 0.2, 0.2], "texture": "#2"},
				"up": {"uv": [0, 0, 0.2, 0.2], "texture": "#2"},
				"down": {"uv": [0, 0, 0.2, 0.2], "texture": "#2"}
			}
		},
		{
			"from": [8.8, 8.15817, 6.09114],
			"to": [8.9, 9.25817, 6.69114],
			"rotation": {"angle": 0, "axis": "y", "origin": [7.9, 8.85817, 11.09114]},
			"faces": {
				"north": {"uv": [1, 5, 15, 9], "texture": "#9"},
				"east": {"uv": [1, 5, 15, 9], "texture": "#9"},
				"south": {"uv": [1, 5, 15, 9], "texture": "#9"},
				"west": {"uv": [1, 5, 15, 9], "texture": "#9"},
				"up": {"uv": [1, 5, 15, 9], "texture": "#9"},
				"down": {"uv": [1, 5, 15, 9], "texture": "#9"}
			}
		},
		{
			"from": [6.8, 8.15817, 6.09114],
			"to": [6.9, 9.25817, 6.69114],
			"rotation": {"angle": 0, "axis": "y", "origin": [7.9, 8.85817, 11.09114]},
			"faces": {
				"north": {"uv": [1, 5, 15, 9], "texture": "#9"},
				"east": {"uv": [1, 5, 15, 9], "texture": "#9"},
				"south": {"uv": [1, 5, 15, 9], "texture": "#9"},
				"west": {"uv": [1, 5, 15, 9], "texture": "#9"},
				"up": {"uv": [1, 5, 15, 9], "texture": "#9"},
				"down": {"uv": [1, 5, 15, 9], "texture": "#9"}
			}
		},
		{
			"from": [6.8, 9.25817, 6.09114],
			"to": [7.1, 9.35817, 6.69114],
			"rotation": {"angle": 0, "axis": "y", "origin": [6.85, 8.95817, 6.39114]},
			"faces": {
				"north": {"uv": [1, 5, 15, 9], "rotation": 90, "texture": "#9"},
				"east": {"uv": [1, 5, 15, 9], "rotation": 90, "texture": "#9"},
				"south": {"uv": [1, 5, 15, 9], "rotation": 90, "texture": "#9"},
				"west": {"uv": [1, 5, 15, 9], "rotation": 90, "texture": "#9"},
				"up": {"uv": [1, 5, 15, 9], "rotation": 90, "texture": "#9"},
				"down": {"uv": [1, 5, 15, 9], "rotation": 90, "texture": "#9"}
			}
		},
		{
			"from": [8.6, 9.25817, 6.09114],
			"to": [8.9, 9.35817, 6.69114],
			"rotation": {"angle": 0, "axis": "y", "origin": [6.85, 8.95817, 6.39114]},
			"faces": {
				"north": {"uv": [1, 5, 15, 9], "rotation": 90, "texture": "#9"},
				"east": {"uv": [1, 5, 15, 9], "rotation": 90, "texture": "#9"},
				"south": {"uv": [1, 5, 15, 9], "rotation": 90, "texture": "#9"},
				"west": {"uv": [1, 5, 15, 9], "rotation": 90, "texture": "#9"},
				"up": {"uv": [1, 5, 15, 9], "rotation": 90, "texture": "#9"},
				"down": {"uv": [1, 5, 15, 9], "rotation": 90, "texture": "#9"}
			}
		},
		{
			"from": [8.5, 9.25817, 6.09114],
			"to": [8.6, 9.85817, 6.69114],
			"rotation": {"angle": 0, "axis": "y", "origin": [7.9, 8.85817, 11.09114]},
			"faces": {
				"north": {"uv": [1, 5, 15, 9], "texture": "#9"},
				"east": {"uv": [1, 5, 15, 9], "texture": "#9"},
				"south": {"uv": [1, 5, 15, 9], "texture": "#9"},
				"west": {"uv": [1, 5, 15, 9], "texture": "#9"},
				"up": {"uv": [1, 5, 15, 9], "texture": "#9"},
				"down": {"uv": [1, 5, 15, 9], "texture": "#9"}
			}
		},
		{
			"from": [7.1, 9.25817, 6.09114],
			"to": [7.2, 9.85817, 6.69114],
			"rotation": {"angle": 0, "axis": "y", "origin": [7.9, 8.85817, 11.09114]},
			"faces": {
				"north": {"uv": [1, 5, 15, 9], "texture": "#9"},
				"east": {"uv": [1, 5, 15, 9], "texture": "#9"},
				"south": {"uv": [1, 5, 15, 9], "texture": "#9"},
				"west": {"uv": [1, 5, 15, 9], "texture": "#9"},
				"up": {"uv": [1, 5, 15, 9], "texture": "#9"},
				"down": {"uv": [1, 5, 15, 9], "texture": "#9"}
			}
		},
		{
			"from": [7.1, 9.85817, 6.09114],
			"to": [7.8, 9.95817, 6.69114],
			"rotation": {"angle": 0, "axis": "y", "origin": [6.85, 8.95817, 6.39114]},
			"faces": {
				"north": {"uv": [1, 5, 15, 9], "rotation": 90, "texture": "#9"},
				"east": {"uv": [1, 5, 15, 9], "rotation": 90, "texture": "#9"},
				"south": {"uv": [1, 5, 15, 9], "rotation": 90, "texture": "#9"},
				"west": {"uv": [1, 5, 15, 9], "rotation": 90, "texture": "#9"},
				"up": {"uv": [1, 5, 15, 9], "rotation": 90, "texture": "#9"},
				"down": {"uv": [1, 5, 15, 9], "rotation": 90, "texture": "#9"}
			}
		},
		{
			"from": [7.9, 9.85817, 6.09114],
			"to": [8.6, 9.95817, 6.69114],
			"rotation": {"angle": 0, "axis": "y", "origin": [6.85, 8.95817, 6.39114]},
			"faces": {
				"north": {"uv": [1, 5, 15, 9], "rotation": 90, "texture": "#9"},
				"east": {"uv": [1, 5, 15, 9], "rotation": 90, "texture": "#9"},
				"south": {"uv": [1, 5, 15, 9], "rotation": 90, "texture": "#9"},
				"west": {"uv": [1, 5, 15, 9], "rotation": 90, "texture": "#9"},
				"up": {"uv": [1, 5, 15, 9], "rotation": 90, "texture": "#9"},
				"down": {"uv": [1, 5, 15, 9], "rotation": 90, "texture": "#9"}
			}
		},
		{
			"from": [6.8, 8.05817, 6.09114],
			"to": [8.9, 8.15817, 6.69114],
			"rotation": {"angle": 0, "axis": "y", "origin": [6.85, 8.95817, 6.39114]},
			"faces": {
				"north": {"uv": [1, 5, 15, 9], "rotation": 90, "texture": "#9"},
				"east": {"uv": [1, 5, 15, 9], "rotation": 90, "texture": "#9"},
				"south": {"uv": [1, 5, 15, 9], "rotation": 90, "texture": "#9"},
				"west": {"uv": [1, 5, 15, 9], "rotation": 90, "texture": "#9"},
				"up": {"uv": [1, 5, 15, 9], "rotation": 90, "texture": "#9"},
				"down": {"uv": [1, 5, 15, 9], "rotation": 90, "texture": "#9"}
			}
		},
		{
			"from": [8.725, 8.375, 12.1],
			"to": [8.8, 8.7, 13.2],
			"rotation": {"angle": 22.5, "axis": "x", "origin": [8.7625, 8.525, 12.6]},
			"faces": {
				"north": {"uv": [0, 0, 1.05, 0.6625], "texture": "#0"},
				"east": {"uv": [0, 0, 1.05, 0.6625], "texture": "#0"},
				"south": {"uv": [0, 0, 1.05, 0.6625], "texture": "#0"},
				"west": {"uv": [0, 0, 1.05, 0.6625], "texture": "#0"},
				"up": {"uv": [0, 0, 1.05, 0.6625], "texture": "#0"},
				"down": {"uv": [0, 0, 1.05, 0.6625], "texture": "#0"}
			}
		},
		{
			"from": [8.725, 8.2, 11.5],
			"to": [8.825, 8.55, 12.2],
			"rotation": {"angle": 45, "axis": "x", "origin": [8.7625, 8.525, 12.6]},
			"faces": {
				"north": {"uv": [0, 0, 0.85, 0.675], "texture": "#0"},
				"east": {"uv": [0, 0, 0.85, 0.675], "texture": "#0"},
				"south": {"uv": [0, 0, 0.85, 0.675], "texture": "#0"},
				"west": {"uv": [0, 0, 0.85, 0.675], "texture": "#0"},
				"up": {"uv": [0, 0, 0.85, 0.675], "texture": "#0"},
				"down": {"uv": [0, 0, 0.85, 0.675], "texture": "#0"}
			}
		},
		{
			"from": [7.025, 8.375, 12.1],
			"to": [7.1, 8.7, 13.2],
			"rotation": {"angle": 22.5, "axis": "x", "origin": [7.0375, 8.525, 12.6]},
			"faces": {
				"north": {"uv": [0, 0, 1.05, 0.6625], "texture": "#0"},
				"east": {"uv": [0, 0, 1.05, 0.6625], "texture": "#0"},
				"south": {"uv": [0, 0, 1.05, 0.6625], "texture": "#0"},
				"west": {"uv": [0, 0, 1.05, 0.6625], "texture": "#0"},
				"up": {"uv": [0, 0, 1.05, 0.6625], "texture": "#0"},
				"down": {"uv": [0, 0, 1.05, 0.6625], "texture": "#0"}
			}
		},
		{
			"from": [7, 8.2, 11.5],
			"to": [7.1, 8.55, 12.2],
			"rotation": {"angle": 45, "axis": "x", "origin": [7.0375, 8.525, 12.6]},
			"faces": {
				"north": {"uv": [0, 0, 0.85, 0.675], "texture": "#0"},
				"east": {"uv": [0, 0, 0.85, 0.675], "texture": "#0"},
				"south": {"uv": [0, 0, 0.85, 0.675], "texture": "#0"},
				"west": {"uv": [0, 0, 0.85, 0.675], "texture": "#0"},
				"up": {"uv": [0, 0, 0.85, 0.675], "texture": "#0"},
				"down": {"uv": [0, 0, 0.85, 0.675], "texture": "#0"}
			}
		},
		{
			"from": [7.1, 7.7, 9.9],
			"to": [8.7, 8.7, 12],
			"rotation": {"angle": 22.5, "axis": "x", "origin": [7.9, 8.3, 12.7]},
			"faces": {
				"north": {"uv": [0, 11, 1.8, 12.5], "texture": "#5"},
				"east": {"uv": [0, 11, 1.8, 12.5], "texture": "#5"},
				"south": {"uv": [0, 11, 1.8, 12.5], "texture": "#5"},
				"west": {"uv": [0, 11, 1.8, 12.5], "texture": "#5"},
				"up": {"uv": [0, 11, 1.8, 12.5], "texture": "#5"},
				"down": {"uv": [0, 11, 1.8, 12.5], "texture": "#5"}
			}
		},
		{
			"from": [7.1, 7.425, 12.025],
			"to": [8.7, 8.7, 13.975],
			"rotation": {"angle": 22.5, "axis": "x", "origin": [7.9, 8.4, 12.7]},
			"faces": {
				"north": {"uv": [0, 11, 1.8, 12.5], "texture": "#5"},
				"east": {"uv": [0, 11, 1.8, 12.5], "texture": "#5"},
				"south": {"uv": [0, 11, 1.8, 12.5], "texture": "#5"},
				"west": {"uv": [0, 11, 1.8, 12.5], "texture": "#5"},
				"up": {"uv": [0, 11, 1.8, 12.5], "texture": "#5"},
				"down": {"uv": [0, 11, 1.8, 12.5], "texture": "#5"}
			}
		},
		{
			"from": [7.075, 7.75, 11.7],
			"to": [8.725, 9, 13.5],
			"faces": {
				"north": {"uv": [0, 11, 1.825, 12.5], "texture": "#5"},
				"east": {"uv": [0, 11, 1.825, 12.5], "texture": "#5"},
				"south": {"uv": [0, 11, 1.825, 12.5], "texture": "#5"},
				"west": {"uv": [0, 11, 1.825, 12.5], "texture": "#5"},
				"up": {"uv": [0, 11, 1.825, 12.5], "texture": "#5"},
				"down": {"uv": [0, 11, 1.825, 12.5], "texture": "#5"}
			}
		},
		{
			"from": [7.05, 7, 13.5],
			"to": [8.725, 9, 16.8],
			"faces": {
				"north": {"uv": [0, 11, 1.8375, 12.5], "texture": "#5"},
				"east": {"uv": [0, 11, 1.8375, 12.5], "texture": "#5"},
				"south": {"uv": [0, 11, 1.8375, 12.5], "texture": "#5"},
				"west": {"uv": [0, 11, 1.8375, 12.5], "texture": "#5"},
				"up": {"uv": [0, 11, 1.8375, 12.5], "texture": "#5"},
				"down": {"uv": [0, 11, 1.8375, 12.5], "texture": "#5"}
			}
		},
		{
			"from": [7.075, 6.7, 16.8],
			"to": [8.725, 9.1, 17],
			"faces": {
				"north": {"uv": [0, 7, 0.5, 11], "texture": "#5"},
				"east": {"uv": [0, 7, 0.5, 11], "texture": "#5"},
				"south": {"uv": [0, 7, 0.5, 11], "texture": "#5"},
				"west": {"uv": [0, 7, 0.5, 11], "texture": "#5"},
				"up": {"uv": [0, 7, 0.5, 11], "texture": "#5"},
				"down": {"uv": [0, 7, 0.5, 11], "texture": "#5"}
			}
		},
		{
			"from": [6.9, 8.65817, 7.59114],
			"to": [7.5, 9.25817, 8.99114],
			"rotation": {"angle": 0, "axis": "y", "origin": [7.9, 8.85817, 11.09114]},
			"faces": {
				"north": {"uv": [0, 0, 16, 2.9], "texture": "#7"},
				"east": {"uv": [0, 0, 16, 2.9], "texture": "#7"},
				"south": {"uv": [0, 0, 16, 2.9], "texture": "#7"},
				"west": {"uv": [0, 7.5, 16, 10.4], "texture": "#7"},
				"up": {"uv": [0, 0, 16, 2.9], "texture": "#7"},
				"down": {"uv": [0, 0, 16, 2.9], "texture": "#7"}
			}
		},
		{
			"from": [7.2, 9.25817, 7.59114],
			"to": [7.8, 9.85817, 8.99114],
			"rotation": {"angle": 0, "axis": "y", "origin": [7.9, 8.85817, 11.09114]},
			"faces": {
				"north": {"uv": [0, 0, 16, 2.9], "texture": "#7"},
				"east": {"uv": [0, 0, 16, 2.9], "texture": "#7"},
				"south": {"uv": [0, 0, 16, 2.9], "texture": "#7"},
				"west": {"uv": [0, 7.5, 16, 10.4], "texture": "#7"},
				"up": {"uv": [0, 0, 16, 2.9], "texture": "#7"},
				"down": {"uv": [0, 0, 16, 2.9], "texture": "#7"}
			}
		},
		{
			"from": [8.2, 8.65817, 7.59114],
			"to": [8.8, 9.25817, 8.99114],
			"rotation": {"angle": 0, "axis": "y", "origin": [7.9, 8.85817, 11.09114]},
			"faces": {
				"north": {"uv": [0, 0, 16, 2.9], "texture": "#7"},
				"east": {"uv": [0, 0, 16, 2.9], "texture": "#7"},
				"south": {"uv": [0, 0, 16, 2.9], "texture": "#7"},
				"west": {"uv": [0, 7.5, 16, 10.4], "texture": "#7"},
				"up": {"uv": [0, 0, 16, 2.9], "texture": "#7"},
				"down": {"uv": [0, 0, 16, 2.9], "texture": "#7"}
			}
		},
		{
			"from": [7.9, 9.25817, 7.59114],
			"to": [8.5, 9.85817, 8.99114],
			"rotation": {"angle": 0, "axis": "y", "origin": [7.9, 8.85817, 11.09114]},
			"faces": {
				"north": {"uv": [0, 0, 16, 2.9], "texture": "#7"},
				"east": {"uv": [0, 0, 16, 2.9], "texture": "#7"},
				"south": {"uv": [0, 0, 16, 2.9], "texture": "#7"},
				"west": {"uv": [0, 7.5, 16, 10.4], "texture": "#7"},
				"up": {"uv": [0, 0, 16, 2.9], "texture": "#7"},
				"down": {"uv": [0, 0, 16, 2.9], "texture": "#7"}
			}
		},
		{
			"from": [8.5, 9.55817, 6.69114],
			"to": [8.55, 9.75817, 8.99114],
			"rotation": {"angle": 0, "axis": "y", "origin": [7.9, 8.85817, 11.09114]},
			"faces": {
				"north": {"uv": [1, 5, 15, 9], "texture": "#8"},
				"east": {"uv": [1, 5, 15, 9], "texture": "#8"},
				"south": {"uv": [1, 5, 15, 9], "texture": "#8"},
				"west": {"uv": [1, 5, 15, 9], "texture": "#8"},
				"up": {"uv": [1, 5, 15, 9], "texture": "#8"},
				"down": {"uv": [1, 5, 15, 9], "texture": "#8"}
			}
		},
		{
			"from": [8.5, 9.25817, 6.69114],
			"to": [8.55, 9.45817, 8.99114],
			"rotation": {"angle": 0, "axis": "y", "origin": [7.9, 8.85817, 11.09114]},
			"faces": {
				"north": {"uv": [1, 5, 15, 9], "texture": "#8"},
				"east": {"uv": [1, 5, 15, 9], "texture": "#8"},
				"south": {"uv": [1, 5, 15, 9], "texture": "#8"},
				"west": {"uv": [1, 5, 15, 9], "texture": "#8"},
				"up": {"uv": [1, 5, 15, 9], "texture": "#8"},
				"down": {"uv": [1, 5, 15, 9], "texture": "#8"}
			}
		},
		{
			"from": [8.8, 8.95817, 6.69114],
			"to": [8.85, 9.15817, 8.99114],
			"rotation": {"angle": 0, "axis": "y", "origin": [7.9, 8.85817, 11.09114]},
			"faces": {
				"north": {"uv": [1, 5, 15, 9], "texture": "#8"},
				"east": {"uv": [1, 5, 15, 9], "texture": "#8"},
				"south": {"uv": [1, 5, 15, 9], "texture": "#8"},
				"west": {"uv": [1, 5, 15, 9], "texture": "#8"},
				"up": {"uv": [1, 5, 15, 9], "texture": "#8"},
				"down": {"uv": [1, 5, 15, 9], "texture": "#8"}
			}
		},
		{
			"from": [8.8, 8.65817, 6.69114],
			"to": [8.85, 8.85817, 8.99114],
			"rotation": {"angle": 0, "axis": "y", "origin": [7.9, 8.85817, 11.09114]},
			"faces": {
				"north": {"uv": [1, 5, 15, 9], "texture": "#8"},
				"east": {"uv": [1, 5, 15, 9], "texture": "#8"},
				"south": {"uv": [1, 5, 15, 9], "texture": "#8"},
				"west": {"uv": [1, 5, 15, 9], "texture": "#8"},
				"up": {"uv": [1, 5, 15, 9], "texture": "#8"},
				"down": {"uv": [1, 5, 15, 9], "texture": "#8"}
			}
		},
		{
			"from": [6.85, 8.65817, 6.69114],
			"to": [6.9, 8.85817, 8.99114],
			"rotation": {"angle": 0, "axis": "y", "origin": [7.9, 8.85817, 11.09114]},
			"faces": {
				"north": {"uv": [1, 5, 15, 9], "texture": "#8"},
				"east": {"uv": [1, 5, 15, 9], "texture": "#8"},
				"south": {"uv": [1, 5, 15, 9], "texture": "#8"},
				"west": {"uv": [1, 5, 15, 9], "texture": "#8"},
				"up": {"uv": [1, 5, 15, 9], "texture": "#8"},
				"down": {"uv": [1, 5, 15, 9], "texture": "#8"}
			}
		},
		{
			"from": [6.85, 8.95817, 6.69114],
			"to": [6.9, 9.15817, 8.99114],
			"rotation": {"angle": 0, "axis": "y", "origin": [7.9, 8.85817, 11.09114]},
			"faces": {
				"north": {"uv": [1, 5, 15, 9], "texture": "#8"},
				"east": {"uv": [1, 5, 15, 9], "texture": "#8"},
				"south": {"uv": [1, 5, 15, 9], "texture": "#8"},
				"west": {"uv": [1, 5, 15, 9], "texture": "#8"},
				"up": {"uv": [1, 5, 15, 9], "texture": "#8"},
				"down": {"uv": [1, 5, 15, 9], "texture": "#8"}
			}
		},
		{
			"from": [7.15, 9.25817, 6.69114],
			"to": [7.2, 9.45817, 8.99114],
			"rotation": {"angle": 0, "axis": "y", "origin": [7.9, 8.85817, 11.09114]},
			"faces": {
				"north": {"uv": [1, 5, 15, 9], "texture": "#8"},
				"east": {"uv": [1, 5, 15, 9], "texture": "#8"},
				"south": {"uv": [1, 5, 15, 9], "texture": "#8"},
				"west": {"uv": [1, 5, 15, 9], "texture": "#8"},
				"up": {"uv": [1, 5, 15, 9], "texture": "#8"},
				"down": {"uv": [1, 5, 15, 9], "texture": "#8"}
			}
		},
		{
			"from": [7.15, 9.55817, 6.69114],
			"to": [7.2, 9.75817, 8.99114],
			"rotation": {"angle": 0, "axis": "y", "origin": [7.9, 8.85817, 11.09114]},
			"faces": {
				"north": {"uv": [1, 5, 15, 9], "texture": "#8"},
				"east": {"uv": [1, 5, 15, 9], "texture": "#8"},
				"south": {"uv": [1, 5, 15, 9], "texture": "#8"},
				"west": {"uv": [1, 5, 15, 9], "texture": "#8"},
				"up": {"uv": [1, 5, 15, 9], "texture": "#8"},
				"down": {"uv": [1, 5, 15, 9], "texture": "#8"}
			}
		},
		{
			"from": [6.85, 8.95817, 8.99114],
			"to": [8.85, 9.15817, 9.04114],
			"rotation": {"angle": 0, "axis": "y", "origin": [7.9, 8.85817, 11.09114]},
			"faces": {
				"north": {"uv": [1, 5, 15, 9], "texture": "#8"},
				"east": {"uv": [1, 5, 15, 9], "texture": "#8"},
				"south": {"uv": [1, 5, 15, 9], "texture": "#8"},
				"west": {"uv": [1, 5, 15, 9], "texture": "#8"},
				"up": {"uv": [1, 5, 15, 9], "texture": "#8"},
				"down": {"uv": [1, 5, 15, 9], "texture": "#8"}
			}
		},
		{
			"from": [6.85, 8.65817, 8.99114],
			"to": [8.85, 8.85817, 9.04114],
			"rotation": {"angle": 0, "axis": "y", "origin": [7.9, 8.85817, 11.09114]},
			"faces": {
				"north": {"uv": [1, 5, 15, 9], "texture": "#8"},
				"east": {"uv": [1, 5, 15, 9], "texture": "#8"},
				"south": {"uv": [1, 5, 15, 9], "texture": "#8"},
				"west": {"uv": [1, 5, 15, 9], "texture": "#8"},
				"up": {"uv": [1, 5, 15, 9], "texture": "#8"},
				"down": {"uv": [1, 5, 15, 9], "texture": "#8"}
			}
		},
		{
			"from": [8.275, 9.85817, 6.69114],
			"to": [8.425, 9.95817, 8.99114],
			"rotation": {"angle": 0, "axis": "y", "origin": [8.55, 10.10817, 7.84114]},
			"faces": {
				"north": {"uv": [1, 5, 15, 9], "rotation": 90, "texture": "#8"},
				"east": {"uv": [1, 5, 15, 9], "rotation": 270, "texture": "#8"},
				"south": {"uv": [1, 5, 15, 9], "rotation": 270, "texture": "#8"},
				"west": {"uv": [1, 5, 15, 9], "rotation": 270, "texture": "#8"},
				"up": {"uv": [1, 5, 15, 9], "rotation": 270, "texture": "#8"},
				"down": {"uv": [1, 5, 15, 9], "rotation": 270, "texture": "#8"}
			}
		},
		{
			"from": [7.975, 9.85817, 6.69114],
			"to": [8.125, 9.95817, 8.99114],
			"rotation": {"angle": 0, "axis": "y", "origin": [8.55, 10.10817, 7.84114]},
			"faces": {
				"north": {"uv": [1, 5, 15, 9], "rotation": 90, "texture": "#8"},
				"east": {"uv": [1, 5, 15, 9], "rotation": 270, "texture": "#8"},
				"south": {"uv": [1, 5, 15, 9], "rotation": 270, "texture": "#8"},
				"west": {"uv": [1, 5, 15, 9], "rotation": 270, "texture": "#8"},
				"up": {"uv": [1, 5, 15, 9], "rotation": 270, "texture": "#8"},
				"down": {"uv": [1, 5, 15, 9], "rotation": 270, "texture": "#8"}
			}
		},
		{
			"from": [7.575, 9.85817, 6.69114],
			"to": [7.725, 9.95817, 8.99114],
			"rotation": {"angle": 0, "axis": "y", "origin": [8.55, 10.10817, 7.84114]},
			"faces": {
				"north": {"uv": [1, 5, 15, 9], "rotation": 90, "texture": "#8"},
				"east": {"uv": [1, 5, 15, 9], "rotation": 270, "texture": "#8"},
				"south": {"uv": [1, 5, 15, 9], "rotation": 270, "texture": "#8"},
				"west": {"uv": [1, 5, 15, 9], "rotation": 270, "texture": "#8"},
				"up": {"uv": [1, 5, 15, 9], "rotation": 270, "texture": "#8"},
				"down": {"uv": [1, 5, 15, 9], "rotation": 270, "texture": "#8"}
			}
		},
		{
			"from": [7.275, 9.85817, 6.69114],
			"to": [7.425, 9.95817, 8.99114],
			"rotation": {"angle": 0, "axis": "y", "origin": [8.55, 10.10817, 7.84114]},
			"faces": {
				"north": {"uv": [1, 5, 15, 9], "rotation": 90, "texture": "#8"},
				"east": {"uv": [1, 5, 15, 9], "rotation": 270, "texture": "#8"},
				"south": {"uv": [1, 5, 15, 9], "rotation": 270, "texture": "#8"},
				"west": {"uv": [1, 5, 15, 9], "rotation": 270, "texture": "#8"},
				"up": {"uv": [1, 5, 15, 9], "rotation": 270, "texture": "#8"},
				"down": {"uv": [1, 5, 15, 9], "rotation": 270, "texture": "#8"}
			}
		},
		{
			"from": [8.275, 9.75817, 8.99114],
			"to": [8.425, 9.95817, 9.09114],
			"rotation": {"angle": 0, "axis": "y", "origin": [8.55, 10.10817, 7.84114]},
			"faces": {
				"north": {"uv": [1, 5, 15, 9], "rotation": 90, "texture": "#8"},
				"east": {"uv": [1, 5, 15, 9], "rotation": 270, "texture": "#8"},
				"south": {"uv": [1, 5, 15, 9], "rotation": 270, "texture": "#8"},
				"west": {"uv": [1, 5, 15, 9], "rotation": 270, "texture": "#8"},
				"up": {"uv": [1, 5, 15, 9], "rotation": 270, "texture": "#8"},
				"down": {"uv": [1, 5, 15, 9], "rotation": 270, "texture": "#8"}
			}
		},
		{
			"from": [7.975, 9.75817, 8.99114],
			"to": [8.125, 9.95817, 9.09114],
			"rotation": {"angle": 0, "axis": "y", "origin": [8.55, 10.10817, 7.84114]},
			"faces": {
				"north": {"uv": [1, 5, 15, 9], "rotation": 90, "texture": "#8"},
				"east": {"uv": [1, 5, 15, 9], "rotation": 270, "texture": "#8"},
				"south": {"uv": [1, 5, 15, 9], "rotation": 270, "texture": "#8"},
				"west": {"uv": [1, 5, 15, 9], "rotation": 270, "texture": "#8"},
				"up": {"uv": [1, 5, 15, 9], "rotation": 270, "texture": "#8"},
				"down": {"uv": [1, 5, 15, 9], "rotation": 270, "texture": "#8"}
			}
		},
		{
			"from": [7.575, 9.75817, 8.99114],
			"to": [7.725, 9.95817, 9.09114],
			"rotation": {"angle": 0, "axis": "y", "origin": [8.55, 10.10817, 7.84114]},
			"faces": {
				"north": {"uv": [1, 5, 15, 9], "rotation": 90, "texture": "#8"},
				"east": {"uv": [1, 5, 15, 9], "rotation": 270, "texture": "#8"},
				"south": {"uv": [1, 5, 15, 9], "rotation": 270, "texture": "#8"},
				"west": {"uv": [1, 5, 15, 9], "rotation": 270, "texture": "#8"},
				"up": {"uv": [1, 5, 15, 9], "rotation": 270, "texture": "#8"},
				"down": {"uv": [1, 5, 15, 9], "rotation": 270, "texture": "#8"}
			}
		},
		{
			"from": [7.275, 9.75817, 8.99114],
			"to": [7.425, 9.95817, 9.09114],
			"rotation": {"angle": 0, "axis": "y", "origin": [8.55, 10.10817, 7.84114]},
			"faces": {
				"north": {"uv": [1, 5, 15, 9], "rotation": 90, "texture": "#8"},
				"east": {"uv": [1, 5, 15, 9], "rotation": 270, "texture": "#8"},
				"south": {"uv": [1, 5, 15, 9], "rotation": 270, "texture": "#8"},
				"west": {"uv": [1, 5, 15, 9], "rotation": 270, "texture": "#8"},
				"up": {"uv": [1, 5, 15, 9], "rotation": 270, "texture": "#8"},
				"down": {"uv": [1, 5, 15, 9], "rotation": 270, "texture": "#8"}
			}
		},
		{
			"from": [8.15, 8.60817, -0.90886],
			"to": [8.85, 9.30817, -0.60886],
			"rotation": {"angle": 0, "axis": "y", "origin": [7.9, 8.85817, 11.09114]},
			"faces": {
				"north": {"uv": [9, 6.5, 11.8, 9.3], "texture": "#7"},
				"east": {"uv": [0, 0, 0.3, 0.3], "texture": "#7"},
				"south": {"uv": [0, 0, 0.3, 0.3], "texture": "#7"},
				"west": {"uv": [0, 0, 0.3, 0.3], "texture": "#7"},
				"up": {"uv": [0, 0, 0.3, 0.3], "texture": "#7"},
				"down": {"uv": [0, 0, 0.3, 0.3], "texture": "#7"}
			}
		}
	],
	"display": {
		"thirdperson_righthand": {
			"translation": [0, -0.75, -2.25],
			"scale": [1.2, 1.2, 1.2]
		},
		"thirdperson_lefthand": {
			"translation": [0, -0.75, -2.25],
			"scale": [1.2, 1.2, 1.2]
		},
		"firstperson_righthand": {
			"translation": [-4.75, 14.5, 4.75],
			"scale": [1.2, 1.2, 1.2]
		},
		"firstperson_lefthand": {
			"translation": [-4.75, 80, 4.75],
			"scale": [1.2, 1.2, 1.2]
		},
		"ground": {
			"rotation": [0, 0, 90]
		},
		"gui": {
			"rotation": [30, 52, 0]
		},
		"head": {
			"rotation": [0, 90, 0],
			"translation": [0, 0.5, 0],
			"scale": [1.75, 1.75, 1.75]
		},
		"fixed": {
			"rotation": [0, 90, 0],
			"translation": [0, -0.5, 0],
			"scale": [1.6, 1.6, 1.6]
		}
	}
}