{
	"credit": "Made with Blockbench",
	"texture_size": [32, 32],
	"textures": {
		"0": "block/anvil",
		"2": "block/acacia_planks",
		"3": "block/gray_concrete",
		"4": "block/andesite",
		"6": "block/gray_concrete_powder",
		"particle": "block/anvil"
	},
	"elements": [
		{
			"from": [7.85, 6, 12],
			"to": [8.15, 7.8, 12.7],
			"rotation": {"angle": -22.5, "axis": "x", "origin": [8, 6.4, 12.3]},
			"faces": {
				"north": {"uv": [0, 0, 1.475, 1.9], "texture": "#2"},
				"east": {"uv": [0, 0, 1.475, 1.9], "texture": "#2"},
				"south": {"uv": [0, 0, 1.475, 1.9], "texture": "#2"},
				"west": {"uv": [0, 0, 1.475, 1.9], "texture": "#2"},
				"up": {"uv": [0, 0, 1.475, 1.9], "texture": "#2"},
				"down": {"uv": [0, 0, 1.475, 1.9], "texture": "#2"}
			}
		},
		{
			"from": [7.85, 7.45824, 11.11437],
			"to": [8.15, 8.18324, 12.28937],
			"rotation": {"angle": 0, "axis": "y", "origin": [8, 6.83324, 12.03937]},
			"faces": {
				"north": {"uv": [0, 0, 1.5875, 1.3625], "texture": "#2"},
				"east": {"uv": [0, 0, 1.5875, 1.3625], "texture": "#2"},
				"south": {"uv": [0, 0, 1.5875, 1.3625], "texture": "#2"},
				"west": {"uv": [0, 0, 1.5875, 1.3625], "texture": "#2"},
				"up": {"uv": [0, 0, 1.5875, 1.3625], "texture": "#2"},
				"down": {"uv": [0, 0, 1.5875, 1.3625], "texture": "#2"}
			}
		},
		{
			"from": [7.85, 5.92787, 8.4349],
			"to": [8.15, 8.30287, 9.8349],
			"rotation": {"angle": 22.5, "axis": "x", "origin": [8, 8.96537, 9.4724]},
			"faces": {
				"north": {"uv": [0, 0, 5.2, 5.1875], "texture": "#6"},
				"east": {"uv": [0, 0, 5.2, 5.1875], "texture": "#6"},
				"south": {"uv": [0, 0, 5.2, 5.1875], "texture": "#6"},
				"west": {"uv": [0, 0, 5.2, 5.1875], "texture": "#6"},
				"up": {"uv": [0, 0, 5.2, 5.1875], "texture": "#6"},
				"down": {"uv": [0, 0, 5.2, 5.1875], "texture": "#6"}
			}
		},
		{
			"from": [7.825, 4.42285, 8.20263],
			"to": [8.175, 6.54785, 9.52763],
			"rotation": {"angle": 45, "axis": "x", "origin": [8, 7.38535, 8.45263]},
			"faces": {
				"north": {"uv": [0, 0, 5.1625, 5.0625], "texture": "#6"},
				"east": {"uv": [0, 0, 5.1625, 5.0625], "texture": "#6"},
				"south": {"uv": [0, 0, 5.1625, 5.0625], "texture": "#6"},
				"west": {"uv": [0, 0, 5.1625, 5.0625], "texture": "#6"},
				"up": {"uv": [0, 0, 5.1625, 5.0625], "texture": "#6"},
				"down": {"uv": [0, 0, 5.1625, 5.0625], "texture": "#6"}
			}
		},
		{
			"from": [7.925, 7.65824, 11.01437],
			"to": [8.075, 8.18324, 11.11437],
			"rotation": {"angle": 0, "axis": "y", "origin": [8, 6.83324, 12.03937]},
			"faces": {
				"north": {"uv": [0, 0, 0.55, 0.7625], "texture": "#0"},
				"east": {"uv": [0, 0, 0.55, 0.7625], "texture": "#0"},
				"south": {"uv": [0, 0, 0.55, 0.7625], "texture": "#0"},
				"west": {"uv": [0, 0, 0.55, 0.7625], "texture": "#0"},
				"up": {"uv": [0, 0, 0.55, 0.7625], "texture": "#0"},
				"down": {"uv": [0, 0, 0.55, 0.7625], "texture": "#0"}
			}
		},
		{
			"from": [7.9, 7.85824, 10.71437],
			"to": [7.95, 8.18324, 10.81437],
			"rotation": {"angle": 0, "axis": "y", "origin": [8, 6.83324, 12.03937]},
			"faces": {
				"north": {"uv": [0, 0, 0.55, 0.6625], "texture": "#0"},
				"east": {"uv": [0, 0, 0.55, 0.6625], "texture": "#0"},
				"south": {"uv": [0, 0, 0.55, 0.6625], "texture": "#0"},
				"west": {"uv": [0, 0, 0.55, 0.6625], "texture": "#0"},
				"up": {"uv": [0, 0, 0.55, 0.6625], "texture": "#0"},
				"down": {"uv": [0, 0, 0.55, 0.6625], "texture": "#0"}
			}
		},
		{
			"from": [7.9, 7.60824, 10.81437],
			"to": [7.95, 7.93324, 10.91437],
			"rotation": {"angle": 45, "axis": "x", "origin": [8, 8.02074, 10.76437]},
			"faces": {
				"north": {"uv": [0, 0, 0.55, 0.6625], "texture": "#0"},
				"east": {"uv": [0, 0, 0.55, 0.6625], "texture": "#0"},
				"south": {"uv": [0, 0, 0.55, 0.6625], "texture": "#0"},
				"west": {"uv": [0, 0, 0.55, 0.6625], "texture": "#0"},
				"up": {"uv": [0, 0, 0.55, 0.6625], "texture": "#0"},
				"down": {"uv": [0, 0, 0.55, 0.6625], "texture": "#0"}
			}
		},
		{
			"from": [7.925, 7.53324, 11.11437],
			"to": [8.075, 7.70824, 11.21437],
			"rotation": {"angle": 22.5, "axis": "x", "origin": [8, 7.92074, 11.06437]},
			"faces": {
				"north": {"uv": [0, 0, 0.55, 0.5875], "texture": "#0"},
				"east": {"uv": [0, 0, 0.55, 0.5875], "texture": "#0"},
				"south": {"uv": [0, 0, 0.55, 0.5875], "texture": "#0"},
				"west": {"uv": [0, 0, 0.55, 0.5875], "texture": "#0"},
				"up": {"uv": [0, 0, 0.55, 0.5875], "texture": "#0"},
				"down": {"uv": [0, 0, 0.55, 0.5875], "texture": "#0"}
			}
		},
		{
			"from": [7.925, 7.86781, 9.96695],
			"to": [8.075, 8.09281, 10.06695],
			"rotation": {"angle": -22.5, "axis": "x", "origin": [8, 7.60531, 11.04195]},
			"faces": {
				"north": {"uv": [0, 0, 0.55, 0.6125], "rotation": 180, "texture": "#0"},
				"east": {"uv": [0, 0, 0.55, 0.6125], "rotation": 180, "texture": "#0"},
				"south": {"uv": [0, 0, 0.55, 0.6125], "rotation": 180, "texture": "#0"},
				"west": {"uv": [0, 0, 0.55, 0.6125], "rotation": 180, "texture": "#0"},
				"up": {"uv": [0, 0, 0.55, 0.6125], "rotation": 180, "texture": "#0"},
				"down": {"uv": [0, 0, 0.55, 0.6125], "rotation": 180, "texture": "#0"}
			}
		},
		{
			"from": [7.925, 7.44373, 9.60723],
			"to": [8.075, 7.66873, 9.70723],
			"rotation": {"angle": 0, "axis": "y", "origin": [8, 7.55623, 9.68223]},
			"faces": {
				"north": {"uv": [0, 0, 0.55, 0.6125], "rotation": 180, "texture": "#0"},
				"east": {"uv": [0, 0, 0.55, 0.6125], "rotation": 180, "texture": "#0"},
				"south": {"uv": [0, 0, 0.55, 0.6125], "rotation": 180, "texture": "#0"},
				"west": {"uv": [0, 0, 0.55, 0.6125], "rotation": 180, "texture": "#0"},
				"up": {"uv": [0, 0, 0.55, 0.6125], "rotation": 180, "texture": "#0"},
				"down": {"uv": [0, 0, 0.55, 0.6125], "rotation": 180, "texture": "#0"}
			}
		},
		{
			"from": [7.925, 7.64701, 9.45147],
			"to": [8.075, 8.19701, 9.95147],
			"rotation": {"angle": 0, "axis": "y", "origin": [8, 7.55951, 9.95147]},
			"faces": {
				"north": {"uv": [0, 0, 0.75, 0.775], "rotation": 180, "texture": "#0"},
				"east": {"uv": [0, 0, 0.75, 0.775], "rotation": 180, "texture": "#0"},
				"south": {"uv": [0, 0, 0.75, 0.775], "rotation": 180, "texture": "#0"},
				"west": {"uv": [0, 0, 0.75, 0.775], "rotation": 180, "texture": "#0"},
				"up": {"uv": [0, 0, 0.75, 0.775], "rotation": 180, "texture": "#0"},
				"down": {"uv": [0, 0, 0.75, 0.775], "rotation": 180, "texture": "#0"}
			}
		},
		{
			"from": [7.925, 7.41781, 11.01695],
			"to": [8.075, 7.54281, 11.11695],
			"rotation": {"angle": 45, "axis": "x", "origin": [8, 7.60531, 11.04195]},
			"faces": {
				"north": {"uv": [0, 0, 0.55, 0.5625], "texture": "#0"},
				"east": {"uv": [0, 0, 0.55, 0.5625], "texture": "#0"},
				"south": {"uv": [0, 0, 0.55, 0.5625], "texture": "#0"},
				"west": {"uv": [0, 0, 0.55, 0.5625], "texture": "#0"},
				"up": {"uv": [0, 0, 0.55, 0.5625], "texture": "#0"},
				"down": {"uv": [0, 0, 0.55, 0.5625], "texture": "#0"}
			}
		},
		{
			"from": [7.925, 7.42424, 9.93374],
			"to": [8.075, 7.52424, 10.95874],
			"rotation": {"angle": 0, "axis": "y", "origin": [8, 7.49924, 10.97124]},
			"faces": {
				"north": {"uv": [0, 0, 0.55, 1.0125], "rotation": 270, "texture": "#0"},
				"east": {"uv": [0, 0, 0.55, 1.0125], "rotation": 270, "texture": "#0"},
				"south": {"uv": [0, 0, 0.55, 1.0125], "rotation": 270, "texture": "#0"},
				"west": {"uv": [0, 0, 0.55, 1.0125], "rotation": 270, "texture": "#0"},
				"up": {"uv": [0, 0, 0.55, 1.0125], "rotation": 270, "texture": "#0"},
				"down": {"uv": [0, 0, 0.55, 1.0125], "rotation": 270, "texture": "#0"}
			}
		},
		{
			"from": [7.8, 7.78324, 12.46437],
			"to": [8.2, 8.30824, 17.13937],
			"rotation": {"angle": 22.5, "axis": "x", "origin": [8, 7.82074, 13.50187]},
			"faces": {
				"north": {"uv": [0, 0, 3.8375, 1.7625], "texture": "#2"},
				"east": {"uv": [0, 0, 3.8375, 1.7625], "texture": "#2"},
				"south": {"uv": [0, 0, 3.8375, 1.7625], "texture": "#2"},
				"west": {"uv": [0, 0, 3.8375, 1.7625], "texture": "#2"},
				"up": {"uv": [0, 0, 3.8375, 1.7625], "texture": "#2"},
				"down": {"uv": [0, 0, 3.8375, 1.7625], "texture": "#2"}
			}
		},
		{
			"from": [7.8, 8.30824, 13.68937],
			"to": [8.2, 8.83324, 17.13937],
			"rotation": {"angle": 22.5, "axis": "x", "origin": [8, 7.82074, 13.50187]},
			"faces": {
				"north": {"uv": [0, 0, 3.225, 1.7625], "texture": "#2"},
				"east": {"uv": [0, 0, 3.225, 1.7625], "texture": "#2"},
				"south": {"uv": [0, 0, 3.225, 1.7625], "texture": "#2"},
				"west": {"uv": [0, 0, 3.225, 1.7625], "texture": "#2"},
				"up": {"uv": [0, 0, 3.225, 1.7625], "texture": "#2"},
				"down": {"uv": [0, 0, 3.225, 1.7625], "texture": "#2"}
			}
		},
		{
			"from": [7.775, 8.30824, 12.23937],
			"to": [8.225, 8.70824, 13.76437],
			"rotation": {"angle": 22.5, "axis": "x", "origin": [8, 7.82074, 13.50187]},
			"faces": {
				"north": {"uv": [0, 0, 2.2625, 1.7], "texture": "#2"},
				"east": {"uv": [0, 0, 2.2625, 1.7], "texture": "#2"},
				"south": {"uv": [0, 0, 2.2625, 1.7], "texture": "#2"},
				"west": {"uv": [0, 0, 2.2625, 1.7], "texture": "#2"},
				"up": {"uv": [0, 0, 2.2625, 1.7], "texture": "#2"},
				"down": {"uv": [0, 0, 2.2625, 1.7], "texture": "#2"}
			}
		},
		{
			"from": [7.8, 8.83324, 14.98937],
			"to": [8.2, 9.35824, 17.13937],
			"rotation": {"angle": 22.5, "axis": "x", "origin": [8, 7.82074, 13.50187]},
			"faces": {
				"north": {"uv": [0, 0, 2.575, 1.7625], "texture": "#2"},
				"east": {"uv": [0, 0, 2.575, 1.7625], "texture": "#2"},
				"south": {"uv": [0, 0, 2.575, 1.7625], "texture": "#2"},
				"west": {"uv": [0, 0, 2.575, 1.7625], "texture": "#2"},
				"up": {"uv": [0, 0, 2.575, 1.7625], "texture": "#2"},
				"down": {"uv": [0, 0, 2.575, 1.7625], "texture": "#2"}
			}
		},
		{
			"from": [7.775, 7.8481, 16.58413],
			"to": [8.225, 8.6731, 17.45913],
			"rotation": {"angle": 0, "axis": "y", "origin": [8, 7.0606, 14.72163]},
			"faces": {
				"north": {"uv": [0, 0, 1.9375, 1.9125], "texture": "#2"},
				"east": {"uv": [0, 0, 1.9375, 1.9125], "texture": "#2"},
				"south": {"uv": [0, 0, 1.9375, 1.9125], "texture": "#2"},
				"west": {"uv": [0, 0, 1.9375, 1.9125], "texture": "#2"},
				"up": {"uv": [0, 0, 1.9375, 1.9125], "texture": "#2"},
				"down": {"uv": [0, 0, 1.9375, 1.9125], "texture": "#2"}
			}
		},
		{
			"from": [7.75, 8.1981, 12.65913],
			"to": [8.25, 8.6731, 17.45913],
			"rotation": {"angle": 0, "axis": "y", "origin": [8, 7.0606, 14.72163]},
			"faces": {
				"north": {"uv": [0, 0, 3.9, 1.7375], "texture": "#2"},
				"east": {"uv": [0, 0, 3.9, 1.7375], "texture": "#2"},
				"south": {"uv": [0, 0, 3.9, 1.7375], "texture": "#2"},
				"west": {"uv": [0, 0, 3.9, 1.7375], "texture": "#2"},
				"up": {"uv": [0, 0, 3.9, 1.7375], "texture": "#2"},
				"down": {"uv": [0, 0, 3.9, 1.7375], "texture": "#2"}
			}
		},
		{
			"from": [7.7, 8.18324, 7.38937],
			"to": [8.3, 9.10824, 12.66437],
			"rotation": {"angle": 0, "axis": "y", "origin": [8, 6.83324, 12.03937]},
			"faces": {
				"north": {"uv": [0, 0, 0.3, 0.4625], "texture": "#3"},
				"east": {"uv": [0, 0, 2.6375, 0.4625], "texture": "#3"},
				"south": {"uv": [0, 0, 0.3, 0.4625], "texture": "#3"},
				"west": {"uv": [0, 0, 2.6375, 0.4625], "texture": "#3"},
				"up": {"uv": [0, 0, 0.3, 2.6375], "texture": "#3"},
				"down": {"uv": [0, 0, 0.3, 2.6375], "texture": "#3"}
			}
		},
		{
			"from": [7.7, 9.10824, 7.38937],
			"to": [8.3, 9.75824, 12.01437],
			"rotation": {"angle": 0, "axis": "y", "origin": [8, 6.83324, 12.03937]},
			"faces": {
				"north": {"uv": [0, 0, 0.3, 0.325], "texture": "#3"},
				"east": {"uv": [0, 0, 2.3125, 0.325], "texture": "#3"},
				"south": {"uv": [0, 0, 0.3, 0.325], "texture": "#3"},
				"west": {"uv": [0, 0, 2.3125, 0.325], "texture": "#3"},
				"up": {"uv": [0, 0, 0.3, 2.3125], "texture": "#3"},
				"down": {"uv": [0, 0, 0.3, 2.3125], "texture": "#3"}
			}
		},
		{
			"from": [8.3, 9.10824, 7.41437],
			"to": [8.325, 9.63324, 9.21437],
			"rotation": {"angle": 0, "axis": "y", "origin": [8, 6.83324, 12.03937]},
			"faces": {
				"north": {"uv": [0, 0, 1.4, 1.2625], "texture": "#4"},
				"east": {"uv": [0, 0, 1.4, 1.2625], "texture": "#4"},
				"south": {"uv": [0, 0, 1.4, 1.2625], "texture": "#4"},
				"west": {"uv": [0, 0, 1.4, 1.2625], "texture": "#4"},
				"up": {"uv": [0, 0, 1.4, 1.2625], "texture": "#4"},
				"down": {"uv": [0, 0, 1.4, 1.2625], "texture": "#4"}
			}
		},
		{
			"from": [8.325, 9.10824, 7.41437],
			"to": [8.375, 9.63324, 7.51437],
			"rotation": {"angle": 0, "axis": "y", "origin": [8, 6.83324, 12.03937]},
			"faces": {
				"north": {"uv": [0, 0, 0.55, 1.2625], "texture": "#4"},
				"east": {"uv": [0, 0, 0.55, 1.2625], "texture": "#4"},
				"south": {"uv": [0, 0, 0.55, 1.2625], "texture": "#4"},
				"west": {"uv": [0, 0, 0.55, 1.2625], "texture": "#4"},
				"up": {"uv": [0, 0, 0.55, 1.2625], "texture": "#4"},
				"down": {"uv": [0, 0, 0.55, 1.2625], "texture": "#4"}
			}
		},
		{
			"from": [7.7, 9.25824, 5.93937],
			"to": [8.3, 9.83324, 6.78937],
			"rotation": {"angle": 0, "axis": "y", "origin": [8, 6.83324, 12.03937]},
			"faces": {
				"north": {"uv": [0, 0, 0.3, 0.2875], "texture": "#3"},
				"east": {"uv": [0, 0, 0.425, 0.2875], "texture": "#3"},
				"south": {"uv": [0, 0, 0.3, 0.2875], "texture": "#3"},
				"west": {"uv": [0, 0, 0.425, 0.2875], "texture": "#3"},
				"up": {"uv": [0, 0, 0.3, 0.425], "texture": "#3"},
				"down": {"uv": [0, 0, 0.3, 0.425], "texture": "#3"}
			}
		},
		{
			"from": [7.6, 8.43324, 3.43937],
			"to": [8.4, 9.83324, 5.93937],
			"rotation": {"angle": 0, "axis": "y", "origin": [8, 6.83324, 12.03937]},
			"faces": {
				"north": {"uv": [1, 1, 3.75, 2.7], "texture": "#2"},
				"east": {"uv": [1, 1, 3.75, 2.7], "texture": "#2"},
				"south": {"uv": [1, 1, 3.75, 2.7], "texture": "#2"},
				"west": {"uv": [1, 1, 3.75, 2.7], "texture": "#2"},
				"up": {"uv": [1, 1, 3.75, 2.7], "texture": "#2"},
				"down": {"uv": [1, 1, 3.75, 2.7], "texture": "#2"}
			}
		},
		{
			"from": [7.825, 9.30824, 1.38937],
			"to": [8.175, 9.73324, 3.43937],
			"rotation": {"angle": 0, "axis": "y", "origin": [8, 6.83324, 12.03937]},
			"faces": {
				"north": {"uv": [0, 0, 0.175, 0.2125], "texture": "#0"},
				"east": {"uv": [0, 0, 0.175, 0.2125], "texture": "#0"},
				"south": {"uv": [0, 0, 0.175, 0.2125], "texture": "#0"},
				"west": {"uv": [0, 0, 0.175, 0.2125], "texture": "#0"},
				"up": {"uv": [0, 0, 0.175, 0.2125], "texture": "#0"},
				"down": {"uv": [0, 0, 0.175, 0.2125], "texture": "#0"}
			}
		},
		{
			"from": [7.825, 8.92153, 0.91649],
			"to": [8.175, 9.77153, 1.49149],
			"rotation": {"angle": 45, "axis": "x", "origin": [8, 9.15903, 1.11649]},
			"faces": {
				"north": {"uv": [0, 0, 0.175, 0.425], "texture": "#0"},
				"east": {"uv": [0, 0, 0.175, 0.425], "texture": "#0"},
				"south": {"uv": [0, 0, 0.175, 0.425], "texture": "#0"},
				"west": {"uv": [0, 0, 0.175, 0.425], "texture": "#0"},
				"up": {"uv": [0, 0, 0.175, 0.425], "texture": "#0"},
				"down": {"uv": [0, 0, 0.175, 0.425], "texture": "#0"}
			}
		},
		{
			"from": [7.825, 8.70824, -1.63563],
			"to": [8.175, 9.13324, 3.43937],
			"rotation": {"angle": 0, "axis": "y", "origin": [8, 6.83324, 12.03937]},
			"faces": {
				"north": {"uv": [0, 0, 0.175, 0.2125], "texture": "#0"},
				"east": {"uv": [0, 0, 0.175, 0.2125], "texture": "#0"},
				"south": {"uv": [0, 0, 0.175, 0.2125], "texture": "#0"},
				"west": {"uv": [0, 0, 0.175, 0.2125], "texture": "#0"},
				"up": {"uv": [0, 0, 0.175, 0.2125], "texture": "#0"},
				"down": {"uv": [0, 0, 0.175, 0.2125], "texture": "#0"}
			}
		},
		{
			"from": [7.95, 8.58324, -0.88563],
			"to": [8.05, 8.68324, 3.43937],
			"rotation": {"angle": 0, "axis": "y", "origin": [8, 6.83324, 12.03937]},
			"faces": {
				"north": {"uv": [0, 0, 0.05, 0.05], "texture": "#0"},
				"east": {"uv": [0, 0, 0.05, 0.05], "texture": "#0"},
				"south": {"uv": [0, 0, 0.05, 0.05], "texture": "#0"},
				"west": {"uv": [0, 0, 0.05, 0.05], "texture": "#0"},
				"up": {"uv": [0, 0, 0.05, 0.05], "texture": "#0"},
				"down": {"uv": [0, 0, 0.05, 0.05], "texture": "#0"}
			}
		},
		{
			"from": [7.95, 8.58324, -1.23563],
			"to": [8.05, 8.78324, -0.88563],
			"rotation": {"angle": 0, "axis": "y", "origin": [8, 6.83324, 12.03937]},
			"faces": {
				"north": {"uv": [0, 0, 0.05, 0.1], "texture": "#0"},
				"east": {"uv": [0, 0, 0.05, 0.1], "texture": "#0"},
				"south": {"uv": [0, 0, 0.05, 0.1], "texture": "#0"},
				"west": {"uv": [0, 0, 0.05, 0.1], "texture": "#0"},
				"up": {"uv": [0, 0, 0.05, 0.1], "texture": "#0"},
				"down": {"uv": [0, 0, 0.05, 0.1], "texture": "#0"}
			}
		},
		{
			"from": [7.6, 8.43324, 5.93937],
			"to": [8.4, 9.25824, 6.78937],
			"rotation": {"angle": 0, "axis": "y", "origin": [8, 6.83324, 12.03937]},
			"faces": {
				"north": {"uv": [1, 1, 2.925, 2.4125], "texture": "#2"},
				"east": {"uv": [1, 1, 2.925, 2.4125], "texture": "#2"},
				"south": {"uv": [1, 1, 2.925, 2.4125], "texture": "#2"},
				"west": {"uv": [1, 1, 2.925, 2.4125], "texture": "#2"},
				"up": {"uv": [1, 1, 2.925, 2.4125], "texture": "#2"},
				"down": {"uv": [1, 1, 2.925, 2.4125], "texture": "#2"}
			}
		},
		{
			"from": [7.7, 8.28324, 6.78937],
			"to": [8.3, 9.83324, 7.38937],
			"rotation": {"angle": 0, "axis": "y", "origin": [8, 6.83324, 12.03937]},
			"faces": {
				"north": {"uv": [0, 0, 0.3, 0.775], "texture": "#3"},
				"east": {"uv": [0, 0, 0.3, 0.775], "texture": "#3"},
				"south": {"uv": [0, 0, 0.3, 0.775], "texture": "#3"},
				"west": {"uv": [0, 0, 0.3, 0.775], "texture": "#3"},
				"up": {"uv": [0, 0, 0.3, 0.3], "texture": "#3"},
				"down": {"uv": [0, 0, 0.3, 0.3], "texture": "#3"}
			}
		},
		{
			"from": [7.7, 9.88324, 5.96437],
			"to": [7.9, 9.95824, 7.38937],
			"rotation": {"angle": 0, "axis": "y", "origin": [8, 6.83324, 12.03937]},
			"faces": {
				"north": {"uv": [0, 0, 0.1, 0.0375], "texture": "#0"},
				"east": {"uv": [0, 0, 0.1, 0.0375], "texture": "#0"},
				"south": {"uv": [0, 0, 0.1, 0.0375], "texture": "#0"},
				"west": {"uv": [0, 0, 0.1, 0.0375], "texture": "#0"},
				"up": {"uv": [0, 0, 0.1, 0.0375], "texture": "#0"},
				"down": {"uv": [0, 0, 0.1, 0.0375], "texture": "#0"}
			}
		},
		{
			"from": [8.1, 9.88324, 5.96437],
			"to": [8.3, 9.95824, 7.38937],
			"rotation": {"angle": 0, "axis": "y", "origin": [8, 6.83324, 12.03937]},
			"faces": {
				"north": {"uv": [0, 0, 0.1, 0.0375], "texture": "#0"},
				"east": {"uv": [0, 0, 0.1, 0.0375], "texture": "#0"},
				"south": {"uv": [0, 0, 0.1, 0.0375], "texture": "#0"},
				"west": {"uv": [0, 0, 0.1, 0.0375], "texture": "#0"},
				"up": {"uv": [0, 0, 0.1, 0.0375], "texture": "#0"},
				"down": {"uv": [0, 0, 0.1, 0.0375], "texture": "#0"}
			}
		},
		{
			"from": [7.9, 9.83324, 5.96437],
			"to": [8.1, 9.88324, 7.38937],
			"rotation": {"angle": 0, "axis": "y", "origin": [8, 6.83324, 12.03937]},
			"faces": {
				"north": {"uv": [0, 0, 0.1, 0.025], "texture": "#0"},
				"east": {"uv": [0, 0, 0.1, 0.025], "texture": "#0"},
				"south": {"uv": [0, 0, 0.1, 0.025], "texture": "#0"},
				"west": {"uv": [0, 0, 0.1, 0.025], "texture": "#0"},
				"up": {"uv": [0, 0, 0.1, 0.025], "texture": "#0"},
				"down": {"uv": [0, 0, 0.1, 0.025], "texture": "#0"}
			}
		},
		{
			"from": [7.925, 8.98324, -1.01063],
			"to": [8.075, 9.88324, -0.68563],
			"rotation": {"angle": -22.5, "axis": "x", "origin": [8, 9.62074, -0.89813]},
			"faces": {
				"north": {"uv": [0, 0, 0.075, 0.45], "texture": "#0"},
				"east": {"uv": [0, 0, 0.075, 0.45], "texture": "#0"},
				"south": {"uv": [0, 0, 0.075, 0.45], "texture": "#0"},
				"west": {"uv": [0, 0, 0.075, 0.45], "texture": "#0"},
				"up": {"uv": [0, 0, 0.075, 0.45], "texture": "#0"},
				"down": {"uv": [0, 0, 0.075, 0.45], "texture": "#0"}
			}
		},
		{
			"from": [7.9, 9.13324, -1.31063],
			"to": [7.95, 10.10824, -0.81063],
			"rotation": {"angle": 0, "axis": "y", "origin": [8, 6.83324, 12.03937]},
			"faces": {
				"north": {"uv": [0, 0, 0.025, 0.4875], "texture": "#0"},
				"east": {"uv": [0, 0, 0.025, 0.4875], "texture": "#0"},
				"south": {"uv": [0, 0, 0.025, 0.4875], "texture": "#0"},
				"west": {"uv": [0, 0, 0.025, 0.4875], "texture": "#0"},
				"up": {"uv": [0, 0, 0.025, 0.4875], "texture": "#0"},
				"down": {"uv": [0, 0, 0.025, 0.4875], "texture": "#0"}
			}
		},
		{
			"from": [8.05, 9.13324, -1.31063],
			"to": [8.1, 10.10824, -0.81063],
			"rotation": {"angle": 0, "axis": "y", "origin": [8, 6.83324, 12.03937]},
			"faces": {
				"north": {"uv": [0, 0, 0.025, 0.4875], "texture": "#0"},
				"east": {"uv": [0, 0, 0.025, 0.4875], "texture": "#0"},
				"south": {"uv": [0, 0, 0.025, 0.4875], "texture": "#0"},
				"west": {"uv": [0, 0, 0.025, 0.4875], "texture": "#0"},
				"up": {"uv": [0, 0, 0.025, 0.4875], "texture": "#0"},
				"down": {"uv": [0, 0, 0.025, 0.4875], "texture": "#0"}
			}
		},
		{
			"from": [7.975, 9.13324, -1.31063],
			"to": [8.025, 10.10824, -0.81063],
			"rotation": {"angle": 0, "axis": "y", "origin": [8, 6.83324, 12.03937]},
			"faces": {
				"north": {"uv": [0, 0, 0.025, 0.4875], "texture": "#0"},
				"east": {"uv": [0, 0, 0.025, 0.4875], "texture": "#0"},
				"south": {"uv": [0, 0, 0.025, 0.4875], "texture": "#0"},
				"west": {"uv": [0, 0, 0.025, 0.4875], "texture": "#0"},
				"up": {"uv": [0, 0, 0.025, 0.4875], "texture": "#0"},
				"down": {"uv": [0, 0, 0.025, 0.4875], "texture": "#0"}
			}
		},
		{
			"from": [8.075, 9.78324, 5.98937],
			"to": [8.225, 9.85824, 7.36437],
			"rotation": {"angle": 22.5, "axis": "z", "origin": [8, 9.85824, 6.67687]},
			"faces": {
				"north": {"uv": [0, 0, 0.075, 0.0375], "texture": "#0"},
				"east": {"uv": [0, 0, 0.075, 0.0375], "texture": "#0"},
				"south": {"uv": [0, 0, 0.075, 0.0375], "texture": "#0"},
				"west": {"uv": [0, 0, 0.075, 0.0375], "texture": "#0"},
				"up": {"uv": [0, 0, 0.075, 0.0375], "texture": "#0"},
				"down": {"uv": [0, 0, 0.075, 0.0375], "texture": "#0"}
			}
		},
		{
			"from": [7.80293, 9.7185, 5.98937],
			"to": [7.95293, 9.7935, 7.36437],
			"rotation": {"angle": -22.5, "axis": "z", "origin": [8.15293, 9.881, 6.67687]},
			"faces": {
				"north": {"uv": [0, 0, 0.075, 0.0375], "rotation": 180, "texture": "#0"},
				"east": {"uv": [0, 0, 0.075, 0.0375], "rotation": 180, "texture": "#0"},
				"south": {"uv": [0, 0, 0.075, 0.0375], "rotation": 180, "texture": "#0"},
				"west": {"uv": [0, 0, 0.075, 0.0375], "rotation": 180, "texture": "#0"},
				"up": {"uv": [0, 0, 0.075, 0.0375], "rotation": 180, "texture": "#0"},
				"down": {"uv": [0, 0, 0.075, 0.0375], "rotation": 180, "texture": "#0"}
			}
		},
		{
			"from": [7.725, 10.05824, 11.36437],
			"to": [8.275, 10.68324, 12.28937],
			"rotation": {"angle": 45, "axis": "x", "origin": [8, 9.43324, 10.57687]},
			"faces": {
				"north": {"uv": [0, 0, 0.275, 0.3125], "texture": "#3"},
				"east": {"uv": [0, 0, 0.4625, 0.3125], "texture": "#3"},
				"south": {"uv": [0, 0, 0.275, 0.3125], "texture": "#3"},
				"west": {"uv": [0, 0, 0.4625, 0.3125], "texture": "#3"},
				"up": {"uv": [0, 0, 0.275, 0.4625], "texture": "#3"},
				"down": {"uv": [0, 0, 0.275, 0.4625], "texture": "#3"}
			}
		}
	],
	"display": {
		"thirdperson_righthand": {
			"translation": [0.25, 0, -3.25],
			"scale": [1.18, 1.18, 1.18]
		},
		"thirdperson_lefthand": {
			"translation": [0.25, 0, -3.25],
			"scale": [1.18, 1.18, 1.18]
		},
		"firstperson_righthand": {
			"translation": [-5.75, 15.25, 5.5],
			"scale": [0.9, 0.9, 0.9]
		},
		"firstperson_lefthand": {
			"translation": [-5.75, 100, 5.5],
			"scale": [0.9, 0.9, 0.9]
		},
		"ground": {
			"rotation": [0, 0, 90]
		},
		"gui": {
			"rotation": [30, 56, 0],
			"translation": [0.25, 0, 0],
			"scale": [0.96, 0.96, 0.96]
		},
		"head": {
			"rotation": [0, 90, 0],
			"translation": [0, 2.5, -1],
			"scale": [2, 2, 2]
		},
		"fixed": {
			"rotation": [0, -90, 0],
			"translation": [-0.25, 0, 0],
			"scale": [1.51, 1.51, 1.51]
		}
	}
}