{
	"credit": "Made with Blockbench",
	"texture_size": [32, 32],
	"textures": {
		"0": "block/anvil",
		"2": "block/blast_furnace_top",
		"3": "block/gray_concrete",
		"6": "block/lime_wool",
		"particle": "block/anvil"
	},
	"elements": [
		{
			"from": [7.65, 10.45, 16.075],
			"to": [8.35, 10.65, 17.25],
			"rotation": {"angle": 0, "axis": "y", "origin": [8, 7.6375, 3.775]},
			"faces": {
				"north": {"uv": [0, 0, 0.35, 0.1], "texture": "#0"},
				"east": {"uv": [0, 0, 0.5875, 0.1], "texture": "#0"},
				"south": {"uv": [0, 0, 0.35, 0.1], "texture": "#0"},
				"west": {"uv": [0, 0, 0.5875, 0.1], "texture": "#0"},
				"up": {"uv": [0, 0, 0.35, 0.5875], "texture": "#0"},
				"down": {"uv": [0, 0, 0.35, 0.5875], "texture": "#0"}
			}
		},
		{
			"from": [7.7, 7.05692, 4.79065],
			"to": [8.3, 7.25692, 5.39065],
			"rotation": {"angle": -22.5, "axis": "x", "origin": [8, 7.06942, 4.85315]},
			"faces": {
				"north": {"uv": [0, 0, 0.3, 0.1], "rotation": 180, "texture": "#3"},
				"east": {"uv": [0, 0, 0.1, 0.3], "rotation": 270, "texture": "#3"},
				"south": {"uv": [0, 0, 0.3, 0.1], "texture": "#3"},
				"west": {"uv": [0, 0, 0.1, 0.3], "rotation": 90, "texture": "#3"},
				"up": {"uv": [0, 0, 0.3, 0.3], "rotation": 180, "texture": "#3"},
				"down": {"uv": [0, 0, 0.3, 0.3], "texture": "#3"}
			}
		},
		{
			"from": [7.65, 5.475, 3.125],
			"to": [8.35, 5.825, 4.425],
			"rotation": {"angle": 22.5, "axis": "x", "origin": [8, 6.175, 3.2]},
			"faces": {
				"north": {"uv": [0, 0, 0.35, 0.175], "texture": "#3"},
				"east": {"uv": [0, 0, 0.65, 0.175], "texture": "#3"},
				"south": {"uv": [0, 0, 0.35, 0.175], "texture": "#3"},
				"west": {"uv": [0, 0, 0.65, 0.175], "texture": "#3"},
				"up": {"uv": [0, 0, 0.35, 0.65], "texture": "#3"},
				"down": {"uv": [0, 0, 0.35, 0.65], "texture": "#3"}
			}
		},
		{
			"from": [7.675, 5.825, 3.2],
			"to": [8.325, 8, 4.35],
			"rotation": {"angle": 22.5, "axis": "x", "origin": [8, 6.175, 3.2]},
			"faces": {
				"north": {"uv": [0, 0, 0.325, 1.0875], "texture": "#3"},
				"east": {"uv": [0, 0, 0.575, 1.0875], "texture": "#3"},
				"south": {"uv": [0, 0, 0.325, 1.0875], "texture": "#3"},
				"west": {"uv": [0, 0, 0.575, 1.0875], "texture": "#3"},
				"up": {"uv": [0, 0, 0.325, 0.575], "texture": "#3"},
				"down": {"uv": [0, 0, 0.325, 0.575], "texture": "#3"}
			}
		},
		{
			"from": [7.675, 8.325, 5.35],
			"to": [8.35, 9.425, 7.1],
			"rotation": {"angle": 0, "axis": "y", "origin": [8, 7.6375, 3.775]},
			"faces": {
				"north": {"uv": [0, 0, 0.3375, 0.55], "texture": "#3"},
				"east": {"uv": [0, 0, 0.875, 0.55], "texture": "#3"},
				"south": {"uv": [0, 0, 0.3375, 0.55], "texture": "#3"},
				"west": {"uv": [0, 0, 0.875, 0.55], "texture": "#3"},
				"up": {"uv": [0, 0, 0.3375, 0.875], "texture": "#3"},
				"down": {"uv": [0, 0, 0.3375, 0.875], "texture": "#3"}
			}
		},
		{
			"from": [7.65, 7.42382, 3.06346],
			"to": [8.35, 7.67382, 3.23846],
			"rotation": {"angle": 45, "axis": "x", "origin": [8, 6.63632, 4.01346]},
			"faces": {
				"north": {"uv": [0, 0, 0.35, 0.125], "texture": "#3"},
				"east": {"uv": [0, 0, 0.0875, 0.125], "texture": "#3"},
				"south": {"uv": [0, 0, 0.35, 0.125], "texture": "#3"},
				"west": {"uv": [0, 0, 0.0875, 0.125], "texture": "#3"},
				"up": {"uv": [0, 0, 0.35, 0.0875], "texture": "#3"},
				"down": {"uv": [0, 0, 0.35, 0.0875], "texture": "#3"}
			}
		},
		{
			"from": [7.65, 7.25, 5.35],
			"to": [8.35, 7.35, 7.1],
			"rotation": {"angle": 0, "axis": "y", "origin": [8, 7.6375, 3.775]},
			"faces": {
				"north": {"uv": [0, 0, 0.35, 0.05], "texture": "#3"},
				"east": {"uv": [0, 0, 0.875, 0.05], "texture": "#3"},
				"south": {"uv": [0, 0, 0.35, 0.05], "texture": "#3"},
				"west": {"uv": [0, 0, 0.875, 0.05], "texture": "#3"},
				"up": {"uv": [0, 0, 0.35, 0.875], "texture": "#3"},
				"down": {"uv": [0, 0, 0.35, 0.875], "texture": "#3"}
			}
		},
		{
			"from": [7.85, 7.925, 5.8],
			"to": [8.15, 8.425, 5.9],
			"rotation": {"angle": 0, "axis": "y", "origin": [8, 7.3, 6.225]},
			"faces": {
				"north": {"uv": [0, 0, 0.15, 0.25], "rotation": 180, "texture": "#0"},
				"east": {"uv": [0, 0, 0.25, 0.05], "rotation": 90, "texture": "#0"},
				"south": {"uv": [0, 0, 0.15, 0.25], "texture": "#0"},
				"west": {"uv": [0, 0, 0.25, 0.05], "rotation": 270, "texture": "#0"},
				"up": {"uv": [0, 0, 0.15, 0.05], "texture": "#0"},
				"down": {"uv": [0, 0, 0.15, 0.05], "rotation": 180, "texture": "#0"}
			}
		},
		{
			"from": [7.85, 7.475, 5.725],
			"to": [8.15, 7.975, 5.825],
			"rotation": {"angle": -22.5, "axis": "x", "origin": [8, 8.175, 5.85]},
			"faces": {
				"north": {"uv": [0, 0, 0.15, 0.25], "rotation": 180, "texture": "#0"},
				"east": {"uv": [0, 0, 0.25, 0.05], "rotation": 90, "texture": "#0"},
				"south": {"uv": [0, 0, 0.15, 0.25], "texture": "#0"},
				"west": {"uv": [0, 0, 0.25, 0.05], "rotation": 270, "texture": "#0"},
				"up": {"uv": [0, 0, 0.15, 0.05], "texture": "#0"},
				"down": {"uv": [0, 0, 0.15, 0.05], "rotation": 180, "texture": "#0"}
			}
		},
		{
			"from": [7.55, 7.27618, 7.08778],
			"to": [8.45, 9.45118, 9.23778],
			"rotation": {"angle": 0, "axis": "y", "origin": [8, 8.08868, 8.11278]},
			"faces": {
				"north": {"uv": [0, 0, 0.45, 1.0875], "texture": "#3"},
				"east": {"uv": [0, 0, 1.075, 1.0875], "texture": "#3"},
				"south": {"uv": [0, 0, 0.45, 1.0875], "texture": "#3"},
				"west": {"uv": [0, 0, 1.075, 1.0875], "texture": "#3"},
				"up": {"uv": [0, 0, 0.45, 1.075], "texture": "#3"},
				"down": {"uv": [0, 0, 0.45, 1.075], "texture": "#3"}
			}
		},
		{
			"from": [7.7, 5.25118, 7.56278],
			"to": [8.325, 7.60118, 9.31278],
			"rotation": {"angle": -22.5, "axis": "x", "origin": [8, 6.55118, 8.16278]},
			"faces": {
				"north": {"uv": [0, 0, 0.875, 1.6625], "texture": "#2"},
				"east": {"uv": [0, 0, 0.875, 1.6625], "texture": "#2"},
				"south": {"uv": [0, 0, 0.875, 1.6625], "texture": "#2"},
				"west": {"uv": [0, 0, 0.875, 1.6625], "texture": "#2"},
				"up": {"uv": [0, 0, 0.875, 1.6625], "texture": "#2"},
				"down": {"uv": [0, 0, 0.875, 1.6625], "texture": "#2"}
			}
		},
		{
			"from": [7.65, 7.25, 4.075],
			"to": [8.35, 9.425, 5.35],
			"rotation": {"angle": 0, "axis": "y", "origin": [8, 7.6375, 3.775]},
			"faces": {
				"north": {"uv": [0, 0, 0.35, 1.0875], "texture": "#3"},
				"east": {"uv": [0, 0, 0.6375, 1.0875], "texture": "#3"},
				"south": {"uv": [0, 0, 0.35, 1.0875], "texture": "#3"},
				"west": {"uv": [0, 0, 0.6375, 1.0875], "texture": "#3"},
				"up": {"uv": [0, 0, 0.35, 0.6375], "texture": "#3"},
				"down": {"uv": [0, 0, 0.35, 0.6375], "texture": "#3"}
			}
		},
		{
			"from": [8.45, 7.27618, 7.08778],
			"to": [8.5, 7.32618, 9.23778],
			"rotation": {"angle": 0, "axis": "y", "origin": [8, 8.08868, 8.11278]},
			"faces": {
				"north": {"uv": [0, 0, 0.025, 0.025], "texture": "#3"},
				"east": {"uv": [0, 0, 1.075, 0.025], "texture": "#3"},
				"south": {"uv": [0, 0, 0.025, 0.025], "texture": "#3"},
				"west": {"uv": [0, 0, 1.075, 0.025], "texture": "#3"},
				"up": {"uv": [0, 0, 0.025, 1.075], "texture": "#3"},
				"down": {"uv": [0, 0, 0.025, 1.075], "texture": "#3"}
			}
		},
		{
			"from": [7.5, 7.27618, 7.08778],
			"to": [7.55, 7.32618, 9.23778],
			"rotation": {"angle": 0, "axis": "y", "origin": [8, 8.08868, 8.11278]},
			"faces": {
				"north": {"uv": [0, 0, 0.025, 0.025], "texture": "#3"},
				"east": {"uv": [0, 0, 1.075, 0.025], "texture": "#3"},
				"south": {"uv": [0, 0, 0.025, 0.025], "texture": "#3"},
				"west": {"uv": [0, 0, 1.075, 0.025], "texture": "#3"},
				"up": {"uv": [0, 0, 0.025, 1.075], "texture": "#3"},
				"down": {"uv": [0, 0, 0.025, 1.075], "texture": "#3"}
			}
		},
		{
			"from": [7.5, 7.27618, 9.23778],
			"to": [8.5, 7.32618, 9.28778],
			"rotation": {"angle": 0, "axis": "y", "origin": [8.375, 7.30118, 8.16278]},
			"faces": {
				"north": {"uv": [0, 0, 0.5, 0.025], "texture": "#3"},
				"east": {"uv": [0, 0, 0.025, 0.025], "texture": "#3"},
				"south": {"uv": [0, 0, 0.5, 0.025], "texture": "#3"},
				"west": {"uv": [0, 0, 0.025, 0.025], "texture": "#3"},
				"up": {"uv": [0, 0, 0.025, 0.5], "rotation": 270, "texture": "#3"},
				"down": {"uv": [0, 0, 0.025, 0.5], "rotation": 90, "texture": "#3"}
			}
		},
		{
			"from": [7.45, 9.05, 9.65],
			"to": [8.55, 10.925, 9.775],
			"rotation": {"angle": 0, "axis": "y", "origin": [8, 7.6375, 3.775]},
			"faces": {
				"north": {"uv": [0, 0, 0.55, 0.9375], "texture": "#3"},
				"east": {"uv": [0, 0, 0.0625, 0.9375], "texture": "#3"},
				"south": {"uv": [0, 0, 0.55, 0.9375], "texture": "#3"},
				"west": {"uv": [0, 0, 0.0625, 0.9375], "texture": "#3"},
				"up": {"uv": [0, 0, 0.55, 0.0625], "texture": "#3"},
				"down": {"uv": [0, 0, 0.55, 0.0625], "texture": "#3"}
			}
		},
		{
			"from": [7.45, 7.45, -2.825],
			"to": [8.55, 8.975, -2.4],
			"rotation": {"angle": 0, "axis": "y", "origin": [8, 7.6375, 3.775]},
			"faces": {
				"north": {"uv": [2, 1.5, 2.2125, 2.2625], "texture": "#2"},
				"east": {"uv": [2, 1.5, 2.2125, 2.2625], "texture": "#2"},
				"south": {"uv": [2, 1.5, 2.2125, 2.2625], "texture": "#2"},
				"west": {"uv": [2, 1.5, 2.2125, 2.2625], "texture": "#2"},
				"up": {"uv": [2, 1.5, 2.2125, 2.2625], "texture": "#2"},
				"down": {"uv": [2, 1.5, 2.2125, 2.2625], "texture": "#2"}
			}
		},
		{
			"from": [7.675, 8.75, 4.275],
			"to": [8.325, 10.05, 5.05],
			"rotation": {"angle": -45, "axis": "x", "origin": [8, 8.3375, 4.7125]},
			"faces": {
				"north": {"uv": [0, 0, 0.325, 0.65], "texture": "#3"},
				"east": {"uv": [0, 0, 0.3875, 0.65], "texture": "#3"},
				"south": {"uv": [0, 0, 0.325, 0.65], "texture": "#3"},
				"west": {"uv": [0, 0, 0.3875, 0.65], "texture": "#3"},
				"up": {"uv": [0, 0, 0.325, 0.3875], "texture": "#3"},
				"down": {"uv": [0, 0, 0.325, 0.3875], "texture": "#3"}
			}
		},
		{
			"from": [7.65, 8.66595, 1.75084],
			"to": [8.35, 8.99095, 3.77584],
			"rotation": {"angle": 0, "axis": "y", "origin": [8, 9.05345, 3.92584]},
			"faces": {
				"north": {"uv": [0, 0, 0.35, 0.1625], "rotation": 180, "texture": "#3"},
				"east": {"uv": [0, 0, 0.1625, 1.0125], "rotation": 90, "texture": "#3"},
				"south": {"uv": [0, 0, 0.35, 0.1625], "texture": "#3"},
				"west": {"uv": [0, 0, 0.1625, 1.0125], "rotation": 270, "texture": "#3"},
				"up": {"uv": [0, 0, 0.35, 1.0125], "texture": "#3"},
				"down": {"uv": [0, 0, 0.35, 1.0125], "rotation": 180, "texture": "#3"}
			}
		},
		{
			"from": [7.625, 8.21595, -0.27416],
			"to": [8.375, 8.99095, 1.75084],
			"rotation": {"angle": 0, "axis": "y", "origin": [8, 9.05345, 3.92584]},
			"faces": {
				"north": {"uv": [2, 1.5, 2.3875, 2.5125], "rotation": 90, "texture": "#2"},
				"east": {"uv": [2, 1.5, 2.3875, 2.5125], "rotation": 90, "texture": "#2"},
				"south": {"uv": [2, 1.5, 2.3875, 2.5125], "rotation": 90, "texture": "#2"},
				"west": {"uv": [2, 1.5, 2.3875, 2.5125], "rotation": 90, "texture": "#2"},
				"up": {"uv": [2, 1.5, 2.3875, 2.5125], "rotation": 90, "texture": "#2"},
				"down": {"uv": [2, 1.5, 2.3875, 2.5125], "rotation": 90, "texture": "#2"}
			}
		},
		{
			"from": [7.65, 8.79095, -2.59916],
			"to": [8.35, 9.74095, 0.17584],
			"rotation": {"angle": -22.5, "axis": "x", "origin": [8, 8.60345, 0.73834]},
			"faces": {
				"north": {"uv": [2, 1.5, 2.475, 2.8875], "rotation": 90, "texture": "#2"},
				"east": {"uv": [2, 1.5, 2.475, 2.8875], "rotation": 90, "texture": "#2"},
				"south": {"uv": [2, 1.5, 2.475, 2.8875], "rotation": 90, "texture": "#2"},
				"west": {"uv": [2, 1.5, 2.475, 2.8875], "rotation": 90, "texture": "#2"},
				"up": {"uv": [2, 1.5, 2.475, 2.8875], "rotation": 90, "texture": "#2"},
				"down": {"uv": [2, 1.5, 2.475, 2.8875], "rotation": 90, "texture": "#2"}
			}
		},
		{
			"from": [7.45, 8.975, -2.825],
			"to": [8.55, 10.525, 3.475],
			"rotation": {"angle": 0, "axis": "y", "origin": [8, 7.6375, 3.775]},
			"faces": {
				"north": {"uv": [2, 1.5, 5.15, 2.275], "texture": "#2"},
				"east": {"uv": [2, 1.5, 5.15, 2.275], "texture": "#2"},
				"south": {"uv": [2, 1.5, 5.15, 2.275], "texture": "#2"},
				"west": {"uv": [2, 1.5, 5.15, 2.275], "texture": "#2"},
				"up": {"uv": [2, 1.5, 5.15, 2.275], "texture": "#2"},
				"down": {"uv": [2, 1.5, 5.15, 2.275], "texture": "#2"}
			}
		},
		{
			"from": [7.65, 8.64095, -1.77416],
			"to": [8.35, 8.79095, -0.24916],
			"rotation": {"angle": -22.5, "axis": "x", "origin": [8, 8.60345, 0.73834]},
			"faces": {
				"north": {"uv": [2, 1.5, 2.075, 2.2625], "rotation": 90, "texture": "#2"},
				"east": {"uv": [2, 1.5, 2.075, 2.2625], "rotation": 90, "texture": "#2"},
				"south": {"uv": [2, 1.5, 2.075, 2.2625], "rotation": 90, "texture": "#2"},
				"west": {"uv": [2, 1.5, 2.075, 2.2625], "rotation": 90, "texture": "#2"},
				"up": {"uv": [2, 1.5, 2.075, 2.2625], "rotation": 90, "texture": "#2"},
				"down": {"uv": [2, 1.5, 2.075, 2.2625], "rotation": 90, "texture": "#2"}
			}
		},
		{
			"from": [7.675, 8.74095, -2.19916],
			"to": [8.325, 10.21595, -0.92416],
			"rotation": {"angle": -22.5, "axis": "x", "origin": [8, 8.60345, 0.73834]},
			"faces": {
				"north": {"uv": [2, 1.5, 2.7375, 2.1375], "rotation": 90, "texture": "#2"},
				"east": {"uv": [2, 1.5, 2.7375, 2.1375], "rotation": 90, "texture": "#2"},
				"south": {"uv": [2, 1.5, 2.7375, 2.1375], "rotation": 90, "texture": "#2"},
				"west": {"uv": [2, 1.5, 2.7375, 2.1375], "rotation": 90, "texture": "#2"},
				"up": {"uv": [2, 1.5, 2.7375, 2.1375], "rotation": 90, "texture": "#2"},
				"down": {"uv": [2, 1.5, 2.7375, 2.1375], "rotation": 90, "texture": "#2"}
			}
		},
		{
			"from": [7.425, 7.25, -3.075],
			"to": [8.575, 10.725, -2.825],
			"rotation": {"angle": 0, "axis": "y", "origin": [8, 7.6375, 3.775]},
			"faces": {
				"north": {"uv": [0, 0, 0.575, 1.7375], "texture": "#3"},
				"east": {"uv": [0, 0, 0.125, 1.7375], "texture": "#3"},
				"south": {"uv": [0, 0, 0.575, 1.7375], "texture": "#3"},
				"west": {"uv": [0, 0, 0.125, 1.7375], "texture": "#3"},
				"up": {"uv": [0, 0, 0.575, 0.125], "texture": "#3"},
				"down": {"uv": [0, 0, 0.575, 0.125], "texture": "#3"}
			}
		},
		{
			"from": [7.575, 8.60118, 8.68778],
			"to": [8.425, 10.00118, 9.23778],
			"rotation": {"angle": 22.5, "axis": "x", "origin": [8, 8.36368, 8.16278]},
			"faces": {
				"north": {"uv": [0, 0, 0.425, 0.7], "texture": "#3"},
				"east": {"uv": [0, 0, 0.275, 0.7], "texture": "#3"},
				"south": {"uv": [0, 0, 0.425, 0.7], "texture": "#3"},
				"west": {"uv": [0, 0, 0.275, 0.7], "texture": "#3"},
				"up": {"uv": [0, 0, 0.425, 0.275], "texture": "#3"},
				"down": {"uv": [0, 0, 0.425, 0.275], "texture": "#3"}
			}
		},
		{
			"from": [7.45, 9.05, 9.775],
			"to": [8.55, 10.85, 16.075],
			"rotation": {"angle": 0, "axis": "y", "origin": [8, 7.6375, 3.775]},
			"faces": {
				"north": {"uv": [0, 0, 0.55, 0.9], "texture": "#3"},
				"east": {"uv": [0, 0, 3.15, 0.9], "texture": "#3"},
				"south": {"uv": [0, 0, 0.55, 0.9], "texture": "#3"},
				"west": {"uv": [0, 0, 3.15, 0.9], "texture": "#3"},
				"up": {"uv": [0, 0, 0.55, 3.15], "texture": "#3"},
				"down": {"uv": [0, 0, 0.55, 3.15], "texture": "#3"}
			}
		},
		{
			"from": [8.25, 11.325, 4.75],
			"to": [8.35, 12.225, 5.325],
			"rotation": {"angle": 0, "axis": "y", "origin": [8, 7.6375, 3.775]},
			"faces": {
				"north": {"uv": [0, 0, 0.05, 0.45], "texture": "#0"},
				"east": {"uv": [0, 0, 0.2875, 0.45], "texture": "#0"},
				"south": {"uv": [0, 0, 0.05, 0.45], "texture": "#0"},
				"west": {"uv": [0, 0, 0.2875, 0.45], "texture": "#0"},
				"up": {"uv": [0, 0, 0.05, 0.2875], "texture": "#0"},
				"down": {"uv": [0, 0, 0.05, 0.2875], "texture": "#0"}
			}
		},
		{
			"from": [7.475, 10.51898, 3.25154],
			"to": [8.525, 11.04398, 3.45154],
			"rotation": {"angle": 22.5, "axis": "x", "origin": [8, 10.48148, 3.20154]},
			"faces": {
				"north": {"uv": [0, 0, 0.525, 0.2625], "rotation": 180, "texture": "#3"},
				"east": {"uv": [0, 0, 0.2625, 0.1], "rotation": 90, "texture": "#3"},
				"south": {"uv": [0, 0, 0.525, 0.2625], "texture": "#3"},
				"west": {"uv": [0, 0, 0.2625, 0.1], "rotation": 270, "texture": "#3"},
				"up": {"uv": [0, 0, 0.525, 0.1], "texture": "#3"},
				"down": {"uv": [0, 0, 0.525, 0.1], "rotation": 180, "texture": "#3"}
			}
		},
		{
			"from": [7.65, 9.5, 16.075],
			"to": [8.35, 10.45, 21.175],
			"rotation": {"angle": 0, "axis": "y", "origin": [8, 7.6375, 3.775]},
			"faces": {
				"north": {"uv": [0, 0, 2.55, 0.475], "texture": "#0"},
				"east": {"uv": [0, 0, 2.55, 0.475], "texture": "#0"},
				"south": {"uv": [0, 0, 2.55, 0.475], "texture": "#0"},
				"west": {"uv": [0, 0, 2.55, 0.475], "texture": "#0"},
				"up": {"uv": [0, 0, 2.55, 0.475], "texture": "#0"},
				"down": {"uv": [0, 0, 2.55, 0.475], "texture": "#0"}
			}
		},
		{
			"from": [7.65, 10.45, 17.25],
			"to": [8.35, 11.6, 17.725],
			"rotation": {"angle": 0, "axis": "y", "origin": [8, 7.6375, 3.775]},
			"faces": {
				"north": {"uv": [0, 0, 0.35, 0.575], "texture": "#0"},
				"east": {"uv": [0, 0, 0.2375, 0.575], "texture": "#0"},
				"south": {"uv": [0, 0, 0.35, 0.575], "texture": "#0"},
				"west": {"uv": [0, 0, 0.2375, 0.575], "texture": "#0"},
				"up": {"uv": [0, 0, 0.35, 0.2375], "texture": "#0"},
				"down": {"uv": [0, 0, 0.35, 0.2375], "texture": "#0"}
			}
		},
		{
			"from": [7.65, 10.9, 17.625],
			"to": [7.85, 11.275, 18.275],
			"rotation": {"angle": -45, "axis": "x", "origin": [8, 10.55, 16.6625]},
			"faces": {
				"north": {"uv": [0, 0, 0.1, 0.1875], "texture": "#0"},
				"east": {"uv": [0, 0, 0.325, 0.1875], "texture": "#0"},
				"south": {"uv": [0, 0, 0.1, 0.1875], "texture": "#0"},
				"west": {"uv": [0, 0, 0.325, 0.1875], "texture": "#0"},
				"up": {"uv": [0, 0, 0.1, 0.325], "texture": "#0"},
				"down": {"uv": [0, 0, 0.1, 0.325], "texture": "#0"}
			}
		},
		{
			"from": [7.65, 10.9, 16.225],
			"to": [8.35, 11.275, 17.625],
			"rotation": {"angle": -45, "axis": "x", "origin": [8, 10.55, 16.6625]},
			"faces": {
				"north": {"uv": [0, 0, 0.35, 0.1875], "texture": "#0"},
				"east": {"uv": [0, 0, 0.7, 0.1875], "texture": "#0"},
				"south": {"uv": [0, 0, 0.35, 0.1875], "texture": "#0"},
				"west": {"uv": [0, 0, 0.7, 0.1875], "texture": "#0"},
				"up": {"uv": [0, 0, 0.35, 0.7], "texture": "#0"},
				"down": {"uv": [0, 0, 0.35, 0.7], "texture": "#0"}
			}
		},
		{
			"from": [8.15, 10.9, 17.625],
			"to": [8.35, 11.275, 18.275],
			"rotation": {"angle": -45, "axis": "x", "origin": [8, 10.55, 16.6625]},
			"faces": {
				"north": {"uv": [0, 0, 0.1, 0.1875], "texture": "#0"},
				"east": {"uv": [0, 0, 0.325, 0.1875], "texture": "#0"},
				"south": {"uv": [0, 0, 0.1, 0.1875], "texture": "#0"},
				"west": {"uv": [0, 0, 0.325, 0.1875], "texture": "#0"},
				"up": {"uv": [0, 0, 0.1, 0.325], "texture": "#0"},
				"down": {"uv": [0, 0, 0.1, 0.325], "texture": "#0"}
			}
		},
		{
			"from": [7.65, 11.6, 17.25],
			"to": [7.85, 12.175, 17.725],
			"rotation": {"angle": 0, "axis": "y", "origin": [8, 7.6375, 3.775]},
			"faces": {
				"north": {"uv": [0, 0, 0.1, 0.2875], "texture": "#0"},
				"east": {"uv": [0, 0, 0.2375, 0.2875], "texture": "#0"},
				"south": {"uv": [0, 0, 0.1, 0.2875], "texture": "#0"},
				"west": {"uv": [0, 0, 0.2375, 0.2875], "texture": "#0"},
				"up": {"uv": [0, 0, 0.1, 0.2375], "texture": "#0"},
				"down": {"uv": [0, 0, 0.1, 0.2375], "texture": "#0"}
			}
		},
		{
			"from": [8.15, 11.6, 17.25],
			"to": [8.35, 12.175, 17.725],
			"rotation": {"angle": 0, "axis": "y", "origin": [8, 7.6375, 3.775]},
			"faces": {
				"north": {"uv": [0, 0, 0.1, 0.2875], "texture": "#0"},
				"east": {"uv": [0, 0, 0.2375, 0.2875], "texture": "#0"},
				"south": {"uv": [0, 0, 0.1, 0.2875], "texture": "#0"},
				"west": {"uv": [0, 0, 0.2375, 0.2875], "texture": "#0"},
				"up": {"uv": [0, 0, 0.1, 0.2375], "texture": "#0"},
				"down": {"uv": [0, 0, 0.1, 0.2375], "texture": "#0"}
			}
		},
		{
			"from": [7.45, 9.425, 3.475],
			"to": [8.55, 10.975, 9.65],
			"rotation": {"angle": 0, "axis": "y", "origin": [8, 7.6375, 3.775]},
			"faces": {
				"north": {"uv": [0, 0, 0.55, 0.775], "texture": "#3"},
				"east": {"uv": [0, 0, 3.0875, 0.775], "texture": "#3"},
				"south": {"uv": [0, 0, 0.55, 0.775], "texture": "#3"},
				"west": {"uv": [0, 0, 3.0875, 0.775], "texture": "#3"},
				"up": {"uv": [0, 0, 0.55, 3.0875], "texture": "#3"},
				"down": {"uv": [0, 0, 0.55, 3.0875], "texture": "#3"}
			}
		},
		{
			"from": [7.55, 10.975, 3.875],
			"to": [8.45, 11.15, 4.75],
			"rotation": {"angle": 0, "axis": "y", "origin": [8, 11.15, 5.2375]},
			"faces": {
				"north": {"uv": [0, 0, 0.45, 0.0875], "texture": "#0"},
				"east": {"uv": [0, 0, 0.4375, 0.0875], "texture": "#0"},
				"south": {"uv": [0, 0, 0.45, 0.0875], "texture": "#0"},
				"west": {"uv": [0, 0, 0.4375, 0.0875], "texture": "#0"},
				"up": {"uv": [0, 0, 0.45, 0.4375], "texture": "#0"},
				"down": {"uv": [0, 0, 0.45, 0.4375], "texture": "#0"}
			}
		},
		{
			"from": [7.55, 10.975, 4.75],
			"to": [8.45, 11.325, 5.725],
			"rotation": {"angle": 0, "axis": "y", "origin": [8, 7.6375, 3.775]},
			"faces": {
				"north": {"uv": [0, 0, 0.45, 0.175], "texture": "#0"},
				"east": {"uv": [0, 0, 0.4875, 0.175], "texture": "#0"},
				"south": {"uv": [0, 0, 0.45, 0.175], "texture": "#0"},
				"west": {"uv": [0, 0, 0.4875, 0.175], "texture": "#0"},
				"up": {"uv": [0, 0, 0.45, 0.4875], "texture": "#0"},
				"down": {"uv": [0, 0, 0.45, 0.4875], "texture": "#0"}
			}
		},
		{
			"from": [7.65, 11.325, 4.75],
			"to": [7.75, 12.225, 5.325],
			"rotation": {"angle": 0, "axis": "y", "origin": [8, 7.6375, 3.775]},
			"faces": {
				"north": {"uv": [0, 0, 0.05, 0.45], "texture": "#0"},
				"east": {"uv": [0, 0, 0.2875, 0.45], "texture": "#0"},
				"south": {"uv": [0, 0, 0.05, 0.45], "texture": "#0"},
				"west": {"uv": [0, 0, 0.2875, 0.45], "texture": "#0"},
				"up": {"uv": [0, 0, 0.05, 0.2875], "texture": "#0"},
				"down": {"uv": [0, 0, 0.05, 0.2875], "texture": "#0"}
			}
		},
		{
			"from": [7.95, 11.325, 4.775],
			"to": [8.05, 11.725, 5.3],
			"rotation": {"angle": 0, "axis": "y", "origin": [8, 7.6375, 3.775]},
			"faces": {
				"north": {"uv": [0, 0, 0.05, 0.2], "texture": "#0"},
				"east": {"uv": [0, 0, 0.2625, 0.2], "texture": "#0"},
				"south": {"uv": [0, 0, 0.05, 0.2], "texture": "#0"},
				"west": {"uv": [0, 0, 0.2625, 0.2], "texture": "#0"},
				"up": {"uv": [0, 0, 0.05, 0.2625], "texture": "#0"},
				"down": {"uv": [0, 0, 0.05, 0.2625], "texture": "#0"}
			}
		},
		{
			"from": [7.975, 11.55, 4.75],
			"to": [8.075, 11.9, 5.325],
			"rotation": {"angle": -22.5, "axis": "z", "origin": [8.025, 11.525, 5.0375]},
			"faces": {
				"north": {"uv": [0, 0, 0.05, 0.175], "texture": "#0"},
				"east": {"uv": [0, 0, 0.2875, 0.175], "texture": "#0"},
				"south": {"uv": [0, 0, 0.05, 0.175], "texture": "#0"},
				"west": {"uv": [0, 0, 0.2875, 0.175], "texture": "#0"},
				"up": {"uv": [0, 0, 0.05, 0.2875], "texture": "#0"},
				"down": {"uv": [0, 0, 0.05, 0.2875], "texture": "#0"}
			}
		},
		{
			"from": [7.87654, 11.60978, 4.75],
			"to": [7.97654, 11.95978, 5.325],
			"rotation": {"angle": 22.5, "axis": "z", "origin": [8.10154, 11.70978, 5.0375]},
			"faces": {
				"north": {"uv": [0, 0, 0.05, 0.175], "texture": "#0"},
				"east": {"uv": [0, 0, 0.2875, 0.175], "texture": "#0"},
				"south": {"uv": [0, 0, 0.05, 0.175], "texture": "#0"},
				"west": {"uv": [0, 0, 0.2875, 0.175], "texture": "#0"},
				"up": {"uv": [0, 0, 0.05, 0.2875], "texture": "#0"},
				"down": {"uv": [0, 0, 0.05, 0.2875], "texture": "#0"}
			}
		},
		{
			"from": [7.975, 11.725, 4.75],
			"to": [8.025, 11.875, 5.325],
			"rotation": {"angle": 0, "axis": "y", "origin": [8, 7.6375, 3.775]},
			"faces": {
				"north": {"uv": [0, 0, 0.025, 0.075], "texture": "#0"},
				"east": {"uv": [0, 0, 0.2875, 0.075], "texture": "#0"},
				"south": {"uv": [0, 0, 0.025, 0.075], "texture": "#0"},
				"west": {"uv": [0, 0, 0.2875, 0.075], "texture": "#0"},
				"up": {"uv": [0, 0, 0.025, 0.2875], "texture": "#0"},
				"down": {"uv": [0, 0, 0.025, 0.2875], "texture": "#0"}
			}
		},
		{
			"from": [7.325, 10.35, 9.875],
			"to": [8.65, 10.975, 9.9],
			"rotation": {"angle": 22.5, "axis": "x", "origin": [8, 10.6125, 4.7875]},
			"faces": {
				"north": {"uv": [0, 0, 1.6625, 1.3125], "texture": "#6"},
				"east": {"uv": [0, 0, 1.6625, 1.3125], "texture": "#6"},
				"south": {"uv": [0, 0, 1.6625, 1.3125], "texture": "#6"},
				"west": {"uv": [0, 0, 1.6625, 1.3125], "texture": "#6"},
				"up": {"uv": [0, 0, 1.6625, 1.3125], "texture": "#6"},
				"down": {"uv": [0, 0, 1.6625, 1.3125], "texture": "#6"}
			}
		},
		{
			"from": [8.55, 10.35, 4.65],
			"to": [8.65, 10.975, 9.875],
			"rotation": {"angle": 22.5, "axis": "x", "origin": [8, 10.6125, 4.7875]},
			"faces": {
				"north": {"uv": [0, 0, 1.05, 1.3125], "texture": "#6"},
				"east": {"uv": [0, 0, 1.05, 1.3125], "texture": "#6"},
				"south": {"uv": [0, 0, 1.05, 1.3125], "texture": "#6"},
				"west": {"uv": [0, 0, 1.05, 1.3125], "texture": "#6"},
				"up": {"uv": [0, 0, 1.05, 1.3125], "texture": "#6"},
				"down": {"uv": [0, 0, 1.05, 1.3125], "texture": "#6"}
			}
		},
		{
			"from": [7.325, 10.35, 4.65],
			"to": [7.425, 10.975, 9.875],
			"rotation": {"angle": 22.5, "axis": "x", "origin": [8, 10.6125, 4.7875]},
			"faces": {
				"north": {"uv": [0, 0, 1.05, 1.3125], "texture": "#6"},
				"east": {"uv": [0, 0, 1.05, 1.3125], "texture": "#6"},
				"south": {"uv": [0, 0, 1.05, 1.3125], "texture": "#6"},
				"west": {"uv": [0, 0, 1.05, 1.3125], "texture": "#6"},
				"up": {"uv": [0, 0, 1.05, 1.3125], "texture": "#6"},
				"down": {"uv": [0, 0, 1.05, 1.3125], "texture": "#6"}
			}
		},
		{
			"from": [8.55, 10.37405, 3.85574],
			"to": [8.625, 10.99905, 4.83074],
			"rotation": {"angle": 0, "axis": "y", "origin": [7.9875, 9.71155, 7.09324]},
			"faces": {
				"north": {"uv": [0, 0, 1.0375, 1.3125], "texture": "#6"},
				"east": {"uv": [0, 0, 1.0375, 1.3125], "texture": "#6"},
				"south": {"uv": [0, 0, 1.0375, 1.3125], "texture": "#6"},
				"west": {"uv": [0, 0, 1.0375, 1.3125], "texture": "#6"},
				"up": {"uv": [0, 0, 1.0375, 1.3125], "texture": "#6"},
				"down": {"uv": [0, 0, 1.0375, 1.3125], "texture": "#6"}
			}
		},
		{
			"from": [7.35, 10.37405, 3.85574],
			"to": [7.425, 10.99905, 4.83074],
			"rotation": {"angle": 0, "axis": "y", "origin": [7.9875, 9.71155, 7.09324]},
			"faces": {
				"north": {"uv": [0, 0, 1.0375, 1.3125], "texture": "#6"},
				"east": {"uv": [0, 0, 1.0375, 1.3125], "texture": "#6"},
				"south": {"uv": [0, 0, 1.0375, 1.3125], "texture": "#6"},
				"west": {"uv": [0, 0, 1.0375, 1.3125], "texture": "#6"},
				"up": {"uv": [0, 0, 1.0375, 1.3125], "texture": "#6"},
				"down": {"uv": [0, 0, 1.0375, 1.3125], "texture": "#6"}
			}
		},
		{
			"from": [8.45, 11.02405, 3.85574],
			"to": [8.475, 11.14905, 4.50574],
			"rotation": {"angle": 0, "axis": "y", "origin": [7.9875, 9.71155, 7.09324]},
			"faces": {
				"north": {"uv": [0, 0, 1.0125, 1.0625], "texture": "#6"},
				"east": {"uv": [0, 0, 1.0125, 1.0625], "texture": "#6"},
				"south": {"uv": [0, 0, 1.0125, 1.0625], "texture": "#6"},
				"west": {"uv": [0, 0, 1.0125, 1.0625], "texture": "#6"},
				"up": {"uv": [0, 0, 1.0125, 1.0625], "texture": "#6"},
				"down": {"uv": [0, 0, 1.0125, 1.0625], "texture": "#6"}
			}
		},
		{
			"from": [8.45, 10.99905, 3.85574],
			"to": [8.625, 11.04905, 4.50574],
			"rotation": {"angle": 0, "axis": "y", "origin": [7.9875, 9.71155, 7.09324]},
			"faces": {
				"north": {"uv": [0, 0, 1.0875, 1.025], "texture": "#6"},
				"east": {"uv": [0, 0, 1.0875, 1.025], "texture": "#6"},
				"south": {"uv": [0, 0, 1.0875, 1.025], "texture": "#6"},
				"west": {"uv": [0, 0, 1.0875, 1.025], "texture": "#6"},
				"up": {"uv": [0, 0, 1.0875, 1.025], "texture": "#6"},
				"down": {"uv": [0, 0, 1.0875, 1.025], "texture": "#6"}
			}
		},
		{
			"from": [7.35, 10.99905, 3.85574],
			"to": [7.55, 11.04905, 4.50574],
			"rotation": {"angle": 0, "axis": "y", "origin": [7.9875, 9.71155, 7.09324]},
			"faces": {
				"north": {"uv": [0, 0, 1.1, 1.025], "texture": "#6"},
				"east": {"uv": [0, 0, 1.1, 1.025], "texture": "#6"},
				"south": {"uv": [0, 0, 1.1, 1.025], "texture": "#6"},
				"west": {"uv": [0, 0, 1.1, 1.025], "texture": "#6"},
				"up": {"uv": [0, 0, 1.1, 1.025], "texture": "#6"},
				"down": {"uv": [0, 0, 1.1, 1.025], "texture": "#6"}
			}
		},
		{
			"from": [7.525, 11.14905, 3.85574],
			"to": [8.475, 11.19905, 4.50574],
			"rotation": {"angle": 0, "axis": "y", "origin": [7.9875, 9.71155, 7.09324]},
			"faces": {
				"north": {"uv": [0, 0, 1.475, 1.025], "texture": "#6"},
				"east": {"uv": [0, 0, 1.475, 1.025], "texture": "#6"},
				"south": {"uv": [0, 0, 1.475, 1.025], "texture": "#6"},
				"west": {"uv": [0, 0, 1.475, 1.025], "texture": "#6"},
				"up": {"uv": [0, 0, 1.475, 1.025], "texture": "#6"},
				"down": {"uv": [0, 0, 1.475, 1.025], "texture": "#6"}
			}
		},
		{
			"from": [7.525, 11.02405, 3.85574],
			"to": [7.55, 11.14905, 4.50574],
			"rotation": {"angle": 0, "axis": "y", "origin": [7.9875, 9.71155, 7.09324]},
			"faces": {
				"north": {"uv": [0, 0, 1.0125, 1.0625], "texture": "#6"},
				"east": {"uv": [0, 0, 1.0125, 1.0625], "texture": "#6"},
				"south": {"uv": [0, 0, 1.0125, 1.0625], "texture": "#6"},
				"west": {"uv": [0, 0, 1.0125, 1.0625], "texture": "#6"},
				"up": {"uv": [0, 0, 1.0125, 1.0625], "texture": "#6"},
				"down": {"uv": [0, 0, 1.0125, 1.0625], "texture": "#6"}
			}
		},
		{
			"from": [7.45, 10.85, 10.075],
			"to": [8.55, 10.9, 10.475],
			"rotation": {"angle": 0, "axis": "y", "origin": [8, 7.6375, 3.775]},
			"faces": {
				"north": {"uv": [0, 0, 0.55, 0.2], "texture": "#2"},
				"east": {"uv": [0, 0, 0.55, 0.2], "texture": "#2"},
				"south": {"uv": [0, 0, 0.55, 0.2], "texture": "#2"},
				"west": {"uv": [0, 0, 0.55, 0.2], "texture": "#2"},
				"up": {"uv": [0, 0, 0.55, 0.2], "texture": "#2"},
				"down": {"uv": [0, 0, 0.55, 0.2], "texture": "#2"}
			}
		},
		{
			"from": [7.45, 10.85, 10.775],
			"to": [8.55, 10.9, 11.175],
			"rotation": {"angle": 0, "axis": "y", "origin": [8, 7.6375, 3.775]},
			"faces": {
				"north": {"uv": [0, 0, 0.55, 0.2], "texture": "#2"},
				"east": {"uv": [0, 0, 0.55, 0.2], "texture": "#2"},
				"south": {"uv": [0, 0, 0.55, 0.2], "texture": "#2"},
				"west": {"uv": [0, 0, 0.55, 0.2], "texture": "#2"},
				"up": {"uv": [0, 0, 0.55, 0.2], "texture": "#2"},
				"down": {"uv": [0, 0, 0.55, 0.2], "texture": "#2"}
			}
		},
		{
			"from": [7.45, 10.85, 11.475],
			"to": [8.55, 10.9, 11.875],
			"rotation": {"angle": 0, "axis": "y", "origin": [8, 7.6375, 3.775]},
			"faces": {
				"north": {"uv": [0, 0, 0.55, 0.2], "texture": "#2"},
				"east": {"uv": [0, 0, 0.55, 0.2], "texture": "#2"},
				"south": {"uv": [0, 0, 0.55, 0.2], "texture": "#2"},
				"west": {"uv": [0, 0, 0.55, 0.2], "texture": "#2"},
				"up": {"uv": [0, 0, 0.55, 0.2], "texture": "#2"},
				"down": {"uv": [0, 0, 0.55, 0.2], "texture": "#2"}
			}
		},
		{
			"from": [7.45, 10.85, 12.175],
			"to": [8.55, 10.9, 12.575],
			"rotation": {"angle": 0, "axis": "y", "origin": [8, 7.6375, 3.775]},
			"faces": {
				"north": {"uv": [0, 0, 0.55, 0.2], "texture": "#2"},
				"east": {"uv": [0, 0, 0.55, 0.2], "texture": "#2"},
				"south": {"uv": [0, 0, 0.55, 0.2], "texture": "#2"},
				"west": {"uv": [0, 0, 0.55, 0.2], "texture": "#2"},
				"up": {"uv": [0, 0, 0.55, 0.2], "texture": "#2"},
				"down": {"uv": [0, 0, 0.55, 0.2], "texture": "#2"}
			}
		},
		{
			"from": [7.45, 10.85, 12.875],
			"to": [8.55, 10.9, 13.275],
			"rotation": {"angle": 0, "axis": "y", "origin": [8, 7.6375, 3.775]},
			"faces": {
				"north": {"uv": [0, 0, 0.55, 0.2], "texture": "#2"},
				"east": {"uv": [0, 0, 0.55, 0.2], "texture": "#2"},
				"south": {"uv": [0, 0, 0.55, 0.2], "texture": "#2"},
				"west": {"uv": [0, 0, 0.55, 0.2], "texture": "#2"},
				"up": {"uv": [0, 0, 0.55, 0.2], "texture": "#2"},
				"down": {"uv": [0, 0, 0.55, 0.2], "texture": "#2"}
			}
		},
		{
			"from": [7.45, 10.85, 13.575],
			"to": [8.55, 10.9, 13.975],
			"rotation": {"angle": 0, "axis": "y", "origin": [8, 7.6375, 3.775]},
			"faces": {
				"north": {"uv": [0, 0, 0.55, 0.2], "texture": "#2"},
				"east": {"uv": [0, 0, 0.55, 0.2], "texture": "#2"},
				"south": {"uv": [0, 0, 0.55, 0.2], "texture": "#2"},
				"west": {"uv": [0, 0, 0.55, 0.2], "texture": "#2"},
				"up": {"uv": [0, 0, 0.55, 0.2], "texture": "#2"},
				"down": {"uv": [0, 0, 0.55, 0.2], "texture": "#2"}
			}
		},
		{
			"from": [7.45, 10.85, 14.275],
			"to": [8.55, 10.9, 14.675],
			"rotation": {"angle": 0, "axis": "y", "origin": [8, 7.6375, 3.775]},
			"faces": {
				"north": {"uv": [0, 0, 0.55, 0.2], "texture": "#2"},
				"east": {"uv": [0, 0, 0.55, 0.2], "texture": "#2"},
				"south": {"uv": [0, 0, 0.55, 0.2], "texture": "#2"},
				"west": {"uv": [0, 0, 0.55, 0.2], "texture": "#2"},
				"up": {"uv": [0, 0, 0.55, 0.2], "texture": "#2"},
				"down": {"uv": [0, 0, 0.55, 0.2], "texture": "#2"}
			}
		},
		{
			"from": [7.45, 10.85, 14.975],
			"to": [8.55, 10.9, 15.375],
			"rotation": {"angle": 0, "axis": "y", "origin": [8, 7.6375, 3.775]},
			"faces": {
				"north": {"uv": [0, 0, 0.55, 0.2], "texture": "#2"},
				"east": {"uv": [0, 0, 0.55, 0.2], "texture": "#2"},
				"south": {"uv": [0, 0, 0.55, 0.2], "texture": "#2"},
				"west": {"uv": [0, 0, 0.55, 0.2], "texture": "#2"},
				"up": {"uv": [0, 0, 0.55, 0.2], "texture": "#2"},
				"down": {"uv": [0, 0, 0.55, 0.2], "texture": "#2"}
			}
		},
		{
			"from": [7.45, 9, 10.075],
			"to": [8.55, 9.05, 10.475],
			"rotation": {"angle": 0, "axis": "y", "origin": [8, 7.6375, 3.775]},
			"faces": {
				"north": {"uv": [0, 0, 0.55, 0.2], "texture": "#2"},
				"east": {"uv": [0, 0, 0.55, 0.2], "texture": "#2"},
				"south": {"uv": [0, 0, 0.55, 0.2], "texture": "#2"},
				"west": {"uv": [0, 0, 0.55, 0.2], "texture": "#2"},
				"up": {"uv": [0, 0, 0.55, 0.2], "texture": "#2"},
				"down": {"uv": [0, 0, 0.55, 0.2], "texture": "#2"}
			}
		},
		{
			"from": [7.45, 9, 10.775],
			"to": [8.55, 9.05, 11.175],
			"rotation": {"angle": 0, "axis": "y", "origin": [8, 7.6375, 3.775]},
			"faces": {
				"north": {"uv": [0, 0, 0.55, 0.2], "texture": "#2"},
				"east": {"uv": [0, 0, 0.55, 0.2], "texture": "#2"},
				"south": {"uv": [0, 0, 0.55, 0.2], "texture": "#2"},
				"west": {"uv": [0, 0, 0.55, 0.2], "texture": "#2"},
				"up": {"uv": [0, 0, 0.55, 0.2], "texture": "#2"},
				"down": {"uv": [0, 0, 0.55, 0.2], "texture": "#2"}
			}
		},
		{
			"from": [7.45, 9, 11.475],
			"to": [8.55, 9.05, 11.875],
			"rotation": {"angle": 0, "axis": "y", "origin": [8, 7.6375, 3.775]},
			"faces": {
				"north": {"uv": [0, 0, 0.55, 0.2], "texture": "#2"},
				"east": {"uv": [0, 0, 0.55, 0.2], "texture": "#2"},
				"south": {"uv": [0, 0, 0.55, 0.2], "texture": "#2"},
				"west": {"uv": [0, 0, 0.55, 0.2], "texture": "#2"},
				"up": {"uv": [0, 0, 0.55, 0.2], "texture": "#2"},
				"down": {"uv": [0, 0, 0.55, 0.2], "texture": "#2"}
			}
		},
		{
			"from": [7.45, 9, 12.175],
			"to": [8.55, 9.05, 12.575],
			"rotation": {"angle": 0, "axis": "y", "origin": [8, 7.6375, 3.775]},
			"faces": {
				"north": {"uv": [0, 0, 0.55, 0.2], "texture": "#2"},
				"east": {"uv": [0, 0, 0.55, 0.2], "texture": "#2"},
				"south": {"uv": [0, 0, 0.55, 0.2], "texture": "#2"},
				"west": {"uv": [0, 0, 0.55, 0.2], "texture": "#2"},
				"up": {"uv": [0, 0, 0.55, 0.2], "texture": "#2"},
				"down": {"uv": [0, 0, 0.55, 0.2], "texture": "#2"}
			}
		},
		{
			"from": [7.45, 9, 12.875],
			"to": [8.55, 9.05, 13.275],
			"rotation": {"angle": 0, "axis": "y", "origin": [8, 7.6375, 3.775]},
			"faces": {
				"north": {"uv": [0, 0, 0.55, 0.2], "texture": "#2"},
				"east": {"uv": [0, 0, 0.55, 0.2], "texture": "#2"},
				"south": {"uv": [0, 0, 0.55, 0.2], "texture": "#2"},
				"west": {"uv": [0, 0, 0.55, 0.2], "texture": "#2"},
				"up": {"uv": [0, 0, 0.55, 0.2], "texture": "#2"},
				"down": {"uv": [0, 0, 0.55, 0.2], "texture": "#2"}
			}
		},
		{
			"from": [7.45, 9, 13.575],
			"to": [8.55, 9.05, 13.975],
			"rotation": {"angle": 0, "axis": "y", "origin": [8, 7.6375, 3.775]},
			"faces": {
				"north": {"uv": [0, 0, 0.55, 0.2], "texture": "#2"},
				"east": {"uv": [0, 0, 0.55, 0.2], "texture": "#2"},
				"south": {"uv": [0, 0, 0.55, 0.2], "texture": "#2"},
				"west": {"uv": [0, 0, 0.55, 0.2], "texture": "#2"},
				"up": {"uv": [0, 0, 0.55, 0.2], "texture": "#2"},
				"down": {"uv": [0, 0, 0.55, 0.2], "texture": "#2"}
			}
		},
		{
			"from": [7.45, 9, 14.275],
			"to": [8.55, 9.05, 14.675],
			"rotation": {"angle": 0, "axis": "y", "origin": [8, 7.6375, 3.775]},
			"faces": {
				"north": {"uv": [0, 0, 0.55, 0.2], "texture": "#2"},
				"east": {"uv": [0, 0, 0.55, 0.2], "texture": "#2"},
				"south": {"uv": [0, 0, 0.55, 0.2], "texture": "#2"},
				"west": {"uv": [0, 0, 0.55, 0.2], "texture": "#2"},
				"up": {"uv": [0, 0, 0.55, 0.2], "texture": "#2"},
				"down": {"uv": [0, 0, 0.55, 0.2], "texture": "#2"}
			}
		},
		{
			"from": [7.45, 9, 14.975],
			"to": [8.55, 9.05, 15.375],
			"rotation": {"angle": 0, "axis": "y", "origin": [8, 7.6375, 3.775]},
			"faces": {
				"north": {"uv": [0, 0, 0.55, 0.2], "texture": "#2"},
				"east": {"uv": [0, 0, 0.55, 0.2], "texture": "#2"},
				"south": {"uv": [0, 0, 0.55, 0.2], "texture": "#2"},
				"west": {"uv": [0, 0, 0.55, 0.2], "texture": "#2"},
				"up": {"uv": [0, 0, 0.55, 0.2], "texture": "#2"},
				"down": {"uv": [0, 0, 0.55, 0.2], "texture": "#2"}
			}
		},
		{
			"from": [8.55, 9, 10.075],
			"to": [8.6, 10.9, 10.475],
			"rotation": {"angle": 0, "axis": "y", "origin": [8, 9.025, 12.725]},
			"faces": {
				"north": {"uv": [0, 0, 0.2, 0.025], "rotation": 270, "texture": "#2"},
				"east": {"uv": [0, 0, 0.2, 0.025], "rotation": 270, "texture": "#2"},
				"south": {"uv": [0, 0, 0.2, 0.025], "rotation": 270, "texture": "#2"},
				"west": {"uv": [0, 0, 0.2, 0.025], "rotation": 270, "texture": "#2"},
				"up": {"uv": [0, 0, 0.2, 0.025], "rotation": 270, "texture": "#2"},
				"down": {"uv": [0, 0, 0.2, 0.025], "rotation": 270, "texture": "#2"}
			}
		},
		{
			"from": [8.55, 9, 10.775],
			"to": [8.6, 10.9, 11.175],
			"rotation": {"angle": 0, "axis": "y", "origin": [8, 9.025, 12.725]},
			"faces": {
				"north": {"uv": [0, 0, 0.2, 0.025], "rotation": 270, "texture": "#2"},
				"east": {"uv": [0, 0, 0.2, 0.025], "rotation": 270, "texture": "#2"},
				"south": {"uv": [0, 0, 0.2, 0.025], "rotation": 270, "texture": "#2"},
				"west": {"uv": [0, 0, 0.2, 0.025], "rotation": 270, "texture": "#2"},
				"up": {"uv": [0, 0, 0.2, 0.025], "rotation": 270, "texture": "#2"},
				"down": {"uv": [0, 0, 0.2, 0.025], "rotation": 270, "texture": "#2"}
			}
		},
		{
			"from": [8.55, 9, 11.475],
			"to": [8.6, 10.9, 11.875],
			"rotation": {"angle": 0, "axis": "y", "origin": [8, 9.025, 12.725]},
			"faces": {
				"north": {"uv": [0, 0, 0.2, 0.025], "rotation": 270, "texture": "#2"},
				"east": {"uv": [0, 0, 0.2, 0.025], "rotation": 270, "texture": "#2"},
				"south": {"uv": [0, 0, 0.2, 0.025], "rotation": 270, "texture": "#2"},
				"west": {"uv": [0, 0, 0.2, 0.025], "rotation": 270, "texture": "#2"},
				"up": {"uv": [0, 0, 0.2, 0.025], "rotation": 270, "texture": "#2"},
				"down": {"uv": [0, 0, 0.2, 0.025], "rotation": 270, "texture": "#2"}
			}
		},
		{
			"from": [8.55, 9, 12.175],
			"to": [8.6, 10.9, 12.575],
			"rotation": {"angle": 0, "axis": "y", "origin": [8, 9.025, 12.725]},
			"faces": {
				"north": {"uv": [0, 0, 0.2, 0.025], "rotation": 270, "texture": "#2"},
				"east": {"uv": [0, 0, 0.2, 0.025], "rotation": 270, "texture": "#2"},
				"south": {"uv": [0, 0, 0.2, 0.025], "rotation": 270, "texture": "#2"},
				"west": {"uv": [0, 0, 0.2, 0.025], "rotation": 270, "texture": "#2"},
				"up": {"uv": [0, 0, 0.2, 0.025], "rotation": 270, "texture": "#2"},
				"down": {"uv": [0, 0, 0.2, 0.025], "rotation": 270, "texture": "#2"}
			}
		},
		{
			"from": [8.55, 9, 12.875],
			"to": [8.6, 10.9, 13.275],
			"rotation": {"angle": 0, "axis": "y", "origin": [8, 9.025, 12.725]},
			"faces": {
				"north": {"uv": [0, 0, 0.2, 0.025], "rotation": 270, "texture": "#2"},
				"east": {"uv": [0, 0, 0.2, 0.025], "rotation": 270, "texture": "#2"},
				"south": {"uv": [0, 0, 0.2, 0.025], "rotation": 270, "texture": "#2"},
				"west": {"uv": [0, 0, 0.2, 0.025], "rotation": 270, "texture": "#2"},
				"up": {"uv": [0, 0, 0.2, 0.025], "rotation": 270, "texture": "#2"},
				"down": {"uv": [0, 0, 0.2, 0.025], "rotation": 270, "texture": "#2"}
			}
		},
		{
			"from": [8.55, 9, 13.575],
			"to": [8.6, 10.9, 13.975],
			"rotation": {"angle": 0, "axis": "y", "origin": [8, 9.025, 12.725]},
			"faces": {
				"north": {"uv": [0, 0, 0.2, 0.025], "rotation": 270, "texture": "#2"},
				"east": {"uv": [0, 0, 0.2, 0.025], "rotation": 270, "texture": "#2"},
				"south": {"uv": [0, 0, 0.2, 0.025], "rotation": 270, "texture": "#2"},
				"west": {"uv": [0, 0, 0.2, 0.025], "rotation": 270, "texture": "#2"},
				"up": {"uv": [0, 0, 0.2, 0.025], "rotation": 270, "texture": "#2"},
				"down": {"uv": [0, 0, 0.2, 0.025], "rotation": 270, "texture": "#2"}
			}
		},
		{
			"from": [8.55, 9, 14.275],
			"to": [8.6, 10.9, 14.675],
			"rotation": {"angle": 0, "axis": "y", "origin": [8, 9.025, 12.725]},
			"faces": {
				"north": {"uv": [0, 0, 0.2, 0.025], "rotation": 270, "texture": "#2"},
				"east": {"uv": [0, 0, 0.2, 0.025], "rotation": 270, "texture": "#2"},
				"south": {"uv": [0, 0, 0.2, 0.025], "rotation": 270, "texture": "#2"},
				"west": {"uv": [0, 0, 0.2, 0.025], "rotation": 270, "texture": "#2"},
				"up": {"uv": [0, 0, 0.2, 0.025], "rotation": 270, "texture": "#2"},
				"down": {"uv": [0, 0, 0.2, 0.025], "rotation": 270, "texture": "#2"}
			}
		},
		{
			"from": [8.55, 9, 14.975],
			"to": [8.6, 10.9, 15.375],
			"rotation": {"angle": 0, "axis": "y", "origin": [8, 9.025, 12.725]},
			"faces": {
				"north": {"uv": [0, 0, 0.2, 0.025], "rotation": 270, "texture": "#2"},
				"east": {"uv": [0, 0, 0.2, 0.025], "rotation": 270, "texture": "#2"},
				"south": {"uv": [0, 0, 0.2, 0.025], "rotation": 270, "texture": "#2"},
				"west": {"uv": [0, 0, 0.2, 0.025], "rotation": 270, "texture": "#2"},
				"up": {"uv": [0, 0, 0.2, 0.025], "rotation": 270, "texture": "#2"},
				"down": {"uv": [0, 0, 0.2, 0.025], "rotation": 270, "texture": "#2"}
			}
		},
		{
			"from": [7.4, 9, 11.475],
			"to": [7.45, 10.9, 11.875],
			"rotation": {"angle": 0, "axis": "y", "origin": [8, 9.025, 12.725]},
			"faces": {
				"north": {"uv": [0, 0, 0.2, 0.025], "rotation": 270, "texture": "#2"},
				"east": {"uv": [0, 0, 0.2, 0.025], "rotation": 270, "texture": "#2"},
				"south": {"uv": [0, 0, 0.2, 0.025], "rotation": 270, "texture": "#2"},
				"west": {"uv": [0, 0, 0.2, 0.025], "rotation": 270, "texture": "#2"},
				"up": {"uv": [0, 0, 0.2, 0.025], "rotation": 270, "texture": "#2"},
				"down": {"uv": [0, 0, 0.2, 0.025], "rotation": 270, "texture": "#2"}
			}
		},
		{
			"from": [7.4, 9, 10.075],
			"to": [7.45, 10.9, 10.475],
			"rotation": {"angle": 0, "axis": "y", "origin": [8, 9.025, 12.725]},
			"faces": {
				"north": {"uv": [0, 0, 0.2, 0.025], "rotation": 270, "texture": "#2"},
				"east": {"uv": [0, 0, 0.2, 0.025], "rotation": 270, "texture": "#2"},
				"south": {"uv": [0, 0, 0.2, 0.025], "rotation": 270, "texture": "#2"},
				"west": {"uv": [0, 0, 0.2, 0.025], "rotation": 270, "texture": "#2"},
				"up": {"uv": [0, 0, 0.2, 0.025], "rotation": 270, "texture": "#2"},
				"down": {"uv": [0, 0, 0.2, 0.025], "rotation": 270, "texture": "#2"}
			}
		},
		{
			"from": [7.4, 9, 10.775],
			"to": [7.45, 10.9, 11.175],
			"rotation": {"angle": 0, "axis": "y", "origin": [8, 9.025, 12.725]},
			"faces": {
				"north": {"uv": [0, 0, 0.2, 0.025], "rotation": 270, "texture": "#2"},
				"east": {"uv": [0, 0, 0.2, 0.025], "rotation": 270, "texture": "#2"},
				"south": {"uv": [0, 0, 0.2, 0.025], "rotation": 270, "texture": "#2"},
				"west": {"uv": [0, 0, 0.2, 0.025], "rotation": 270, "texture": "#2"},
				"up": {"uv": [0, 0, 0.2, 0.025], "rotation": 270, "texture": "#2"},
				"down": {"uv": [0, 0, 0.2, 0.025], "rotation": 270, "texture": "#2"}
			}
		},
		{
			"from": [7.4, 9, 12.175],
			"to": [7.45, 10.9, 12.575],
			"rotation": {"angle": 0, "axis": "y", "origin": [8, 9.025, 12.725]},
			"faces": {
				"north": {"uv": [0, 0, 0.2, 0.025], "rotation": 270, "texture": "#2"},
				"east": {"uv": [0, 0, 0.2, 0.025], "rotation": 270, "texture": "#2"},
				"south": {"uv": [0, 0, 0.2, 0.025], "rotation": 270, "texture": "#2"},
				"west": {"uv": [0, 0, 0.2, 0.025], "rotation": 270, "texture": "#2"},
				"up": {"uv": [0, 0, 0.2, 0.025], "rotation": 270, "texture": "#2"},
				"down": {"uv": [0, 0, 0.2, 0.025], "rotation": 270, "texture": "#2"}
			}
		},
		{
			"from": [7.4, 9, 12.875],
			"to": [7.45, 10.9, 13.275],
			"rotation": {"angle": 0, "axis": "y", "origin": [8, 9.025, 12.725]},
			"faces": {
				"north": {"uv": [0, 0, 0.2, 0.025], "rotation": 270, "texture": "#2"},
				"east": {"uv": [0, 0, 0.2, 0.025], "rotation": 270, "texture": "#2"},
				"south": {"uv": [0, 0, 0.2, 0.025], "rotation": 270, "texture": "#2"},
				"west": {"uv": [0, 0, 0.2, 0.025], "rotation": 270, "texture": "#2"},
				"up": {"uv": [0, 0, 0.2, 0.025], "rotation": 270, "texture": "#2"},
				"down": {"uv": [0, 0, 0.2, 0.025], "rotation": 270, "texture": "#2"}
			}
		},
		{
			"from": [7.4, 9, 13.575],
			"to": [7.45, 10.9, 13.975],
			"rotation": {"angle": 0, "axis": "y", "origin": [8, 9.025, 12.725]},
			"faces": {
				"north": {"uv": [0, 0, 0.2, 0.025], "rotation": 270, "texture": "#2"},
				"east": {"uv": [0, 0, 0.2, 0.025], "rotation": 270, "texture": "#2"},
				"south": {"uv": [0, 0, 0.2, 0.025], "rotation": 270, "texture": "#2"},
				"west": {"uv": [0, 0, 0.2, 0.025], "rotation": 270, "texture": "#2"},
				"up": {"uv": [0, 0, 0.2, 0.025], "rotation": 270, "texture": "#2"},
				"down": {"uv": [0, 0, 0.2, 0.025], "rotation": 270, "texture": "#2"}
			}
		},
		{
			"from": [7.4, 9, 14.275],
			"to": [7.45, 10.9, 14.675],
			"rotation": {"angle": 0, "axis": "y", "origin": [8, 9.025, 12.725]},
			"faces": {
				"north": {"uv": [0, 0, 0.2, 0.025], "rotation": 270, "texture": "#2"},
				"east": {"uv": [0, 0, 0.2, 0.025], "rotation": 270, "texture": "#2"},
				"south": {"uv": [0, 0, 0.2, 0.025], "rotation": 270, "texture": "#2"},
				"west": {"uv": [0, 0, 0.2, 0.025], "rotation": 270, "texture": "#2"},
				"up": {"uv": [0, 0, 0.2, 0.025], "rotation": 270, "texture": "#2"},
				"down": {"uv": [0, 0, 0.2, 0.025], "rotation": 270, "texture": "#2"}
			}
		},
		{
			"from": [7.4, 9, 14.975],
			"to": [7.45, 10.9, 15.375],
			"rotation": {"angle": 0, "axis": "y", "origin": [8, 9.025, 12.725]},
			"faces": {
				"north": {"uv": [0, 0, 0.2, 0.025], "rotation": 270, "texture": "#2"},
				"east": {"uv": [0, 0, 0.2, 0.025], "rotation": 270, "texture": "#2"},
				"south": {"uv": [0, 0, 0.2, 0.025], "rotation": 270, "texture": "#2"},
				"west": {"uv": [0, 0, 0.2, 0.025], "rotation": 270, "texture": "#2"},
				"up": {"uv": [0, 0, 0.2, 0.025], "rotation": 270, "texture": "#2"},
				"down": {"uv": [0, 0, 0.2, 0.025], "rotation": 270, "texture": "#2"}
			}
		},
		{
			"from": [7.75, 9.725, 21.175],
			"to": [8.25, 10.275, 21.325],
			"rotation": {"angle": 0, "axis": "y", "origin": [8, 7.6375, 3.775]},
			"faces": {
				"north": {"uv": [0, 0, 0.075, 0.275], "texture": "#0"},
				"east": {"uv": [0, 0, 0.075, 0.275], "texture": "#0"},
				"south": {"uv": [0, 0, 0.075, 0.275], "texture": "#0"},
				"west": {"uv": [0, 0, 0.075, 0.275], "texture": "#0"},
				"up": {"uv": [0, 0, 0.075, 0.275], "texture": "#0"},
				"down": {"uv": [0, 0, 0.075, 0.275], "texture": "#0"}
			}
		}
	],
	"display": {
		"thirdperson_righthand": {
			"rotation": [0, 180, 0],
			"translation": [0, 0, -1.5],
			"scale": [0.86, 0.86, 0.86]
		},
		"thirdperson_lefthand": {
			"rotation": [0, 180, 0],
			"translation": [0, 0, -1.5],
			"scale": [0.86, 0.86, 0.86]
		},
		"firstperson_righthand": {
			"rotation": [0, 180, 0],
			"translation": [-4.25, 13.5, 3.75],
			"scale": [0.95, 0.95, 0.95]
		},
		"firstperson_lefthand": {
			"rotation": [0, 180, 0],
			"translation": [-4.25, 100, 3.75],
			"scale": [0.95, 0.95, 0.95]
		},
		"ground": {
			"rotation": [0, 0, 90]
		},
		"gui": {
			"rotation": [30, -124, 0],
			"translation": [0.5, -0.5, 0],
			"scale": [0.73, 0.73, 0.73]
		},
		"head": {
			"rotation": [0, -90, 0],
			"translation": [0, 0.25, -1],
			"scale": [1.75, 1.75, 1.75]
		},
		"fixed": {
			"rotation": [0, 90, 0],
			"translation": [-1.75, -1, -0.25],
			"scale": [1.25, 1.25, 1.25]
		}
	}
}