{
	"credit": "Made with Blockbench",
	"texture_size": [32, 32],
	"textures": {
		"0": "block/anvil",
		"1": "block/andesite",
		"3": "block/black_concrete",
		"4": "block/gray_concrete",
		"5": "block/gray_concrete_powder",
		"6": "block/basalt_top",
		"9": "block/cobbled_deepslate",
		"10": "block/spruce_planks",
		"particle": "block/anvil"
	},
	"elements": [
		{
			"from": [7.7, 5.61213, 1.47071],
			"to": [8.3, 6.81213, 2.67071],
			"rotation": {"angle": 45, "axis": "x", "origin": [8, 6.41213, 2.07071]},
			"faces": {
				"north": {"uv": [0, 0, 0.3, 0.6], "texture": "#4"},
				"east": {"uv": [0, 0, 0.6, 0.6], "texture": "#4"},
				"south": {"uv": [0, 0, 0.3, 0.6], "texture": "#4"},
				"west": {"uv": [0, 0, 0.6, 0.6], "texture": "#4"},
				"up": {"uv": [0, 0, 0.3, 0.6], "texture": "#4"},
				"down": {"uv": [0, 0, 0.3, 0.6], "texture": "#4"}
			}
		},
		{
			"from": [7.7, 6.43601, 2.05339],
			"to": [8.3, 8.18601, 3.17839],
			"rotation": {"angle": 22.5, "axis": "x", "origin": [8, 7.33601, 2.45339]},
			"faces": {
				"north": {"uv": [0, 0, 0.3, 0.875], "texture": "#4"},
				"east": {"uv": [0, 0, 0.5625, 0.875], "texture": "#4"},
				"south": {"uv": [0, 0, 0.3, 0.875], "texture": "#4"},
				"west": {"uv": [0, 0, 0.5625, 0.875], "texture": "#4"},
				"up": {"uv": [0, 0, 0.3, 0.5625], "texture": "#4"},
				"down": {"uv": [0, 0, 0.3, 0.5625], "texture": "#4"}
			}
		},
		{
			"from": [7.8, 7.39434, 3.14902],
			"to": [8.2, 7.76934, 3.79902],
			"rotation": {"angle": 0, "axis": "y", "origin": [8, 7.38184, 3.76152]},
			"faces": {
				"north": {"uv": [0, 0, 0.2, 0.1875], "texture": "#0"},
				"east": {"uv": [0, 0, 0.325, 0.1875], "texture": "#0"},
				"south": {"uv": [0, 0, 0.2, 0.1875], "texture": "#0"},
				"west": {"uv": [0, 0, 0.325, 0.1875], "texture": "#0"},
				"up": {"uv": [0, 0, 0.2, 0.325], "texture": "#0"},
				"down": {"uv": [0, 0, 0.2, 0.325], "texture": "#0"}
			}
		},
		{
			"from": [7.525, 6.99434, 4.79902],
			"to": [8.475, 7.76934, 5.04902],
			"rotation": {"angle": 0, "axis": "y", "origin": [8, 7.38184, 3.76152]},
			"faces": {
				"north": {"uv": [0, 0, 0.475, 0.3875], "texture": "#4"},
				"east": {"uv": [0, 0, 0.125, 0.3875], "texture": "#4"},
				"south": {"uv": [0, 0, 0.475, 0.3875], "texture": "#4"},
				"west": {"uv": [0, 0, 0.125, 0.3875], "texture": "#4"},
				"up": {"uv": [0, 0, 0.475, 0.125], "texture": "#4"},
				"down": {"uv": [0, 0, 0.475, 0.125], "texture": "#4"}
			}
		},
		{
			"from": [7.8, 7.25212, 4.29154],
			"to": [8.2, 7.77712, 4.36654],
			"rotation": {"angle": -22.5, "axis": "x", "origin": [8, 7.02712, 4.17904]},
			"faces": {
				"north": {"uv": [0, 0, 0.2, 0.2625], "texture": "#0"},
				"east": {"uv": [0, 0, 0.0375, 0.2625], "texture": "#0"},
				"south": {"uv": [0, 0, 0.2, 0.2625], "texture": "#0"},
				"west": {"uv": [0, 0, 0.0375, 0.2625], "texture": "#0"},
				"up": {"uv": [0, 0, 0.2, 0.0375], "texture": "#0"},
				"down": {"uv": [0, 0, 0.2, 0.0375], "texture": "#0"}
			}
		},
		{
			"from": [7.8, 7.09741, 4.19357],
			"to": [8.2, 7.32241, 4.26857],
			"rotation": {"angle": 0, "axis": "y", "origin": [8, 7.53491, 4.13107]},
			"faces": {
				"north": {"uv": [0, 0, 0.2, 0.1125], "texture": "#0"},
				"east": {"uv": [0, 0, 0.0375, 0.1125], "texture": "#0"},
				"south": {"uv": [0, 0, 0.2, 0.1125], "texture": "#0"},
				"west": {"uv": [0, 0, 0.0375, 0.1125], "texture": "#0"},
				"up": {"uv": [0, 0, 0.2, 0.0375], "texture": "#0"},
				"down": {"uv": [0, 0, 0.2, 0.0375], "texture": "#0"}
			}
		},
		{
			"from": [7.8, 6.87241, 4.21857],
			"to": [8.2, 7.14741, 4.29357],
			"rotation": {"angle": 22.5, "axis": "x", "origin": [8, 7.20991, 4.23107]},
			"faces": {
				"north": {"uv": [0, 0, 0.2, 0.1375], "texture": "#0"},
				"east": {"uv": [0, 0, 0.0375, 0.1375], "texture": "#0"},
				"south": {"uv": [0, 0, 0.2, 0.1375], "texture": "#0"},
				"west": {"uv": [0, 0, 0.0375, 0.1375], "texture": "#0"},
				"up": {"uv": [0, 0, 0.2, 0.0375], "texture": "#0"},
				"down": {"uv": [0, 0, 0.2, 0.0375], "texture": "#0"}
			}
		},
		{
			"from": [7.8, 7.20307, 3.34013],
			"to": [8.2, 7.70307, 3.41513],
			"rotation": {"angle": -22.5, "axis": "x", "origin": [8, 7.01557, 4.17763]},
			"faces": {
				"north": {"uv": [0, 0, 0.2, 0.25], "texture": "#0"},
				"east": {"uv": [0, 0, 0.0375, 0.25], "texture": "#0"},
				"south": {"uv": [0, 0, 0.2, 0.25], "texture": "#0"},
				"west": {"uv": [0, 0, 0.0375, 0.25], "texture": "#0"},
				"up": {"uv": [0, 0, 0.2, 0.0375], "texture": "#0"},
				"down": {"uv": [0, 0, 0.2, 0.0375], "texture": "#0"}
			}
		},
		{
			"from": [7.9, 7.20307, 3.64013],
			"to": [8.1, 7.70307, 3.71513],
			"rotation": {"angle": -22.5, "axis": "x", "origin": [8, 7.01557, 4.17763]},
			"faces": {
				"north": {"uv": [0, 0, 0.1, 0.25], "texture": "#0"},
				"east": {"uv": [0, 0, 0.0375, 0.25], "texture": "#0"},
				"south": {"uv": [0, 0, 0.1, 0.25], "texture": "#0"},
				"west": {"uv": [0, 0, 0.0375, 0.25], "texture": "#0"},
				"up": {"uv": [0, 0, 0.1, 0.0375], "texture": "#0"},
				"down": {"uv": [0, 0, 0.1, 0.0375], "texture": "#0"}
			}
		},
		{
			"from": [7.8, 6.87617, 3.3247],
			"to": [8.2, 6.95117, 4.1497],
			"rotation": {"angle": 0, "axis": "y", "origin": [8, 7.03867, 4.1872]},
			"faces": {
				"north": {"uv": [0, 0, 0.2, 0.0375], "rotation": 180, "texture": "#0"},
				"east": {"uv": [0, 0, 0.0375, 0.4125], "rotation": 90, "texture": "#0"},
				"south": {"uv": [0, 0, 0.2, 0.0375], "texture": "#0"},
				"west": {"uv": [0, 0, 0.0375, 0.4125], "rotation": 270, "texture": "#0"},
				"up": {"uv": [0, 0, 0.2, 0.4125], "texture": "#0"},
				"down": {"uv": [0, 0, 0.2, 0.4125], "rotation": 180, "texture": "#0"}
			}
		},
		{
			"from": [7.7, 9.24476, 0.88579],
			"to": [8.3, 9.39476, 1.91079],
			"rotation": {"angle": 0, "axis": "y", "origin": [8, 7.01976, 2.49829]},
			"faces": {
				"north": {"uv": [0, 0, 0.3, 0.075], "texture": "#0"},
				"east": {"uv": [0, 0, 0.5125, 0.075], "texture": "#0"},
				"south": {"uv": [0, 0, 0.3, 0.075], "texture": "#0"},
				"west": {"uv": [0, 0, 0.5125, 0.075], "texture": "#0"},
				"up": {"uv": [0, 0, 0.3, 0.5125], "texture": "#0"},
				"down": {"uv": [0, 0, 0.3, 0.5125], "texture": "#0"}
			}
		},
		{
			"from": [7.8, 9.39476, 1.51079],
			"to": [7.85, 9.79476, 1.66079],
			"rotation": {"angle": 0, "axis": "y", "origin": [8, 7.01976, 2.49829]},
			"faces": {
				"north": {"uv": [0, 0, 0.025, 0.2], "texture": "#0"},
				"east": {"uv": [0, 0, 0.075, 0.2], "texture": "#0"},
				"south": {"uv": [0, 0, 0.025, 0.2], "texture": "#0"},
				"west": {"uv": [0, 0, 0.075, 0.2], "texture": "#0"},
				"up": {"uv": [0, 0, 0.025, 0.075], "texture": "#0"},
				"down": {"uv": [0, 0, 0.025, 0.075], "texture": "#0"}
			}
		},
		{
			"from": [8.15, 9.39476, 1.51079],
			"to": [8.2, 9.79476, 1.66079],
			"rotation": {"angle": 0, "axis": "y", "origin": [8, 7.01976, 2.49829]},
			"faces": {
				"north": {"uv": [0, 0, 0.025, 0.2], "texture": "#0"},
				"east": {"uv": [0, 0, 0.075, 0.2], "texture": "#0"},
				"south": {"uv": [0, 0, 0.025, 0.2], "texture": "#0"},
				"west": {"uv": [0, 0, 0.075, 0.2], "texture": "#0"},
				"up": {"uv": [0, 0, 0.025, 0.075], "texture": "#0"},
				"down": {"uv": [0, 0, 0.025, 0.075], "texture": "#0"}
			}
		},
		{
			"from": [7.85, 9.39476, 1.51079],
			"to": [8.15, 9.44476, 1.66079],
			"rotation": {"angle": 0, "axis": "y", "origin": [8.175, 9.59476, 1.58579]},
			"faces": {
				"north": {"uv": [0, 0, 0.025, 0.15], "rotation": 270, "texture": "#0"},
				"east": {"uv": [0, 0, 0.025, 0.075], "rotation": 90, "texture": "#0"},
				"south": {"uv": [0, 0, 0.025, 0.15], "rotation": 90, "texture": "#0"},
				"west": {"uv": [0, 0, 0.025, 0.075], "rotation": 90, "texture": "#0"},
				"up": {"uv": [0, 0, 0.075, 0.15], "rotation": 90, "texture": "#0"},
				"down": {"uv": [0, 0, 0.075, 0.15], "rotation": 90, "texture": "#0"}
			}
		},
		{
			"from": [7.85, 9.74476, 1.51079],
			"to": [8.15, 9.79476, 1.66079],
			"rotation": {"angle": 0, "axis": "y", "origin": [8.175, 9.59476, 1.58579]},
			"faces": {
				"north": {"uv": [0, 0, 0.025, 0.15], "rotation": 270, "texture": "#0"},
				"east": {"uv": [0, 0, 0.025, 0.075], "rotation": 90, "texture": "#0"},
				"south": {"uv": [0, 0, 0.025, 0.15], "rotation": 90, "texture": "#0"},
				"west": {"uv": [0, 0, 0.025, 0.075], "rotation": 90, "texture": "#0"},
				"up": {"uv": [0, 0, 0.075, 0.15], "rotation": 90, "texture": "#0"},
				"down": {"uv": [0, 0, 0.075, 0.15], "rotation": 90, "texture": "#0"}
			}
		},
		{
			"from": [7.5, 7.69476, 1.13579],
			"to": [8.5, 9.24476, 5.06079],
			"rotation": {"angle": 0, "axis": "y", "origin": [8, 7.01976, 2.49829]},
			"faces": {
				"north": {"uv": [0, 0, 0.5, 0.775], "texture": "#4"},
				"east": {"uv": [0, 0, 1.9625, 0.775], "texture": "#4"},
				"south": {"uv": [0, 0, 0.5, 0.775], "texture": "#4"},
				"west": {"uv": [0, 0, 1.9625, 0.775], "texture": "#4"},
				"up": {"uv": [0, 0, 0.5, 1.9625], "texture": "#4"},
				"down": {"uv": [0, 0, 0.5, 1.9625], "texture": "#4"}
			}
		},
		{
			"from": [7.475, 7.66976, 0.73579],
			"to": [8.525, 9.26976, 1.16079],
			"rotation": {"angle": 0, "axis": "y", "origin": [8, 7.01976, 2.49829]},
			"faces": {
				"north": {"uv": [0, 0, 0.525, 0.8], "texture": "#6"},
				"east": {"uv": [0, 0, 0.2125, 0.8], "texture": "#6"},
				"south": {"uv": [0, 0, 0.525, 0.8], "texture": "#6"},
				"west": {"uv": [0, 0, 0.2125, 0.8], "texture": "#6"},
				"up": {"uv": [0, 0, 0.525, 0.2125], "texture": "#6"},
				"down": {"uv": [0, 0, 0.525, 0.2125], "texture": "#6"}
			}
		},
		{
			"from": [7.5, 7.69476, 0.46079],
			"to": [8.5, 9.16976, 0.73579],
			"rotation": {"angle": 0, "axis": "y", "origin": [8, 7.01976, 2.49829]},
			"faces": {
				"north": {"uv": [0, 0, 2.1375, 1.7375], "texture": "#10"},
				"east": {"uv": [0, 0, 2.1375, 1.7375], "texture": "#10"},
				"south": {"uv": [0, 0, 2.1375, 1.7375], "texture": "#10"},
				"west": {"uv": [0, 0, 2.1375, 1.7375], "texture": "#10"},
				"up": {"uv": [0, 0, 2.1375, 1.7375], "texture": "#10"},
				"down": {"uv": [0, 0, 2.1375, 1.7375], "texture": "#10"}
			}
		},
		{
			"from": [7.5, 7.69476, -0.13921],
			"to": [8.5, 8.79476, 0.48579],
			"rotation": {"angle": 0, "axis": "y", "origin": [8, 7.01976, 2.49829]},
			"faces": {
				"north": {"uv": [0, 0, 2.3125, 1.55], "texture": "#10"},
				"east": {"uv": [0, 0, 2.3125, 1.55], "texture": "#10"},
				"south": {"uv": [0, 0, 2.3125, 1.55], "texture": "#10"},
				"west": {"uv": [0, 0, 2.3125, 1.55], "texture": "#10"},
				"up": {"uv": [0, 0, 2.3125, 1.55], "texture": "#10"},
				"down": {"uv": [0, 0, 2.3125, 1.55], "texture": "#10"}
			}
		},
		{
			"from": [7.5, 5.94476, -4.31421],
			"to": [8.5, 7.54476, -3.88921],
			"rotation": {"angle": 0, "axis": "y", "origin": [8, 7.01976, 2.49829]},
			"faces": {
				"north": {"uv": [0, 0, 2.2125, 1.8], "texture": "#10"},
				"east": {"uv": [0, 0, 2.2125, 1.8], "texture": "#10"},
				"south": {"uv": [0, 0, 2.2125, 1.8], "texture": "#10"},
				"west": {"uv": [0, 0, 2.2125, 1.8], "texture": "#10"},
				"up": {"uv": [0, 0, 2.2125, 1.8], "texture": "#10"},
				"down": {"uv": [0, 0, 2.2125, 1.8], "texture": "#10"}
			}
		},
		{
			"from": [7.475, 5.91976, -4.41421],
			"to": [8.525, 8.66976, -4.31421],
			"rotation": {"angle": 0, "axis": "y", "origin": [8, 7.01976, 2.49829]},
			"faces": {
				"north": {"uv": [0, 0, 0.525, 1.375], "texture": "#6"},
				"east": {"uv": [0, 0, 0.05, 1.375], "texture": "#6"},
				"south": {"uv": [0, 0, 0.525, 1.375], "texture": "#6"},
				"west": {"uv": [0, 0, 0.05, 1.375], "texture": "#6"},
				"up": {"uv": [0, 0, 0.525, 0.05], "texture": "#6"},
				"down": {"uv": [0, 0, 0.525, 0.05], "texture": "#6"}
			}
		},
		{
			"from": [7.5, 7.01976, -3.88921],
			"to": [8.5, 7.54476, -2.66421],
			"rotation": {"angle": 0, "axis": "y", "origin": [8, 7.01976, 2.49829]},
			"faces": {
				"north": {"uv": [0, 0, 2.6125, 1.2625], "texture": "#10"},
				"east": {"uv": [0, 0, 2.6125, 1.2625], "texture": "#10"},
				"south": {"uv": [0, 0, 2.6125, 1.2625], "texture": "#10"},
				"west": {"uv": [0, 0, 2.6125, 1.2625], "texture": "#10"},
				"up": {"uv": [0, 0, 2.6125, 1.2625], "texture": "#10"},
				"down": {"uv": [0, 0, 2.6125, 1.2625], "texture": "#10"}
			}
		},
		{
			"from": [7.5, 7.54476, -4.31421],
			"to": [8.5, 8.64476, -0.13921],
			"rotation": {"angle": 0, "axis": "y", "origin": [8, 7.01976, 2.49829]},
			"faces": {
				"north": {"uv": [0, 0, 4.0875, 1.55], "texture": "#10"},
				"east": {"uv": [0, 0, 4.0875, 1.55], "texture": "#10"},
				"south": {"uv": [0, 0, 4.0875, 1.55], "texture": "#10"},
				"west": {"uv": [0, 0, 4.0875, 1.55], "texture": "#10"},
				"up": {"uv": [0, 0, 4.0875, 1.55], "texture": "#10"},
				"down": {"uv": [0, 0, 4.0875, 1.55], "texture": "#10"}
			}
		},
		{
			"from": [7.525, 8.66976, 0.08579],
			"to": [8.475, 9.21976, 0.26079],
			"rotation": {"angle": 22.5, "axis": "x", "origin": [8, 8.24476, 0.17329]},
			"faces": {
				"north": {"uv": [0, 0, 2.0875, 1.275], "texture": "#10"},
				"east": {"uv": [0, 0, 2.0875, 1.275], "texture": "#10"},
				"south": {"uv": [0, 0, 2.0875, 1.275], "texture": "#10"},
				"west": {"uv": [0, 0, 2.0875, 1.275], "texture": "#10"},
				"up": {"uv": [0, 0, 2.0875, 1.275], "texture": "#10"},
				"down": {"uv": [0, 0, 2.0875, 1.275], "texture": "#10"}
			}
		},
		{
			"from": [7.475, 7.76976, -4.46421],
			"to": [8.525, 8.79476, 0.06079],
			"rotation": {"angle": -22.5, "axis": "x", "origin": [8, 8.24476, 0.34829]},
			"faces": {
				"north": {"uv": [0, 0, 4.2625, 1.5125], "texture": "#10"},
				"east": {"uv": [0, 0, 4.2625, 1.5125], "texture": "#10"},
				"south": {"uv": [0, 0, 4.2625, 1.5125], "texture": "#10"},
				"west": {"uv": [0, 0, 4.2625, 1.5125], "texture": "#10"},
				"up": {"uv": [0, 0, 4.2625, 1.5125], "texture": "#10"},
				"down": {"uv": [0, 0, 4.2625, 1.5125], "texture": "#10"}
			}
		},
		{
			"from": [7.75, 5.39476, 5.03579],
			"to": [8.25, 7.99476, 6.76079],
			"rotation": {"angle": 0, "axis": "y", "origin": [8, 7.01976, 2.49829]},
			"faces": {
				"north": {"uv": [0, 0, 3.3625, 7.3], "texture": "#5"},
				"east": {"uv": [0, 0, 3.3625, 7.3], "texture": "#5"},
				"south": {"uv": [0, 0, 3.3625, 7.3], "texture": "#5"},
				"west": {"uv": [0, 0, 3.3625, 7.3], "texture": "#5"},
				"up": {"uv": [0, 0, 3.3625, 7.3], "texture": "#5"},
				"down": {"uv": [0, 0, 3.3625, 7.3], "texture": "#5"}
			}
		},
		{
			"from": [7.5, 7.99476, 5.03579],
			"to": [8.5, 9.24476, 7.76079],
			"rotation": {"angle": 0, "axis": "y", "origin": [8, 7.01976, 2.49829]},
			"faces": {
				"north": {"uv": [0, 0, 0.5, 0.625], "texture": "#4"},
				"east": {"uv": [0, 0, 1.3625, 0.625], "texture": "#4"},
				"south": {"uv": [0, 0, 0.5, 0.625], "texture": "#4"},
				"west": {"uv": [0, 0, 1.3625, 0.625], "texture": "#4"},
				"up": {"uv": [0, 0, 0.5, 1.3625], "texture": "#4"},
				"down": {"uv": [0, 0, 0.5, 1.3625], "texture": "#4"}
			}
		},
		{
			"from": [7.4, 9.09476, 7.03579],
			"to": [7.5, 9.74476, 7.36079],
			"rotation": {"angle": 0, "axis": "y", "origin": [6.9, 7.01976, 3.39829]},
			"faces": {
				"north": {"uv": [0, 0, 0.05, 0.325], "texture": "#4"},
				"east": {"uv": [0, 0, 0.1625, 0.325], "texture": "#4"},
				"south": {"uv": [0, 0, 0.05, 0.325], "texture": "#4"},
				"west": {"uv": [0, 0, 0.1625, 0.325], "texture": "#4"},
				"up": {"uv": [0, 0, 0.05, 0.1625], "texture": "#4"},
				"down": {"uv": [0, 0, 0.05, 0.1625], "texture": "#4"}
			}
		},
		{
			"from": [7.20675, 9.62532, 7.03579],
			"to": [7.48175, 9.70032, 7.36079],
			"rotation": {"angle": -22.5, "axis": "z", "origin": [7.53175, 9.77532, 7.24829]},
			"faces": {
				"north": {"uv": [0, 0, 0.0375, 0.1375], "rotation": 90, "texture": "#4"},
				"east": {"uv": [0, 0, 0.0375, 0.1625], "rotation": 270, "texture": "#4"},
				"south": {"uv": [0, 0, 0.0375, 0.1375], "rotation": 270, "texture": "#4"},
				"west": {"uv": [0, 0, 0.0375, 0.1625], "rotation": 270, "texture": "#4"},
				"up": {"uv": [0, 0, 0.1625, 0.1375], "rotation": 270, "texture": "#4"},
				"down": {"uv": [0, 0, 0.1625, 0.1375], "rotation": 270, "texture": "#4"}
			}
		},
		{
			"from": [7.0275, 9.74464, 6.18579],
			"to": [7.2025, 9.91964, 7.38579],
			"rotation": {"angle": 0, "axis": "z", "origin": [7.49, 9.58214, 7.29829]},
			"faces": {
				"north": {"uv": [0, 0, 6.0875, 2.6], "rotation": 90, "texture": "#10"},
				"east": {"uv": [0, 0, 6.0875, 2.6], "rotation": 90, "texture": "#10"},
				"south": {"uv": [0, 0, 6.0875, 2.6], "rotation": 90, "texture": "#10"},
				"west": {"uv": [0, 0, 6.0875, 2.6], "rotation": 90, "texture": "#10"},
				"up": {"uv": [0, 0, 6.0875, 2.6], "rotation": 90, "texture": "#10"},
				"down": {"uv": [0, 0, 6.0875, 2.6], "rotation": 90, "texture": "#10"}
			}
		},
		{
			"from": [7.475, 8.59476, 5.03579],
			"to": [7.5, 8.94476, 6.76079],
			"rotation": {"angle": 0, "axis": "y", "origin": [8, 7.01976, 2.49829]},
			"faces": {
				"north": {"uv": [0, 0, 16, 4.5], "texture": "#1"},
				"east": {"uv": [0, 0, 16, 4.5], "texture": "#1"},
				"south": {"uv": [0, 0, 16, 4.5], "texture": "#1"},
				"west": {"uv": [0, 0, 16, 4.5], "texture": "#1"},
				"up": {"uv": [0, 0, 16, 4.5], "texture": "#1"},
				"down": {"uv": [0, 0, 16, 4.5], "texture": "#1"}
			}
		},
		{
			"from": [7.475, 8.59476, 2.81079],
			"to": [7.5, 8.84476, 5.03579],
			"rotation": {"angle": 0, "axis": "y", "origin": [8, 7.01976, 2.49829]},
			"faces": {
				"north": {"uv": [0, 0, 16, 4.5], "texture": "#1"},
				"east": {"uv": [0, 0, 16, 4.5], "texture": "#1"},
				"south": {"uv": [0, 0, 16, 4.5], "texture": "#1"},
				"west": {"uv": [0, 0, 16, 4.5], "texture": "#1"},
				"up": {"uv": [0, 0, 16, 4.5], "texture": "#1"},
				"down": {"uv": [0, 0, 16, 4.5], "texture": "#1"}
			}
		},
		{
			"from": [7.425, 8.54476, 2.71079],
			"to": [7.475, 8.91976, 3.13579],
			"rotation": {"angle": 0, "axis": "y", "origin": [8, 7.01976, 2.49829]},
			"faces": {
				"north": {"uv": [0, 0, 1.7125, 1.6875], "texture": "#0"},
				"east": {"uv": [0, 0, 1.7125, 1.6875], "texture": "#0"},
				"south": {"uv": [0, 0, 1.7125, 1.6875], "texture": "#0"},
				"west": {"uv": [0, 0, 1.7125, 1.6875], "texture": "#0"},
				"up": {"uv": [0, 0, 1.7125, 1.6875], "texture": "#0"},
				"down": {"uv": [0, 0, 1.7125, 1.6875], "texture": "#0"}
			}
		},
		{
			"from": [7.5, 8.24476, 13.36079],
			"to": [8.5, 9.34476, 14.08579],
			"rotation": {"angle": 0, "axis": "y", "origin": [8, 7.01976, 2.49829]},
			"faces": {
				"north": {"uv": [0, 0, 0.5, 0.55], "texture": "#4"},
				"east": {"uv": [0, 0, 0.3625, 0.55], "texture": "#4"},
				"south": {"uv": [0, 0, 0.5, 0.55], "texture": "#4"},
				"west": {"uv": [0, 0, 0.3625, 0.55], "texture": "#4"},
				"up": {"uv": [0, 0, 0.5, 0.3625], "texture": "#4"},
				"down": {"uv": [0, 0, 0.5, 0.3625], "texture": "#4"}
			}
		},
		{
			"from": [7.6, 9.34476, 13.53579],
			"to": [7.7, 9.74476, 14.01079],
			"rotation": {"angle": 0, "axis": "y", "origin": [8, 7.01976, 2.49829]},
			"faces": {
				"north": {"uv": [0, 0, 0.05, 0.2], "texture": "#0"},
				"east": {"uv": [0, 0, 0.2375, 0.2], "texture": "#0"},
				"south": {"uv": [0, 0, 0.05, 0.2], "texture": "#0"},
				"west": {"uv": [0, 0, 0.2375, 0.2], "texture": "#0"},
				"up": {"uv": [0, 0, 0.05, 0.2375], "texture": "#0"},
				"down": {"uv": [0, 0, 0.05, 0.2375], "texture": "#0"}
			}
		},
		{
			"from": [7.95, 9.34476, 13.63579],
			"to": [8.05, 9.64476, 13.81079],
			"rotation": {"angle": 0, "axis": "y", "origin": [8, 7.01976, 2.49829]},
			"faces": {
				"north": {"uv": [0, 0, 0.05, 0.15], "texture": "#0"},
				"east": {"uv": [0, 0, 0.0875, 0.15], "texture": "#0"},
				"south": {"uv": [0, 0, 0.05, 0.15], "texture": "#0"},
				"west": {"uv": [0, 0, 0.0875, 0.15], "texture": "#0"},
				"up": {"uv": [0, 0, 0.05, 0.0875], "texture": "#0"},
				"down": {"uv": [0, 0, 0.05, 0.0875], "texture": "#0"}
			}
		},
		{
			"from": [8.3, 9.34476, 13.53579],
			"to": [8.4, 9.74476, 14.01079],
			"rotation": {"angle": 0, "axis": "y", "origin": [8, 7.01976, 2.49829]},
			"faces": {
				"north": {"uv": [0, 0, 0.05, 0.2], "texture": "#0"},
				"east": {"uv": [0, 0, 0.2375, 0.2], "texture": "#0"},
				"south": {"uv": [0, 0, 0.05, 0.2], "texture": "#0"},
				"west": {"uv": [0, 0, 0.2375, 0.2], "texture": "#0"},
				"up": {"uv": [0, 0, 0.05, 0.2375], "texture": "#0"},
				"down": {"uv": [0, 0, 0.05, 0.2375], "texture": "#0"}
			}
		},
		{
			"from": [7.9, 8.76976, 14.63579],
			"to": [8.1, 9.16976, 14.78579],
			"rotation": {"angle": 0, "axis": "y", "origin": [8, 7.01976, 2.49829]},
			"faces": {
				"north": {"uv": [0, 0, 0.1, 0.2], "texture": "#0"},
				"east": {"uv": [0, 0, 0.075, 0.2], "texture": "#0"},
				"south": {"uv": [0, 0, 0.1, 0.2], "texture": "#0"},
				"west": {"uv": [0, 0, 0.075, 0.2], "texture": "#0"},
				"up": {"uv": [0, 0, 0.1, 0.075], "texture": "#0"},
				"down": {"uv": [0, 0, 0.1, 0.075], "texture": "#0"}
			}
		},
		{
			"from": [7.8, 8.36976, 14.06079],
			"to": [8.2, 8.76976, 20.58579],
			"rotation": {"angle": 0, "axis": "y", "origin": [8, 7.01976, 2.49829]},
			"faces": {
				"north": {"uv": [0, 0, 0.2, 0.2], "texture": "#0"},
				"east": {"uv": [0, 0, 3.2625, 0.2], "texture": "#0"},
				"south": {"uv": [0, 0, 0.2, 0.2], "texture": "#0"},
				"west": {"uv": [0, 0, 3.2625, 0.2], "texture": "#0"},
				"up": {"uv": [0, 0, 0.2, 3.2625], "texture": "#0"},
				"down": {"uv": [0, 0, 0.2, 3.2625], "texture": "#0"}
			}
		},
		{
			"from": [7.8, 8.36976, 20.58579],
			"to": [8.2, 8.76976, 20.68579],
			"rotation": {"angle": 0, "axis": "y", "origin": [8, 7.01976, 2.49829]},
			"faces": {
				"north": {"uv": [0, 0, 0.2, 0.2], "texture": "#0"},
				"east": {"uv": [0, 0, 0.05, 0.2], "texture": "#0"},
				"south": {"uv": [0, 0, 0.2, 0.2], "texture": "#0"},
				"west": {"uv": [0, 0, 0.05, 0.2], "texture": "#0"},
				"up": {"uv": [0, 0, 0.2, 0.05], "texture": "#0"},
				"down": {"uv": [0, 0, 0.2, 0.05], "texture": "#0"}
			}
		},
		{
			"from": [7.9, 8.46976, 20.68579],
			"to": [8.1, 8.66976, 20.71079],
			"rotation": {"angle": 0, "axis": "y", "origin": [8, 7.01976, 2.49829]},
			"faces": {
				"north": {"uv": [0, 0, 0.1, 0.1], "texture": "#3"},
				"east": {"uv": [0, 0, 0.0125, 0.1], "texture": "#3"},
				"south": {"uv": [0, 0, 0.1, 0.1], "texture": "#3"},
				"west": {"uv": [0, 0, 0.0125, 0.1], "texture": "#3"},
				"up": {"uv": [0, 0, 0.1, 0.0125], "texture": "#3"},
				"down": {"uv": [0, 0, 0.1, 0.0125], "texture": "#3"}
			}
		},
		{
			"from": [7.4, 9.34476, 7.73579],
			"to": [8.6, 9.44476, 13.36079],
			"rotation": {"angle": 0, "axis": "y", "origin": [8, 7.01976, 2.49829]},
			"faces": {
				"north": {"uv": [0, 0, 0.6, 0.05], "texture": "#9"},
				"east": {"uv": [0, 0, 2.8125, 0.05], "texture": "#9"},
				"south": {"uv": [0, 0, 0.6, 0.05], "texture": "#9"},
				"west": {"uv": [0, 0, 2.8125, 0.05], "texture": "#9"},
				"up": {"uv": [0, 0, 0.6, 2.8125], "texture": "#9"},
				"down": {"uv": [0, 0, 0.6, 2.8125], "texture": "#9"}
			}
		},
		{
			"from": [7.4, 7.79476, 7.73579],
			"to": [8.6, 7.89476, 13.36079],
			"rotation": {"angle": 0, "axis": "y", "origin": [8, 7.01976, 2.49829]},
			"faces": {
				"north": {"uv": [0, 0, 0.6, 0.05], "texture": "#9"},
				"east": {"uv": [0, 0, 2.8125, 0.05], "texture": "#9"},
				"south": {"uv": [0, 0, 0.6, 0.05], "texture": "#9"},
				"west": {"uv": [0, 0, 2.8125, 0.05], "texture": "#9"},
				"up": {"uv": [0, 0, 0.6, 2.8125], "texture": "#9"},
				"down": {"uv": [0, 0, 0.6, 2.8125], "texture": "#9"}
			}
		},
		{
			"from": [8.5, 7.89476, 7.73579],
			"to": [8.6, 9.01976, 13.36079],
			"rotation": {"angle": 0, "axis": "y", "origin": [8, 7.01976, 2.49829]},
			"faces": {
				"north": {"uv": [0, 0, 0.05, 0.5625], "texture": "#9"},
				"east": {"uv": [0, 0, 2.8125, 0.5625], "texture": "#9"},
				"south": {"uv": [0, 0, 0.05, 0.5625], "texture": "#9"},
				"west": {"uv": [0, 0, 2.8125, 0.5625], "texture": "#9"},
				"up": {"uv": [0, 0, 0.05, 2.8125], "texture": "#9"},
				"down": {"uv": [0, 0, 0.05, 2.8125], "texture": "#9"}
			}
		},
		{
			"from": [8.5, 9.01976, 11.93579],
			"to": [8.6, 9.19476, 13.36079],
			"rotation": {"angle": 0, "axis": "y", "origin": [8, 7.01976, 2.49829]},
			"faces": {
				"north": {"uv": [0, 0, 0.05, 0.0875], "texture": "#9"},
				"east": {"uv": [0, 0, 0.7125, 0.0875], "texture": "#9"},
				"south": {"uv": [0, 0, 0.05, 0.0875], "texture": "#9"},
				"west": {"uv": [0, 0, 0.7125, 0.0875], "texture": "#9"},
				"up": {"uv": [0, 0, 0.05, 0.7125], "texture": "#9"},
				"down": {"uv": [0, 0, 0.05, 0.7125], "texture": "#9"}
			}
		},
		{
			"from": [8.5, 9.01976, 7.73579],
			"to": [8.6, 9.19476, 8.76079],
			"rotation": {"angle": 0, "axis": "y", "origin": [8, 7.01976, 2.49829]},
			"faces": {
				"north": {"uv": [0, 0, 0.05, 0.0875], "texture": "#9"},
				"east": {"uv": [0, 0, 0.5125, 0.0875], "texture": "#9"},
				"south": {"uv": [0, 0, 0.05, 0.0875], "texture": "#9"},
				"west": {"uv": [0, 0, 0.5125, 0.0875], "texture": "#9"},
				"up": {"uv": [0, 0, 0.05, 0.5125], "texture": "#9"},
				"down": {"uv": [0, 0, 0.05, 0.5125], "texture": "#9"}
			}
		},
		{
			"from": [8.5, 9.19476, 7.73579],
			"to": [8.6, 9.34476, 13.36079],
			"rotation": {"angle": 0, "axis": "y", "origin": [8, 7.01976, 2.49829]},
			"faces": {
				"north": {"uv": [0, 0, 0.05, 0.075], "texture": "#9"},
				"east": {"uv": [0, 0, 2.8125, 0.075], "texture": "#9"},
				"south": {"uv": [0, 0, 0.05, 0.075], "texture": "#9"},
				"west": {"uv": [0, 0, 2.8125, 0.075], "texture": "#9"},
				"up": {"uv": [0, 0, 0.05, 2.8125], "texture": "#9"},
				"down": {"uv": [0, 0, 0.05, 2.8125], "texture": "#9"}
			}
		},
		{
			"from": [8.5, 9.01976, 9.16079],
			"to": [8.6, 9.19476, 10.18579],
			"rotation": {"angle": 0, "axis": "y", "origin": [8, 7.01976, 2.49829]},
			"faces": {
				"north": {"uv": [0, 0, 0.05, 0.0875], "texture": "#9"},
				"east": {"uv": [0, 0, 0.5125, 0.0875], "texture": "#9"},
				"south": {"uv": [0, 0, 0.05, 0.0875], "texture": "#9"},
				"west": {"uv": [0, 0, 0.5125, 0.0875], "texture": "#9"},
				"up": {"uv": [0, 0, 0.05, 0.5125], "texture": "#9"},
				"down": {"uv": [0, 0, 0.05, 0.5125], "texture": "#9"}
			}
		},
		{
			"from": [8.5, 9.01976, 10.58579],
			"to": [8.6, 9.19476, 11.53579],
			"rotation": {"angle": 0, "axis": "y", "origin": [8, 7.01976, 2.49829]},
			"faces": {
				"north": {"uv": [0, 0, 0.05, 0.0875], "texture": "#9"},
				"east": {"uv": [0, 0, 0.475, 0.0875], "texture": "#9"},
				"south": {"uv": [0, 0, 0.05, 0.0875], "texture": "#9"},
				"west": {"uv": [0, 0, 0.475, 0.0875], "texture": "#9"},
				"up": {"uv": [0, 0, 0.05, 0.475], "texture": "#9"},
				"down": {"uv": [0, 0, 0.05, 0.475], "texture": "#9"}
			}
		},
		{
			"from": [7.4, 9.01976, 7.73579],
			"to": [7.5, 9.19476, 8.76079],
			"rotation": {"angle": 0, "axis": "y", "origin": [8, 7.01976, 2.49829]},
			"faces": {
				"north": {"uv": [0, 0, 0.05, 0.0875], "texture": "#9"},
				"east": {"uv": [0, 0, 0.5125, 0.0875], "texture": "#9"},
				"south": {"uv": [0, 0, 0.05, 0.0875], "texture": "#9"},
				"west": {"uv": [0, 0, 0.5125, 0.0875], "texture": "#9"},
				"up": {"uv": [0, 0, 0.05, 0.5125], "texture": "#9"},
				"down": {"uv": [0, 0, 0.05, 0.5125], "texture": "#9"}
			}
		},
		{
			"from": [7.4, 9.19476, 7.73579],
			"to": [7.5, 9.34476, 13.36079],
			"rotation": {"angle": 0, "axis": "y", "origin": [8, 7.01976, 2.49829]},
			"faces": {
				"north": {"uv": [0, 0, 0.05, 0.075], "texture": "#9"},
				"east": {"uv": [0, 0, 2.8125, 0.075], "texture": "#9"},
				"south": {"uv": [0, 0, 0.05, 0.075], "texture": "#9"},
				"west": {"uv": [0, 0, 2.8125, 0.075], "texture": "#9"},
				"up": {"uv": [0, 0, 0.05, 2.8125], "texture": "#9"},
				"down": {"uv": [0, 0, 0.05, 2.8125], "texture": "#9"}
			}
		},
		{
			"from": [7.4, 9.01976, 9.16079],
			"to": [7.5, 9.19476, 10.18579],
			"rotation": {"angle": 0, "axis": "y", "origin": [8, 7.01976, 2.49829]},
			"faces": {
				"north": {"uv": [0, 0, 0.05, 0.0875], "texture": "#9"},
				"east": {"uv": [0, 0, 0.5125, 0.0875], "texture": "#9"},
				"south": {"uv": [0, 0, 0.05, 0.0875], "texture": "#9"},
				"west": {"uv": [0, 0, 0.5125, 0.0875], "texture": "#9"},
				"up": {"uv": [0, 0, 0.05, 0.5125], "texture": "#9"},
				"down": {"uv": [0, 0, 0.05, 0.5125], "texture": "#9"}
			}
		},
		{
			"from": [7.4, 9.01976, 10.58579],
			"to": [7.5, 9.19476, 11.53579],
			"rotation": {"angle": 0, "axis": "y", "origin": [8, 7.01976, 2.49829]},
			"faces": {
				"north": {"uv": [0, 0, 0.05, 0.0875], "texture": "#9"},
				"east": {"uv": [0, 0, 0.475, 0.0875], "texture": "#9"},
				"south": {"uv": [0, 0, 0.05, 0.0875], "texture": "#9"},
				"west": {"uv": [0, 0, 0.475, 0.0875], "texture": "#9"},
				"up": {"uv": [0, 0, 0.05, 0.475], "texture": "#9"},
				"down": {"uv": [0, 0, 0.05, 0.475], "texture": "#9"}
			}
		},
		{
			"from": [7.4, 7.89476, 7.73579],
			"to": [7.5, 9.01976, 13.36079],
			"rotation": {"angle": 0, "axis": "y", "origin": [8, 7.01976, 2.49829]},
			"faces": {
				"north": {"uv": [0, 0, 0.05, 0.5625], "texture": "#9"},
				"east": {"uv": [0, 0, 2.8125, 0.5625], "texture": "#9"},
				"south": {"uv": [0, 0, 0.05, 0.5625], "texture": "#9"},
				"west": {"uv": [0, 0, 2.8125, 0.5625], "texture": "#9"},
				"up": {"uv": [0, 0, 0.05, 2.8125], "texture": "#9"},
				"down": {"uv": [0, 0, 0.05, 2.8125], "texture": "#9"}
			}
		},
		{
			"from": [7.4, 9.01976, 11.93579],
			"to": [7.5, 9.19476, 13.36079],
			"rotation": {"angle": 0, "axis": "y", "origin": [8, 7.01976, 2.49829]},
			"faces": {
				"north": {"uv": [0, 0, 0.05, 0.0875], "texture": "#9"},
				"east": {"uv": [0, 0, 0.7125, 0.0875], "texture": "#9"},
				"south": {"uv": [0, 0, 0.05, 0.0875], "texture": "#9"},
				"west": {"uv": [0, 0, 0.7125, 0.0875], "texture": "#9"},
				"up": {"uv": [0, 0, 0.05, 0.7125], "texture": "#9"},
				"down": {"uv": [0, 0, 0.05, 0.7125], "texture": "#9"}
			}
		},
		{
			"from": [7.5, 7.89476, 7.73579],
			"to": [8.5, 9.34476, 9.16079],
			"rotation": {"angle": 0, "axis": "y", "origin": [8, 7.01976, 2.49829]},
			"faces": {
				"north": {"uv": [0, 0, 0.5, 0.725], "texture": "#4"},
				"east": {"uv": [0, 0, 0.7125, 0.725], "texture": "#4"},
				"south": {"uv": [0, 0, 0.5, 0.725], "texture": "#4"},
				"west": {"uv": [0, 0, 0.7125, 0.725], "texture": "#4"},
				"up": {"uv": [0, 0, 0.5, 0.7125], "texture": "#4"},
				"down": {"uv": [0, 0, 0.5, 0.7125], "texture": "#4"}
			}
		},
		{
			"from": [7.5, 7.89476, 9.16079],
			"to": [8.5, 9.34476, 10.58579],
			"rotation": {"angle": 0, "axis": "y", "origin": [8, 7.01976, 2.49829]},
			"faces": {
				"north": {"uv": [0, 0, 0.5, 0.725], "texture": "#4"},
				"east": {"uv": [0, 0, 0.7125, 0.725], "texture": "#4"},
				"south": {"uv": [0, 0, 0.5, 0.725], "texture": "#4"},
				"west": {"uv": [0, 0, 0.7125, 0.725], "texture": "#4"},
				"up": {"uv": [0, 0, 0.5, 0.7125], "texture": "#4"},
				"down": {"uv": [0, 0, 0.5, 0.7125], "texture": "#4"}
			}
		},
		{
			"from": [7.5, 7.89476, 10.58579],
			"to": [8.5, 9.34476, 11.93579],
			"rotation": {"angle": 0, "axis": "y", "origin": [8, 7.01976, 2.49829]},
			"faces": {
				"north": {"uv": [0, 0, 0.5, 0.725], "texture": "#4"},
				"east": {"uv": [0, 0, 0.675, 0.725], "texture": "#4"},
				"south": {"uv": [0, 0, 0.5, 0.725], "texture": "#4"},
				"west": {"uv": [0, 0, 0.675, 0.725], "texture": "#4"},
				"up": {"uv": [0, 0, 0.5, 0.675], "texture": "#4"},
				"down": {"uv": [0, 0, 0.5, 0.675], "texture": "#4"}
			}
		},
		{
			"from": [7.5, 7.89476, 11.93579],
			"to": [8.5, 9.34476, 13.36079],
			"rotation": {"angle": 0, "axis": "y", "origin": [8, 7.01976, 2.49829]},
			"faces": {
				"north": {"uv": [0, 0, 0.5, 0.725], "texture": "#4"},
				"east": {"uv": [0, 0, 0.7125, 0.725], "texture": "#4"},
				"south": {"uv": [0, 0, 0.5, 0.725], "texture": "#4"},
				"west": {"uv": [0, 0, 0.7125, 0.725], "texture": "#4"},
				"up": {"uv": [0, 0, 0.5, 0.7125], "texture": "#4"},
				"down": {"uv": [0, 0, 0.5, 0.7125], "texture": "#4"}
			}
		}
	],
	"display": {
		"thirdperson_righthand": {
			"rotation": [0, 180, 0],
			"translation": [0, 0.75, -4.25],
			"scale": [0.98, 0.98, 0.98]
		},
		"thirdperson_lefthand": {
			"rotation": [0, 180, 0],
			"translation": [0, 0.75, -4.25],
			"scale": [0.98, 0.98, 0.98]
		},
		"firstperson_righthand": {
			"rotation": [0, 180, 0],
			"translation": [-7, 16.5, 6.5],
			"scale": [0.52, 0.52, 0.52]
		},
		"firstperson_lefthand": {
			"rotation": [0, 180, 0],
			"translation": [-7, 100, 6.5],
			"scale": [0.52, 0.52, 0.52]
		},
		"ground": {
			"rotation": [0, 0, 90]
		},
		"gui": {
			"rotation": [30, -124, 0],
			"translation": [0, 0.25, 0],
			"scale": [0.74, 0.74, 0.74]
		},
		"head": {
			"rotation": [0, -90, 0],
			"translation": [-2, 1.5, 0],
			"scale": [2, 2, 2]
		},
		"fixed": {
			"rotation": [0, 90, 0],
			"scale": [1.51, 1.51, 1.51]
		}
	},
	"groups": [
		0,
		1,
		2,
		3,
		4,
		5,
		6,
		7,
		8,
		9,
		10,
		11,
		12,
		13,
		14,
		15,
		16,
		17,
		18,
		19,
		20,
		21,
		22,
		23,
		24,
		25,
		26,
		27,
		28,
		29,
		30,
		31,
		32,
		33,
		34,
		35,
		36,
		37,
		38,
		39,
		40,
		{
			"name": "Cano Detalhe",
			"origin": [8, 7.01976, 2.49829],
			"color": 0,
			"children": [41, 42, 43, 44, 45, 46, 47, 48, 49, 50, 51, 52, 53, 54]
		},
		55,
		56,
		57,
		58
	]
}