{
	"credit": "Made with Blockbench",
	"texture_size": [32, 32],
	"textures": {
		"0": "block/anvil",
		"1": "block/andesite",
		"2": "block/gray_concrete",
		"3": "block/cyan_terracotta",
		"4": "block/black_concrete",
		"5": "block/lime_concrete",
		"6": "block/blast_furnace_top",
		"particle": "block/anvil"
	},
	"elements": [
		{
			"from": [7.2, 3.1, 1.7],
			"to": [8.8, 3.6, 4.7],
			"faces": {
				"north": {"uv": [0, 0, 0.8, 0.25], "texture": "#1"},
				"east": {"uv": [0, 0, 1.5, 0.25], "texture": "#1"},
				"south": {"uv": [0, 0, 0.8, 0.25], "texture": "#1"},
				"west": {"uv": [0, 0, 1.5, 0.25], "texture": "#1"},
				"up": {"uv": [0, 0, 0.8, 1.5], "texture": "#1"},
				"down": {"uv": [0, 0, 0.8, 1.5], "texture": "#1"}
			}
		},
		{
			"from": [7, 3.2, 1.4],
			"to": [9, 3.6, 5.7],
			"faces": {
				"north": {"uv": [0, 0, 1, 0.2], "texture": "#2"},
				"east": {"uv": [0, 0, 2.15, 0.2], "texture": "#2"},
				"south": {"uv": [0, 0, 1, 0.2], "texture": "#2"},
				"west": {"uv": [0, 0, 2.15, 0.2], "texture": "#2"},
				"up": {"uv": [0, 0, 1, 2.15], "texture": "#2"},
				"down": {"uv": [0, 0, 1, 2.15], "texture": "#2"}
			}
		},
		{
			"from": [7.05, 3.6, 1.425],
			"to": [8.95, 4.5, 3.7],
			"faces": {
				"north": {"uv": [2, 1.5, 2.95, 1.95], "texture": "#6"},
				"east": {"uv": [2, 1.5, 3.1375, 1.95], "texture": "#6"},
				"south": {"uv": [2, 1.5, 2.95, 1.95], "texture": "#6"},
				"west": {"uv": [2, 1.5, 3.1375, 1.95], "texture": "#6"},
				"up": {"uv": [2, 1.5, 2.95, 2.6375], "texture": "#6"},
				"down": {"uv": [2, 1.5, 2.95, 2.6375], "texture": "#6"}
			}
		},
		{
			"from": [7, 8.74455, 1.60398],
			"to": [9, 9.34455, 3.35398],
			"rotation": {"angle": 22.5, "axis": "x", "origin": [8, 9.18205, 3.27898]},
			"faces": {
				"north": {"uv": [0, 0, 1, 0.3], "rotation": 180, "texture": "#2"},
				"east": {"uv": [0, 0, 0.3, 0.875], "rotation": 90, "texture": "#2"},
				"south": {"uv": [0, 0, 1, 0.3], "texture": "#2"},
				"west": {"uv": [0, 0, 0.3, 0.875], "rotation": 270, "texture": "#2"},
				"up": {"uv": [0, 0, 1, 0.875], "texture": "#2"},
				"down": {"uv": [0, 0, 1, 0.875], "rotation": 180, "texture": "#2"}
			}
		},
		{
			"from": [6.975, 9.40774, 1.56382],
			"to": [9.025, 11.45774, 3.16382],
			"rotation": {"angle": 0, "axis": "x", "origin": [8, 6.90774, 4.23882]},
			"faces": {
				"north": {"uv": [0, 0, 1.025, 1.025], "texture": "#2"},
				"east": {"uv": [0, 0, 0.8, 1.025], "texture": "#2"},
				"south": {"uv": [0, 0, 1.025, 1.025], "texture": "#2"},
				"west": {"uv": [0, 0, 0.8, 1.025], "texture": "#2"},
				"up": {"uv": [0, 0, 1.025, 0.8], "texture": "#2"},
				"down": {"uv": [0, 0, 1.025, 0.8], "texture": "#2"}
			}
		},
		{
			"from": [6.975, 11.45774, 2.38882],
			"to": [9.025, 12.30774, 3.16382],
			"rotation": {"angle": 0, "axis": "y", "origin": [8, 6.90774, 4.23882]},
			"faces": {
				"north": {"uv": [0, 0, 1.025, 0.425], "texture": "#2"},
				"east": {"uv": [0, 0, 0.3875, 0.425], "texture": "#2"},
				"south": {"uv": [0, 0, 1.025, 0.425], "texture": "#2"},
				"west": {"uv": [0, 0, 0.3875, 0.425], "texture": "#2"},
				"up": {"uv": [0, 0, 1.025, 0.3875], "texture": "#2"},
				"down": {"uv": [0, 0, 1.025, 0.3875], "texture": "#2"}
			}
		},
		{
			"from": [7.3, 12.30774, 2.61382],
			"to": [8.7, 12.55774, 4.41382],
			"rotation": {"angle": 0, "axis": "x", "origin": [8, 6.90774, 4.23882]},
			"faces": {
				"north": {"uv": [0, 0, 0.7, 0.125], "texture": "#0"},
				"east": {"uv": [0, 0, 0.9, 0.125], "texture": "#0"},
				"south": {"uv": [0, 0, 0.7, 0.125], "texture": "#0"},
				"west": {"uv": [0, 0, 0.9, 0.125], "texture": "#0"},
				"up": {"uv": [0, 0, 0.7, 0.9], "texture": "#0"},
				"down": {"uv": [0, 0, 0.7, 0.9], "texture": "#0"}
			}
		},
		{
			"from": [7.3, 12.55774, 2.61382],
			"to": [7.7, 12.80774, 3.11382],
			"rotation": {"angle": 0, "axis": "x", "origin": [8, 6.90774, 4.23882]},
			"faces": {
				"north": {"uv": [0, 0, 0.2, 0.125], "texture": "#0"},
				"east": {"uv": [0, 0, 0.25, 0.125], "texture": "#0"},
				"south": {"uv": [0, 0, 0.2, 0.125], "texture": "#0"},
				"west": {"uv": [0, 0, 0.25, 0.125], "texture": "#0"},
				"up": {"uv": [0, 0, 0.2, 0.25], "texture": "#0"},
				"down": {"uv": [0, 0, 0.2, 0.25], "texture": "#0"}
			}
		},
		{
			"from": [8.4, 12.60774, 2.58882],
			"to": [8.6, 12.75774, 2.98882],
			"rotation": {"angle": 0, "axis": "x", "origin": [8, 6.90774, 4.23882]},
			"faces": {
				"north": {"uv": [0, 0, 0.1, 0.075], "texture": "#5"},
				"east": {"uv": [0, 0, 0.2, 0.075], "texture": "#5"},
				"south": {"uv": [0, 0, 0.1, 0.075], "texture": "#5"},
				"west": {"uv": [0, 0, 0.2, 0.075], "texture": "#5"},
				"up": {"uv": [0, 0, 0.1, 0.2], "texture": "#5"},
				"down": {"uv": [0, 0, 0.1, 0.2], "texture": "#5"}
			}
		},
		{
			"from": [7.4, 12.60774, 2.58882],
			"to": [7.6, 12.75774, 2.88882],
			"rotation": {"angle": 0, "axis": "x", "origin": [8, 6.90774, 4.23882]},
			"faces": {
				"north": {"uv": [0, 0, 0.1, 0.075], "texture": "#5"},
				"east": {"uv": [0, 0, 0.15, 0.075], "texture": "#5"},
				"south": {"uv": [0, 0, 0.1, 0.075], "texture": "#5"},
				"west": {"uv": [0, 0, 0.15, 0.075], "texture": "#5"},
				"up": {"uv": [0, 0, 0.1, 0.15], "texture": "#5"},
				"down": {"uv": [0, 0, 0.1, 0.15], "texture": "#5"}
			}
		},
		{
			"from": [7.9, 12.60774, 13.98882],
			"to": [8.1, 12.75774, 14.51382],
			"rotation": {"angle": 0, "axis": "x", "origin": [8, 6.90774, 4.23882]},
			"faces": {
				"north": {"uv": [0, 0, 0.1, 0.075], "texture": "#5"},
				"east": {"uv": [0, 0, 0.2625, 0.075], "texture": "#5"},
				"south": {"uv": [0, 0, 0.1, 0.075], "texture": "#5"},
				"west": {"uv": [0, 0, 0.2625, 0.075], "texture": "#5"},
				"up": {"uv": [0, 0, 0.1, 0.2625], "texture": "#5"},
				"down": {"uv": [0, 0, 0.1, 0.2625], "texture": "#5"}
			}
		},
		{
			"from": [8.3, 12.55774, 2.61382],
			"to": [8.7, 12.80774, 3.11382],
			"rotation": {"angle": 0, "axis": "x", "origin": [8, 6.90774, 4.23882]},
			"faces": {
				"north": {"uv": [0, 0, 0.2, 0.125], "texture": "#0"},
				"east": {"uv": [0, 0, 0.25, 0.125], "texture": "#0"},
				"south": {"uv": [0, 0, 0.2, 0.125], "texture": "#0"},
				"west": {"uv": [0, 0, 0.25, 0.125], "texture": "#0"},
				"up": {"uv": [0, 0, 0.2, 0.25], "texture": "#0"},
				"down": {"uv": [0, 0, 0.2, 0.25], "texture": "#0"}
			}
		},
		{
			"from": [7, 11.35629, 1.88936],
			"to": [9, 12.25629, 3.08936],
			"rotation": {"angle": -45, "axis": "x", "origin": [8, 11.45629, 2.68936]},
			"faces": {
				"north": {"uv": [0, 0, 1, 0.45], "rotation": 180, "texture": "#2"},
				"east": {"uv": [0, 0, 0.45, 0.6], "rotation": 270, "texture": "#2"},
				"south": {"uv": [0, 0, 1, 0.45], "texture": "#2"},
				"west": {"uv": [0, 0, 0.45, 0.6], "rotation": 90, "texture": "#2"},
				"up": {"uv": [0, 0, 1, 0.6], "rotation": 180, "texture": "#2"},
				"down": {"uv": [0, 0, 1, 0.6], "texture": "#2"}
			}
		},
		{
			"from": [7.4, 8.40774, 9.91382],
			"to": [8.6, 9.50774, 10.21382],
			"rotation": {"angle": 0, "axis": "x", "origin": [8, 6.90774, 4.23882]},
			"faces": {
				"north": {"uv": [0, 0, 0.6, 0.55], "texture": "#0"},
				"east": {"uv": [0, 0, 0.15, 0.55], "texture": "#0"},
				"south": {"uv": [0, 0, 0.6, 0.55], "texture": "#0"},
				"west": {"uv": [0, 0, 0.15, 0.55], "texture": "#0"},
				"up": {"uv": [0, 0, 0.6, 0.15], "texture": "#0"},
				"down": {"uv": [0, 0, 0.6, 0.15], "texture": "#0"}
			}
		},
		{
			"from": [7.4, 7.83274, 9.68882],
			"to": [8.6, 8.43274, 9.98882],
			"rotation": {"angle": 22.5, "axis": "x", "origin": [8, 7.85774, 10.06382]},
			"faces": {
				"north": {"uv": [0, 0, 0.6, 0.3], "texture": "#0"},
				"east": {"uv": [0, 0, 0.15, 0.3], "texture": "#0"},
				"south": {"uv": [0, 0, 0.6, 0.3], "texture": "#0"},
				"west": {"uv": [0, 0, 0.15, 0.3], "texture": "#0"},
				"up": {"uv": [0, 0, 0.6, 0.15], "texture": "#0"},
				"down": {"uv": [0, 0, 0.6, 0.15], "texture": "#0"}
			}
		},
		{
			"from": [7.4, 7.87291, 9.16118],
			"to": [8.6, 8.09791, 9.86118],
			"rotation": {"angle": -22.5, "axis": "x", "origin": [8, 8.19791, 9.96118]},
			"faces": {
				"north": {"uv": [0, 0, 0.6, 0.1125], "rotation": 180, "texture": "#0"},
				"east": {"uv": [0, 0, 0.1125, 0.35], "rotation": 270, "texture": "#0"},
				"south": {"uv": [0, 0, 0.6, 0.1125], "texture": "#0"},
				"west": {"uv": [0, 0, 0.1125, 0.35], "rotation": 90, "texture": "#0"},
				"up": {"uv": [0, 0, 0.6, 0.35], "rotation": 180, "texture": "#0"},
				"down": {"uv": [0, 0, 0.6, 0.35], "texture": "#0"}
			}
		},
		{
			"from": [7.4, 7.59188, 6.50176],
			"to": [8.6, 7.81688, 9.35176],
			"rotation": {"angle": 0, "axis": "x", "origin": [8, 7.82938, 9.62676]},
			"faces": {
				"north": {"uv": [0, 0, 0.6, 0.1125], "rotation": 180, "texture": "#0"},
				"east": {"uv": [0, 0, 0.1125, 1.425], "rotation": 270, "texture": "#0"},
				"south": {"uv": [0, 0, 0.6, 0.1125], "texture": "#0"},
				"west": {"uv": [0, 0, 0.1125, 1.425], "rotation": 90, "texture": "#0"},
				"up": {"uv": [0, 0, 0.6, 1.425], "rotation": 180, "texture": "#0"},
				"down": {"uv": [0, 0, 0.6, 1.425], "texture": "#0"}
			}
		},
		{
			"from": [7.6, 8.19188, 7.62676],
			"to": [8.4, 9.51688, 7.85176],
			"rotation": {"angle": 0, "axis": "x", "origin": [8, 7.82938, 9.62676]},
			"faces": {
				"north": {"uv": [0, 0, 0.4, 0.6625], "rotation": 180, "texture": "#0"},
				"east": {"uv": [0, 0, 0.6625, 0.1125], "rotation": 270, "texture": "#0"},
				"south": {"uv": [0, 0, 0.4, 0.6625], "texture": "#0"},
				"west": {"uv": [0, 0, 0.6625, 0.1125], "rotation": 90, "texture": "#0"},
				"up": {"uv": [0, 0, 0.4, 0.1125], "rotation": 180, "texture": "#0"},
				"down": {"uv": [0, 0, 0.4, 0.1125], "texture": "#0"}
			}
		},
		{
			"from": [7.6, 7.99188, 7.12676],
			"to": [8.4, 8.49188, 7.40176],
			"rotation": {"angle": -45, "axis": "x", "origin": [8, 8.95438, 7.72676]},
			"faces": {
				"north": {"uv": [0, 0, 0.4, 0.25], "rotation": 180, "texture": "#0"},
				"east": {"uv": [0, 0, 0.25, 0.1375], "rotation": 270, "texture": "#0"},
				"south": {"uv": [0, 0, 0.4, 0.25], "texture": "#0"},
				"west": {"uv": [0, 0, 0.25, 0.1375], "rotation": 90, "texture": "#0"},
				"up": {"uv": [0, 0, 0.4, 0.1375], "rotation": 180, "texture": "#0"},
				"down": {"uv": [0, 0, 0.4, 0.1375], "texture": "#0"}
			}
		},
		{
			"from": [8, 9.50774, 7.51382],
			"to": [9, 12.30774, 10.01382],
			"rotation": {"angle": 0, "axis": "x", "origin": [8, 6.90774, 4.23882]},
			"faces": {
				"north": {"uv": [0, 0, 0.5, 1.4], "texture": "#2"},
				"east": {"uv": [0, 0, 1.25, 1.4], "texture": "#2"},
				"south": {"uv": [0, 0, 0.5, 1.4], "texture": "#2"},
				"west": {"uv": [0, 0, 1.25, 1.4], "texture": "#2"},
				"up": {"uv": [0, 0, 0.5, 1.25], "texture": "#2"},
				"down": {"uv": [0, 0, 0.5, 1.25], "texture": "#2"}
			}
		},
		{
			"from": [7.025, 11.30774, 7.51382],
			"to": [7.975, 12.25774, 10.01382],
			"rotation": {"angle": 0, "axis": "x", "origin": [8, 6.90774, 4.23882]},
			"faces": {
				"north": {"uv": [0, 0, 0.475, 0.475], "texture": "#1"},
				"east": {"uv": [0, 0, 1.25, 0.475], "texture": "#1"},
				"south": {"uv": [0, 0, 0.475, 0.475], "texture": "#1"},
				"west": {"uv": [0, 0, 1.25, 0.475], "texture": "#1"},
				"up": {"uv": [0, 0, 0.475, 1.25], "texture": "#1"},
				"down": {"uv": [0, 0, 0.475, 1.25], "texture": "#1"}
			}
		},
		{
			"from": [6.975, 9.50774, 7.51382],
			"to": [7.975, 11.30774, 10.01382],
			"rotation": {"angle": 0, "axis": "x", "origin": [8, 6.90774, 4.23882]},
			"faces": {
				"north": {"uv": [0, 0, 0.5, 0.9], "texture": "#2"},
				"east": {"uv": [0, 0, 1.25, 0.9], "texture": "#2"},
				"south": {"uv": [0, 0, 0.5, 0.9], "texture": "#2"},
				"west": {"uv": [0, 0, 1.25, 0.9], "texture": "#2"},
				"up": {"uv": [0, 0, 0.5, 1.25], "texture": "#2"},
				"down": {"uv": [0, 0, 0.5, 1.25], "texture": "#2"}
			}
		},
		{
			"from": [7, 9.50774, 10.01382],
			"to": [9, 12.30774, 11.01382],
			"rotation": {"angle": 0, "axis": "x", "origin": [8, 6.90774, 4.23882]},
			"faces": {
				"north": {"uv": [0, 0, 1, 1.4], "texture": "#2"},
				"east": {"uv": [0, 0, 0.5, 1.4], "texture": "#2"},
				"south": {"uv": [0, 0, 1, 1.4], "texture": "#2"},
				"west": {"uv": [0, 0, 0.5, 1.4], "texture": "#2"},
				"up": {"uv": [0, 0, 1, 0.5], "texture": "#2"},
				"down": {"uv": [0, 0, 1, 0.5], "texture": "#2"}
			}
		},
		{
			"from": [7, 9.50774, 6.51382],
			"to": [9, 12.30774, 7.51382],
			"rotation": {"angle": 0, "axis": "x", "origin": [8, 6.90774, 4.23882]},
			"faces": {
				"north": {"uv": [0, 0, 1, 1.4], "texture": "#2"},
				"east": {"uv": [0, 0, 0.5, 1.4], "texture": "#2"},
				"south": {"uv": [0, 0, 1, 1.4], "texture": "#2"},
				"west": {"uv": [0, 0, 0.5, 1.4], "texture": "#2"},
				"up": {"uv": [0, 0, 1, 0.5], "texture": "#2"},
				"down": {"uv": [0, 0, 1, 0.5], "texture": "#2"}
			}
		},
		{
			"from": [7.7, 12.20774, 14.01382],
			"to": [8.3, 12.80774, 15.01382],
			"rotation": {"angle": 0, "axis": "x", "origin": [8, 6.90774, 4.23882]},
			"faces": {
				"north": {"uv": [0, 0, 0.3, 0.3], "texture": "#0"},
				"east": {"uv": [0, 0, 0.5, 0.3], "texture": "#0"},
				"south": {"uv": [0, 0, 0.3, 0.3], "texture": "#0"},
				"west": {"uv": [0, 0, 0.5, 0.3], "texture": "#0"},
				"up": {"uv": [0, 0, 0.3, 0.5], "texture": "#0"},
				"down": {"uv": [0, 0, 0.3, 0.5], "texture": "#0"}
			}
		},
		{
			"from": [7.2, 10.40774, 11.01382],
			"to": [8.8, 12.20774, 15.41382],
			"rotation": {"angle": 0, "axis": "x", "origin": [8, 6.90774, 4.23882]},
			"faces": {
				"north": {"uv": [0, 0, 0.8, 0.9], "texture": "#3"},
				"east": {"uv": [0, 0, 2.2, 0.9], "texture": "#3"},
				"south": {"uv": [0, 0, 0.8, 0.9], "texture": "#3"},
				"west": {"uv": [0, 0, 2.2, 0.9], "texture": "#3"},
				"up": {"uv": [0, 0, 0.8, 2.2], "texture": "#3"},
				"down": {"uv": [0, 0, 0.8, 2.2], "texture": "#3"}
			}
		},
		{
			"from": [7.5, 10.90774, 11.08882],
			"to": [8.5, 11.90774, 15.48882],
			"rotation": {"angle": 0, "axis": "x", "origin": [8, 6.90774, 4.23882]},
			"faces": {
				"north": {"uv": [0, 0, 0.5, 0.5], "texture": "#4"},
				"east": {"uv": [0, 0, 2.2, 0.5], "texture": "#4"},
				"south": {"uv": [0, 0, 0.5, 0.5], "texture": "#4"},
				"west": {"uv": [0, 0, 2.2, 0.5], "texture": "#4"},
				"up": {"uv": [0, 0, 0.5, 2.2], "texture": "#4"},
				"down": {"uv": [0, 0, 0.5, 2.2], "texture": "#4"}
			}
		},
		{
			"from": [7.375, 9.48274, 14.21382],
			"to": [8.625, 10.40774, 14.31382],
			"rotation": {"angle": 0, "axis": "x", "origin": [8, 6.90774, 4.23882]},
			"faces": {
				"north": {"uv": [0, 0, 0.625, 0.7525], "texture": "#1"},
				"east": {"uv": [0, 0, 0.05, 0.7525], "texture": "#1"},
				"south": {"uv": [0, 0, 0.625, 0.7525], "texture": "#1"},
				"west": {"uv": [0, 0, 0.05, 0.7525], "texture": "#1"},
				"up": {"uv": [0, 0, 0.625, 0.05], "texture": "#1"},
				"down": {"uv": [0, 0, 0.625, 0.05], "texture": "#1"}
			}
		},
		{
			"from": [7.375, 9.48274, 12.21382],
			"to": [8.625, 10.40774, 12.31382],
			"rotation": {"angle": 0, "axis": "x", "origin": [8, 6.90774, 4.23882]},
			"faces": {
				"north": {"uv": [0, 0, 0.625, 0.7525], "texture": "#1"},
				"east": {"uv": [0, 0, 0.05, 0.7525], "texture": "#1"},
				"south": {"uv": [0, 0, 0.625, 0.7525], "texture": "#1"},
				"west": {"uv": [0, 0, 0.05, 0.7525], "texture": "#1"},
				"up": {"uv": [0, 0, 0.625, 0.05], "texture": "#1"},
				"down": {"uv": [0, 0, 0.625, 0.05], "texture": "#1"}
			}
		},
		{
			"from": [7.375, 9.48274, 11.21382],
			"to": [8.625, 10.40774, 11.31382],
			"rotation": {"angle": 0, "axis": "x", "origin": [8, 6.90774, 4.23882]},
			"faces": {
				"north": {"uv": [0, 0, 0.625, 0.7525], "texture": "#1"},
				"east": {"uv": [0, 0, 0.05, 0.7525], "texture": "#1"},
				"south": {"uv": [0, 0, 0.625, 0.7525], "texture": "#1"},
				"west": {"uv": [0, 0, 0.05, 0.7525], "texture": "#1"},
				"up": {"uv": [0, 0, 0.625, 0.05], "texture": "#1"},
				"down": {"uv": [0, 0, 0.625, 0.05], "texture": "#1"}
			}
		},
		{
			"from": [7.375, 9.48274, 13.21382],
			"to": [8.625, 10.40774, 13.31382],
			"rotation": {"angle": 0, "axis": "x", "origin": [8, 6.90774, 4.23882]},
			"faces": {
				"north": {"uv": [0, 0, 0.625, 0.7525], "texture": "#1"},
				"east": {"uv": [0, 0, 0.05, 0.7525], "texture": "#1"},
				"south": {"uv": [0, 0, 0.625, 0.7525], "texture": "#1"},
				"west": {"uv": [0, 0, 0.05, 0.7525], "texture": "#1"},
				"up": {"uv": [0, 0, 0.625, 0.05], "texture": "#1"},
				"down": {"uv": [0, 0, 0.625, 0.05], "texture": "#1"}
			}
		},
		{
			"from": [7.375, 9.48274, 12.71382],
			"to": [8.625, 10.40774, 12.81382],
			"rotation": {"angle": 0, "axis": "x", "origin": [8, 6.90774, 4.23882]},
			"faces": {
				"north": {"uv": [0, 0, 0.625, 0.7525], "texture": "#1"},
				"east": {"uv": [0, 0, 0.05, 0.7525], "texture": "#1"},
				"south": {"uv": [0, 0, 0.625, 0.7525], "texture": "#1"},
				"west": {"uv": [0, 0, 0.05, 0.7525], "texture": "#1"},
				"up": {"uv": [0, 0, 0.625, 0.05], "texture": "#1"},
				"down": {"uv": [0, 0, 0.625, 0.05], "texture": "#1"}
			}
		},
		{
			"from": [7.375, 9.48274, 11.71382],
			"to": [8.625, 10.40774, 11.81382],
			"rotation": {"angle": 0, "axis": "x", "origin": [8, 6.90774, 4.23882]},
			"faces": {
				"north": {"uv": [0, 0, 0.625, 0.7525], "texture": "#1"},
				"east": {"uv": [0, 0, 0.05, 0.7525], "texture": "#1"},
				"south": {"uv": [0, 0, 0.625, 0.7525], "texture": "#1"},
				"west": {"uv": [0, 0, 0.05, 0.7525], "texture": "#1"},
				"up": {"uv": [0, 0, 0.625, 0.05], "texture": "#1"},
				"down": {"uv": [0, 0, 0.625, 0.05], "texture": "#1"}
			}
		},
		{
			"from": [7.375, 9.48274, 13.71382],
			"to": [8.625, 10.40774, 13.81382],
			"rotation": {"angle": 0, "axis": "x", "origin": [8, 6.90774, 4.23882]},
			"faces": {
				"north": {"uv": [0, 0, 0.625, 0.7525], "texture": "#1"},
				"east": {"uv": [0, 0, 0.05, 0.7525], "texture": "#1"},
				"south": {"uv": [0, 0, 0.625, 0.7525], "texture": "#1"},
				"west": {"uv": [0, 0, 0.05, 0.7525], "texture": "#1"},
				"up": {"uv": [0, 0, 0.625, 0.05], "texture": "#1"},
				"down": {"uv": [0, 0, 0.625, 0.05], "texture": "#1"}
			}
		},
		{
			"from": [7.4, 9.50774, 11.01382],
			"to": [8.6, 10.40774, 14.41382],
			"rotation": {"angle": 0, "axis": "x", "origin": [8, 6.90774, 4.23882]},
			"faces": {
				"north": {"uv": [0, 0, 0.6, 0.45], "texture": "#3"},
				"east": {"uv": [0, 0, 1.7, 0.45], "texture": "#3"},
				"south": {"uv": [0, 0, 0.6, 0.45], "texture": "#3"},
				"west": {"uv": [0, 0, 1.7, 0.45], "texture": "#3"},
				"up": {"uv": [0, 0, 0.6, 1.7], "texture": "#3"},
				"down": {"uv": [0, 0, 0.6, 1.7], "texture": "#3"}
			}
		},
		{
			"from": [6.975, 7.40774, 3.16382],
			"to": [9.025, 12.30774, 6.51382],
			"rotation": {"angle": 0, "axis": "x", "origin": [8, 6.90774, 4.23882]},
			"faces": {
				"north": {"uv": [0, 0, 1.025, 2.45], "texture": "#2"},
				"east": {"uv": [0, 0, 1.675, 2.45], "texture": "#2"},
				"south": {"uv": [0, 0, 1.025, 2.45], "texture": "#2"},
				"west": {"uv": [0, 0, 1.675, 2.45], "texture": "#2"},
				"up": {"uv": [0, 0, 1.025, 1.675], "texture": "#2"},
				"down": {"uv": [0, 0, 1.025, 1.675], "texture": "#2"}
			}
		},
		{
			"from": [7, 4.95, 0.95],
			"to": [9, 8.3, 1.15],
			"rotation": {"angle": 22.5, "axis": "x", "origin": [8, 3.4, 3.3]},
			"faces": {
				"north": {"uv": [0, 0, 1, 1.675], "texture": "#2"},
				"east": {"uv": [0, 0, 0.1, 1.675], "texture": "#2"},
				"south": {"uv": [0, 0, 1, 1.675], "texture": "#2"},
				"west": {"uv": [0, 0, 0.1, 1.675], "texture": "#2"},
				"up": {"uv": [0, 0, 1, 0.1], "texture": "#2"},
				"down": {"uv": [0, 0, 1, 0.1], "texture": "#2"}
			}
		},
		{
			"from": [6.975, 5.20598, 1.72852],
			"to": [9.025, 5.75598, 1.90352],
			"rotation": {"angle": 0, "axis": "x", "origin": [8, 7.23098, 2.47852]},
			"faces": {
				"north": {"uv": [0, 0, 1.025, 0.275], "texture": "#2"},
				"east": {"uv": [0, 0, 0.0875, 0.275], "texture": "#2"},
				"south": {"uv": [0, 0, 1.025, 0.275], "texture": "#2"},
				"west": {"uv": [0, 0, 0.0875, 0.275], "texture": "#2"},
				"up": {"uv": [0, 0, 1.025, 0.0875], "texture": "#2"},
				"down": {"uv": [0, 0, 1.025, 0.0875], "texture": "#2"}
			}
		},
		{
			"from": [7.025, 3.7, 1.15],
			"to": [8.975, 8.3, 4.5],
			"rotation": {"angle": 22.5, "axis": "x", "origin": [8, 3.4, 3.3]},
			"faces": {
				"north": {"uv": [2, 1.5, 2.975, 3.8], "texture": "#6"},
				"east": {"uv": [2, 1.5, 3.675, 3.8], "texture": "#6"},
				"south": {"uv": [2, 1.5, 2.975, 3.8], "texture": "#6"},
				"west": {"uv": [2, 1.5, 3.675, 3.8], "texture": "#6"},
				"up": {"uv": [2, 1.5, 2.975, 3.175], "texture": "#6"},
				"down": {"uv": [2, 1.5, 2.975, 3.175], "texture": "#6"}
			}
		},
		{
			"from": [7.025, 4.1, 4.5],
			"to": [8.975, 7.6, 4.8],
			"rotation": {"angle": 22.5, "axis": "x", "origin": [8, 3.4, 3.3]},
			"faces": {
				"north": {"uv": [0, 0, 0.975, 1.75], "texture": "#2"},
				"east": {"uv": [0, 0, 0.15, 1.75], "texture": "#2"},
				"south": {"uv": [0, 0, 0.975, 1.75], "texture": "#2"},
				"west": {"uv": [0, 0, 0.15, 1.75], "texture": "#2"},
				"up": {"uv": [0, 0, 0.975, 0.15], "texture": "#2"},
				"down": {"uv": [0, 0, 0.975, 0.15], "texture": "#2"}
			}
		},
		{
			"from": [7, 6.69688, 5.98481],
			"to": [9, 7.47188, 6.28481],
			"rotation": {"angle": 0, "axis": "x", "origin": [8, 5.14688, 5.48481]},
			"faces": {
				"north": {"uv": [0, 0, 1, 0.3875], "texture": "#2"},
				"east": {"uv": [0, 0, 0.15, 0.3875], "texture": "#2"},
				"south": {"uv": [0, 0, 1, 0.3875], "texture": "#2"},
				"west": {"uv": [0, 0, 0.15, 0.3875], "texture": "#2"},
				"up": {"uv": [0, 0, 1, 0.15], "texture": "#2"},
				"down": {"uv": [0, 0, 1, 0.15], "texture": "#2"}
			}
		}
	],
	"display": {
		"thirdperson_righthand": {
			"rotation": [0, 180, 0],
			"translation": [0, -0.5, 0],
			"scale": [0.75, 0.75, 0.75]
		},
		"thirdperson_lefthand": {
			"rotation": [0, 180, 0],
			"translation": [0, -0.5, 0],
			"scale": [0.75, 0.75, 0.75]
		},
		"firstperson_righthand": {
			"rotation": [0, 180, 0],
			"translation": [1, 12.5, -2.5],
			"scale": [0.85, 0.85, 0.85]
		},
		"firstperson_lefthand": {
			"rotation": [0, 180, 0],
			"translation": [1, 12.5, -2.5],
			"scale": [0.85, 0.85, 0.85]
		},
		"ground": {
			"rotation": [0, 0, 90],
			"scale": [0.75, 0.75, 0.75]
		},
		"gui": {
			"rotation": [28, -126, 0],
			"translation": [0.25, 0, 0],
			"scale": [1.09, 1.09, 1.09]
		},
		"head": {
			"rotation": [0, -90, 0],
			"scale": [0.95, 0.95, 0.95]
		},
		"fixed": {
			"rotation": [0, 90, 0],
			"translation": [-0.5, -0.5, 0],
			"scale": [1.18, 1.18, 1.18]
		}
	}
}