{
	"credit": "Made with Blockbench",
	"texture_size": [32, 32],
	"textures": {
		"0": "block/acacia_planks",
		"2": "block/black_concrete",
		"3": "block/basalt_side",
		"4": "block/anvil",
		"5": "block/light_gray_concrete_powder",
		"particle": "block/acacia_planks"
	},
	"elements": [
		{
			"from": [7.475, 7.4, 14],
			"to": [8.525, 8.7, 18],
			"faces": {
				"north": {"uv": [0, 0, 6.5, 3.15], "texture": "#0"},
				"east": {"uv": [0, 0, 6.5, 3.15], "texture": "#0"},
				"south": {"uv": [0, 0, 6.5, 3.15], "texture": "#0"},
				"west": {"uv": [0, 0, 6.5, 3.15], "texture": "#0"},
				"up": {"uv": [0, 0, 6.5, 3.15], "texture": "#0"},
				"down": {"uv": [0, 0, 6.5, 3.15], "texture": "#0"}
			}
		},
		{
			"from": [7.5, 7.2, 13.4],
			"to": [8.5, 8.7, 14],
			"faces": {
				"north": {"uv": [0, 0, 4.8, 3.25], "texture": "#0"},
				"east": {"uv": [0, 0, 4.8, 3.25], "texture": "#0"},
				"south": {"uv": [0, 0, 4.8, 3.25], "texture": "#0"},
				"west": {"uv": [0, 0, 4.8, 3.25], "texture": "#0"},
				"up": {"uv": [0, 0, 4.8, 3.25], "texture": "#0"},
				"down": {"uv": [0, 0, 4.8, 3.25], "texture": "#0"}
			}
		},
		{
			"from": [7.475, 7.5, 12.4],
			"to": [8.525, 8.625, 13.775],
			"rotation": {"angle": 22.5, "axis": "x", "origin": [8, 7.95, 13.7]},
			"faces": {
				"north": {"uv": [0, 0, 5.1875, 3.0625], "texture": "#0"},
				"east": {"uv": [0, 0, 5.1875, 3.0625], "texture": "#0"},
				"south": {"uv": [0, 0, 5.1875, 3.0625], "texture": "#0"},
				"west": {"uv": [0, 0, 5.1875, 3.0625], "texture": "#0"},
				"up": {"uv": [0, 0, 5.1875, 3.0625], "texture": "#0"},
				"down": {"uv": [0, 0, 5.1875, 3.0625], "texture": "#0"}
			}
		},
		{
			"from": [7.5, 8.17964, 8.57054],
			"to": [8.5, 9.05464, 12.79554],
			"rotation": {"angle": 0, "axis": "y", "origin": [8, 8.24214, 13.15804]},
			"faces": {
				"north": {"uv": [0, 0, 6.6125, 2.9375], "texture": "#0"},
				"east": {"uv": [0, 0, 6.6125, 2.9375], "texture": "#0"},
				"south": {"uv": [0, 0, 6.6125, 2.9375], "texture": "#0"},
				"west": {"uv": [0, 0, 6.6125, 2.9375], "texture": "#0"},
				"up": {"uv": [0, 0, 6.6125, 2.9375], "texture": "#0"},
				"down": {"uv": [0, 0, 6.6125, 2.9375], "texture": "#0"}
			}
		},
		{
			"from": [7.5, 8.07964, 9.24554],
			"to": [8.5, 8.17964, 10.92054],
			"rotation": {"angle": 0, "axis": "y", "origin": [8, 8.24214, 13.15804]},
			"faces": {
				"north": {"uv": [0, 0, 0.5, 0.05], "texture": "#3"},
				"east": {"uv": [0, 0, 0.8375, 0.05], "texture": "#3"},
				"south": {"uv": [0, 0, 0.5, 0.05], "texture": "#3"},
				"west": {"uv": [0, 0, 0.8375, 0.05], "texture": "#3"},
				"up": {"uv": [0, 0, 0.5, 0.8375], "texture": "#3"},
				"down": {"uv": [0, 0, 0.5, 0.8375], "texture": "#3"}
			}
		},
		{
			"from": [7.8, 7.85464, 12.04554],
			"to": [8.2, 8.17964, 12.19554],
			"rotation": {"angle": 0, "axis": "y", "origin": [8, 8.24214, 13.15804]},
			"faces": {
				"north": {"uv": [0, 0, 0.2, 0.1625], "texture": "#4"},
				"east": {"uv": [0, 0, 0.075, 0.1625], "texture": "#4"},
				"south": {"uv": [0, 0, 0.2, 0.1625], "texture": "#4"},
				"west": {"uv": [0, 0, 0.075, 0.1625], "texture": "#4"},
				"up": {"uv": [0, 0, 0.2, 0.075], "texture": "#4"},
				"down": {"uv": [0, 0, 0.2, 0.075], "texture": "#4"}
			}
		},
		{
			"from": [7.925, 7.90464, 11.74554],
			"to": [8.075, 8.22964, 11.89554],
			"rotation": {"angle": -22.5, "axis": "x", "origin": [8, 8.01714, 11.72054]},
			"faces": {
				"north": {"uv": [0, 0, 0.075, 0.1625], "texture": "#4"},
				"east": {"uv": [0, 0, 0.075, 0.1625], "texture": "#4"},
				"south": {"uv": [0, 0, 0.075, 0.1625], "texture": "#4"},
				"west": {"uv": [0, 0, 0.075, 0.1625], "texture": "#4"},
				"up": {"uv": [0, 0, 0.075, 0.075], "texture": "#4"},
				"down": {"uv": [0, 0, 0.075, 0.075], "texture": "#4"}
			}
		},
		{
			"from": [7.925, 7.7891, 11.8438],
			"to": [8.075, 8.0391, 11.9688],
			"rotation": {"angle": 22.5, "axis": "x", "origin": [8, 8.1016, 11.7938]},
			"faces": {
				"north": {"uv": [0, 0, 0.075, 0.125], "texture": "#4"},
				"east": {"uv": [0, 0, 0.0625, 0.125], "texture": "#4"},
				"south": {"uv": [0, 0, 0.075, 0.125], "texture": "#4"},
				"west": {"uv": [0, 0, 0.0625, 0.125], "texture": "#4"},
				"up": {"uv": [0, 0, 0.075, 0.0625], "texture": "#4"},
				"down": {"uv": [0, 0, 0.075, 0.0625], "texture": "#4"}
			}
		},
		{
			"from": [7.8, 7.62964, 12.17054],
			"to": [8.2, 7.95464, 12.32054],
			"rotation": {"angle": 45, "axis": "x", "origin": [8, 8.01714, 12.12054]},
			"faces": {
				"north": {"uv": [0, 0, 0.2, 0.1625], "texture": "#4"},
				"east": {"uv": [0, 0, 0.075, 0.1625], "texture": "#4"},
				"south": {"uv": [0, 0, 0.2, 0.1625], "texture": "#4"},
				"west": {"uv": [0, 0, 0.075, 0.1625], "texture": "#4"},
				"up": {"uv": [0, 0, 0.2, 0.075], "texture": "#4"},
				"down": {"uv": [0, 0, 0.2, 0.075], "texture": "#4"}
			}
		},
		{
			"from": [7.8, 7.59465, 11.46233],
			"to": [8.2, 7.71965, 11.98733],
			"rotation": {"angle": 0, "axis": "y", "origin": [8, 7.76965, 12.04983]},
			"faces": {
				"north": {"uv": [0, 0, 0.2, 0.0625], "rotation": 180, "texture": "#4"},
				"east": {"uv": [0, 0, 0.0625, 0.2625], "rotation": 270, "texture": "#4"},
				"south": {"uv": [0, 0, 0.2, 0.0625], "texture": "#4"},
				"west": {"uv": [0, 0, 0.0625, 0.2625], "rotation": 90, "texture": "#4"},
				"up": {"uv": [0, 0, 0.2, 0.2625], "rotation": 180, "texture": "#4"},
				"down": {"uv": [0, 0, 0.2, 0.2625], "texture": "#4"}
			}
		},
		{
			"from": [7.8, 7.41965, 11.31233],
			"to": [8.2, 7.54465, 11.58733],
			"rotation": {"angle": 45, "axis": "x", "origin": [8, 7.65715, 11.72483]},
			"faces": {
				"north": {"uv": [0, 0, 0.2, 0.0625], "rotation": 180, "texture": "#4"},
				"east": {"uv": [0, 0, 0.0625, 0.1375], "rotation": 270, "texture": "#4"},
				"south": {"uv": [0, 0, 0.2, 0.0625], "texture": "#4"},
				"west": {"uv": [0, 0, 0.0625, 0.1375], "rotation": 90, "texture": "#4"},
				"up": {"uv": [0, 0, 0.2, 0.1375], "rotation": 180, "texture": "#4"},
				"down": {"uv": [0, 0, 0.2, 0.1375], "texture": "#4"}
			}
		},
		{
			"from": [7.8, 7.76536, 11.26913],
			"to": [8.2, 8.19036, 11.36913],
			"rotation": {"angle": 0, "axis": "y", "origin": [8, 7.72786, 11.40663]},
			"faces": {
				"north": {"uv": [0, 0, 0.2, 0.2125], "rotation": 180, "texture": "#4"},
				"east": {"uv": [0, 0, 0.05, 0.2125], "rotation": 180, "texture": "#4"},
				"south": {"uv": [0, 0, 0.2, 0.2125], "rotation": 180, "texture": "#4"},
				"west": {"uv": [0, 0, 0.05, 0.2125], "rotation": 180, "texture": "#4"},
				"up": {"uv": [0, 0, 0.2, 0.05], "texture": "#4"},
				"down": {"uv": [0, 0, 0.2, 0.05], "texture": "#4"}
			}
		},
		{
			"from": [7.8, 7.76536, 11.01913],
			"to": [8.2, 8.19036, 11.11913],
			"rotation": {"angle": 0, "axis": "y", "origin": [8, 7.72786, 11.40663]},
			"faces": {
				"north": {"uv": [0, 0, 0.2, 0.2125], "rotation": 180, "texture": "#4"},
				"east": {"uv": [0, 0, 0.05, 0.2125], "rotation": 180, "texture": "#4"},
				"south": {"uv": [0, 0, 0.2, 0.2125], "rotation": 180, "texture": "#4"},
				"west": {"uv": [0, 0, 0.05, 0.2125], "rotation": 180, "texture": "#4"},
				"up": {"uv": [0, 0, 0.2, 0.05], "texture": "#4"},
				"down": {"uv": [0, 0, 0.2, 0.05], "texture": "#4"}
			}
		},
		{
			"from": [7.8, 7.75286, 11.00663],
			"to": [8.2, 7.85286, 11.38163],
			"rotation": {"angle": 0, "axis": "y", "origin": [8, 7.97786, 11.06913]},
			"faces": {
				"north": {"uv": [0, 0, 0.2, 0.05], "rotation": 180, "texture": "#4"},
				"east": {"uv": [0, 0, 0.05, 0.1875], "rotation": 90, "texture": "#4"},
				"south": {"uv": [0, 0, 0.2, 0.05], "texture": "#4"},
				"west": {"uv": [0, 0, 0.05, 0.1875], "rotation": 270, "texture": "#4"},
				"up": {"uv": [0, 0, 0.2, 0.1875], "texture": "#4"},
				"down": {"uv": [0, 0, 0.2, 0.1875], "rotation": 180, "texture": "#4"}
			}
		},
		{
			"from": [7.8, 8.07786, 11.00663],
			"to": [8.2, 8.17786, 11.38163],
			"rotation": {"angle": 0, "axis": "y", "origin": [8, 7.97786, 11.06913]},
			"faces": {
				"north": {"uv": [0, 0, 0.2, 0.05], "rotation": 180, "texture": "#4"},
				"east": {"uv": [0, 0, 0.05, 0.1875], "rotation": 90, "texture": "#4"},
				"south": {"uv": [0, 0, 0.2, 0.05], "texture": "#4"},
				"west": {"uv": [0, 0, 0.05, 0.1875], "rotation": 270, "texture": "#4"},
				"up": {"uv": [0, 0, 0.2, 0.1875], "texture": "#4"},
				"down": {"uv": [0, 0, 0.2, 0.1875], "rotation": 180, "texture": "#4"}
			}
		},
		{
			"from": [7.8, 7.87964, 12.19554],
			"to": [8.2, 8.27964, 12.34554],
			"rotation": {"angle": 22.5, "axis": "x", "origin": [8, 8.01714, 12.12054]},
			"faces": {
				"north": {"uv": [0, 0, 0.2, 0.2], "texture": "#4"},
				"east": {"uv": [0, 0, 0.075, 0.2], "texture": "#4"},
				"south": {"uv": [0, 0, 0.2, 0.2], "texture": "#4"},
				"west": {"uv": [0, 0, 0.075, 0.2], "texture": "#4"},
				"up": {"uv": [0, 0, 0.2, 0.075], "texture": "#4"},
				"down": {"uv": [0, 0, 0.2, 0.075], "texture": "#4"}
			}
		},
		{
			"from": [7.5, 8.27964, 3.64554],
			"to": [8.5, 9.05464, 8.57054],
			"rotation": {"angle": 0, "axis": "y", "origin": [8, 8.24214, 13.15804]},
			"faces": {
				"north": {"uv": [0, 0, 6.9625, 2.8875], "texture": "#0"},
				"east": {"uv": [0, 0, 6.9625, 2.8875], "texture": "#0"},
				"south": {"uv": [0, 0, 6.9625, 2.8875], "texture": "#0"},
				"west": {"uv": [0, 0, 6.9625, 2.8875], "texture": "#0"},
				"up": {"uv": [0, 0, 6.9625, 2.8875], "texture": "#0"},
				"down": {"uv": [0, 0, 6.9625, 2.8875], "texture": "#0"}
			}
		},
		{
			"from": [7.5, 9.42964, 3.64554],
			"to": [8.5, 9.75464, 8.37054],
			"rotation": {"angle": 0, "axis": "y", "origin": [8, 8.24214, 13.15804]},
			"faces": {
				"north": {"uv": [0, 0, 6.8625, 2.6625], "texture": "#0"},
				"east": {"uv": [0, 0, 6.8625, 2.6625], "texture": "#0"},
				"south": {"uv": [0, 0, 6.8625, 2.6625], "texture": "#0"},
				"west": {"uv": [0, 0, 6.8625, 2.6625], "texture": "#0"},
				"up": {"uv": [0, 0, 6.8625, 2.6625], "texture": "#0"},
				"down": {"uv": [0, 0, 6.8625, 2.6625], "texture": "#0"}
			}
		},
		{
			"from": [7.5, 9.05464, 3.64554],
			"to": [8.5, 9.42964, 5.94554],
			"rotation": {"angle": 0, "axis": "y", "origin": [8, 8.24214, 13.15804]},
			"faces": {
				"north": {"uv": [0, 0, 5.65, 2.6875], "texture": "#0"},
				"east": {"uv": [0, 0, 5.65, 2.6875], "texture": "#0"},
				"south": {"uv": [0, 0, 5.65, 2.6875], "texture": "#0"},
				"west": {"uv": [0, 0, 5.65, 2.6875], "texture": "#0"},
				"up": {"uv": [0, 0, 5.65, 2.6875], "texture": "#0"},
				"down": {"uv": [0, 0, 5.65, 2.6875], "texture": "#0"}
			}
		},
		{
			"from": [7.5, 9.05464, 5.94554],
			"to": [8.5, 9.42964, 12.47054],
			"rotation": {"angle": 0, "axis": "y", "origin": [8, 8.24214, 13.15804]},
			"faces": {
				"north": {"uv": [0, 0, 0.5, 0.1875], "texture": "#3"},
				"east": {"uv": [0, 0, 3.2625, 0.1875], "texture": "#3"},
				"south": {"uv": [0, 0, 2, 2.6875], "texture": "#3"},
				"west": {"uv": [0, 0, 3.2625, 0.1875], "texture": "#3"},
				"up": {"uv": [0, 0, 0.5, 3.2625], "texture": "#3"},
				"down": {"uv": [0, 0, 0.5, 3.2625], "texture": "#3"}
			}
		},
		{
			"from": [7.5, 9.42964, 8.37054],
			"to": [7.7, 9.67964, 11.79554],
			"rotation": {"angle": 0, "axis": "y", "origin": [8, 8.24214, 13.15804]},
			"faces": {
				"north": {"uv": [0, 0, 0.1, 0.125], "texture": "#3"},
				"east": {"uv": [0, 0, 1.7125, 0.125], "texture": "#3"},
				"south": {"uv": [0, 0, 1.6, 2.625], "texture": "#3"},
				"west": {"uv": [0, 0, 1.7125, 0.125], "texture": "#3"},
				"up": {"uv": [0, 0, 0.1, 1.7125], "texture": "#3"},
				"down": {"uv": [0, 0, 0.1, 1.7125], "texture": "#3"}
			}
		},
		{
			"from": [7.7, 9.40464, 10.54554],
			"to": [8.3, 9.67964, 11.79554],
			"rotation": {"angle": 0, "axis": "y", "origin": [8, 8.24214, 13.15804]},
			"faces": {
				"north": {"uv": [0, 0, 0.3, 0.1375], "texture": "#3"},
				"east": {"uv": [0, 0, 0.625, 0.1375], "texture": "#3"},
				"south": {"uv": [0, 0, 1.8, 2.6375], "texture": "#3"},
				"west": {"uv": [0, 0, 0.625, 0.1375], "texture": "#3"},
				"up": {"uv": [0, 0, 0.3, 0.625], "texture": "#3"},
				"down": {"uv": [0, 0, 0.3, 0.625], "texture": "#3"}
			}
		},
		{
			"from": [8.2, 9.67964, 11.17054],
			"to": [8.5, 9.95464, 11.59554],
			"rotation": {"angle": 0, "axis": "y", "origin": [8, 8.24214, 13.15804]},
			"faces": {
				"north": {"uv": [0, 0, 0.15, 0.1375], "texture": "#4"},
				"east": {"uv": [0, 0, 0.2125, 0.1375], "texture": "#4"},
				"south": {"uv": [0, 0, 0.15, 0.1375], "texture": "#4"},
				"west": {"uv": [0, 0, 0.2125, 0.1375], "texture": "#4"},
				"up": {"uv": [0, 0, 0.15, 0.2125], "texture": "#4"},
				"down": {"uv": [0, 0, 0.15, 0.2125], "texture": "#4"}
			}
		},
		{
			"from": [7.8, 9.67964, 11.17054],
			"to": [8.2, 9.75464, 11.59554],
			"rotation": {"angle": 0, "axis": "y", "origin": [8, 8.24214, 13.15804]},
			"faces": {
				"north": {"uv": [0, 0, 0.2, 0.0375], "texture": "#4"},
				"east": {"uv": [0, 0, 0.2125, 0.0375], "texture": "#4"},
				"south": {"uv": [0, 0, 0.2, 0.0375], "texture": "#4"},
				"west": {"uv": [0, 0, 0.2125, 0.0375], "texture": "#4"},
				"up": {"uv": [0, 0, 0.2, 0.2125], "texture": "#4"},
				"down": {"uv": [0, 0, 0.2, 0.2125], "texture": "#4"}
			}
		},
		{
			"from": [7.9, 9.75464, 11.17054],
			"to": [8.1, 9.77964, 11.59554],
			"rotation": {"angle": 0, "axis": "y", "origin": [8, 8.24214, 13.15804]},
			"faces": {
				"north": {"uv": [0, 0, 0.1, 0.0125], "texture": "#4"},
				"east": {"uv": [0, 0, 0.2125, 0.0125], "texture": "#4"},
				"south": {"uv": [0, 0, 0.1, 0.0125], "texture": "#4"},
				"west": {"uv": [0, 0, 0.2125, 0.0125], "texture": "#4"},
				"up": {"uv": [0, 0, 0.1, 0.2125], "texture": "#4"},
				"down": {"uv": [0, 0, 0.1, 0.2125], "texture": "#4"}
			}
		},
		{
			"from": [7.975, 9.75464, 11.42054],
			"to": [8.025, 9.85464, 11.49554],
			"rotation": {"angle": 0, "axis": "y", "origin": [8, 8.24214, 13.15804]},
			"color": 5,
			"faces": {
				"north": {"uv": [0, 0, 0.025, 0.05], "texture": "#missing"},
				"east": {"uv": [0, 0, 0.0375, 0.05], "texture": "#missing"},
				"south": {"uv": [0, 0, 0.025, 0.05], "texture": "#missing"},
				"west": {"uv": [0, 0, 0.0375, 0.05], "texture": "#missing"},
				"up": {"uv": [0, 0, 0.025, 0.0375], "texture": "#missing"},
				"down": {"uv": [0, 0, 0.025, 0.0375], "texture": "#missing"}
			}
		},
		{
			"from": [7.8875, 9.76714, 11.17054],
			"to": [7.9125, 9.94214, 11.59554],
			"rotation": {"angle": 0, "axis": "y", "origin": [8, 9.76714, 11.38304]},
			"faces": {
				"north": {"uv": [0, 0, 0.0875, 0.0125], "rotation": 270, "texture": "#4"},
				"east": {"uv": [0, 0, 0.0875, 0.2125], "rotation": 90, "texture": "#4"},
				"south": {"uv": [0, 0, 0.0875, 0.0125], "rotation": 90, "texture": "#4"},
				"west": {"uv": [0, 0, 0.0875, 0.2125], "rotation": 90, "texture": "#4"},
				"up": {"uv": [0, 0, 0.2125, 0.0125], "rotation": 90, "texture": "#4"},
				"down": {"uv": [0, 0, 0.2125, 0.0125], "rotation": 90, "texture": "#4"}
			}
		},
		{
			"from": [8.0875, 9.77964, 11.17054],
			"to": [8.1125, 9.95464, 11.59554],
			"rotation": {"angle": 0, "axis": "y", "origin": [7.95, 9.81089, 11.38304]},
			"faces": {
				"north": {"uv": [0, 0, 0.0875, 0.0125], "rotation": 90, "texture": "#4"},
				"east": {"uv": [0, 0, 0.0875, 0.2125], "rotation": 270, "texture": "#4"},
				"south": {"uv": [0, 0, 0.0875, 0.0125], "rotation": 270, "texture": "#4"},
				"west": {"uv": [0, 0, 0.0875, 0.2125], "rotation": 270, "texture": "#4"},
				"up": {"uv": [0, 0, 0.2125, 0.0125], "rotation": 270, "texture": "#4"},
				"down": {"uv": [0, 0, 0.2125, 0.0125], "rotation": 270, "texture": "#4"}
			}
		},
		{
			"from": [7.9, 9.94214, 11.17054],
			"to": [8.1, 9.96714, 11.59554],
			"rotation": {"angle": 0, "axis": "y", "origin": [7.95, 9.81089, 11.38304]},
			"faces": {
				"north": {"uv": [0, 0, 0.1, 0.0125], "rotation": 180, "texture": "#4"},
				"east": {"uv": [0, 0, 0.2125, 0.0125], "rotation": 180, "texture": "#4"},
				"south": {"uv": [0, 0, 0.1, 0.0125], "rotation": 180, "texture": "#4"},
				"west": {"uv": [0, 0, 0.2125, 0.0125], "rotation": 180, "texture": "#4"},
				"up": {"uv": [0, 0, 0.1, 0.2125], "rotation": 180, "texture": "#4"},
				"down": {"uv": [0, 0, 0.1, 0.2125], "rotation": 180, "texture": "#4"}
			}
		},
		{
			"from": [7.5, 9.67964, 11.17054],
			"to": [7.8, 9.95464, 11.59554],
			"rotation": {"angle": 0, "axis": "y", "origin": [8, 8.24214, 13.15804]},
			"faces": {
				"north": {"uv": [0, 0, 0.15, 0.1375], "texture": "#4"},
				"east": {"uv": [0, 0, 0.2125, 0.1375], "texture": "#4"},
				"south": {"uv": [0, 0, 0.15, 0.1375], "texture": "#4"},
				"west": {"uv": [0, 0, 0.2125, 0.1375], "texture": "#4"},
				"up": {"uv": [0, 0, 0.15, 0.2125], "texture": "#4"},
				"down": {"uv": [0, 0, 0.15, 0.2125], "texture": "#4"}
			}
		},
		{
			"from": [7.7, 9.40464, 8.34554],
			"to": [8.3, 9.67964, 9.59554],
			"rotation": {"angle": 0, "axis": "y", "origin": [8, 8.24214, 13.15804]},
			"faces": {
				"north": {"uv": [0, 0, 0.3, 0.1375], "texture": "#3"},
				"east": {"uv": [0, 0, 0.625, 0.1375], "texture": "#3"},
				"south": {"uv": [0, 0, 1.8, 2.6375], "texture": "#3"},
				"west": {"uv": [0, 0, 0.625, 0.1375], "texture": "#3"},
				"up": {"uv": [0, 0, 0.3, 0.625], "texture": "#3"},
				"down": {"uv": [0, 0, 0.3, 0.625], "texture": "#3"}
			}
		},
		{
			"from": [7.7, 9.40464, 9.59554],
			"to": [8.3, 9.57964, 10.54554],
			"rotation": {"angle": 0, "axis": "y", "origin": [8, 8.24214, 13.15804]},
			"faces": {
				"north": {"uv": [0, 0, 0.3, 0.0875], "texture": "#5"},
				"east": {"uv": [0, 0, 0.475, 0.0875], "texture": "#5"},
				"south": {"uv": [0, 0, 0.3, 0.0875], "texture": "#5"},
				"west": {"uv": [0, 0, 0.475, 0.0875], "texture": "#5"},
				"up": {"uv": [0, 0, 2.8, 2.475], "texture": "#5"},
				"down": {"uv": [0, 0, 0.3, 0.475], "texture": "#5"}
			}
		},
		{
			"from": [8.3, 9.42964, 8.37054],
			"to": [8.5, 9.67964, 11.79554],
			"rotation": {"angle": 0, "axis": "y", "origin": [8, 8.24214, 13.15804]},
			"faces": {
				"north": {"uv": [0, 0, 0.1, 0.125], "texture": "#3"},
				"east": {"uv": [0, 0, 1.7125, 0.125], "texture": "#3"},
				"south": {"uv": [0, 0, 1.6, 2.625], "texture": "#3"},
				"west": {"uv": [0, 0, 1.7125, 0.125], "texture": "#3"},
				"up": {"uv": [0, 0, 0.1, 1.7125], "texture": "#3"},
				"down": {"uv": [0, 0, 0.1, 1.7125], "texture": "#3"}
			}
		},
		{
			"from": [7.6, 8.82964, 0.02054],
			"to": [8.4, 9.67964, 3.64554],
			"rotation": {"angle": 0, "axis": "y", "origin": [8, 8.24214, 13.15804]},
			"faces": {
				"north": {"uv": [0, 0, 6.3125, 2.925], "texture": "#0"},
				"east": {"uv": [0, 0, 6.3125, 2.925], "texture": "#0"},
				"south": {"uv": [0, 0, 6.3125, 2.925], "texture": "#0"},
				"west": {"uv": [0, 0, 6.3125, 2.925], "texture": "#0"},
				"up": {"uv": [0, 0, 6.3125, 2.925], "texture": "#0"},
				"down": {"uv": [0, 0, 6.3125, 2.925], "texture": "#0"}
			}
		},
		{
			"from": [7.8, 9.00464, -2.60446],
			"to": [8.2, 9.57964, 0.02054],
			"rotation": {"angle": 0, "axis": "y", "origin": [8, 8.24214, 13.15804]},
			"faces": {
				"north": {"uv": [0, 0, 0.2, 0.2875], "texture": "#3"},
				"east": {"uv": [0, 0, 1.3125, 0.2875], "texture": "#3"},
				"south": {"uv": [0, 0, 0.2, 0.2875], "texture": "#3"},
				"west": {"uv": [0, 0, 1.3125, 0.2875], "texture": "#3"},
				"up": {"uv": [0, 0, 0.2, 1.3125], "texture": "#3"},
				"down": {"uv": [0, 0, 0.2, 1.3125], "texture": "#3"}
			}
		},
		{
			"from": [7.9, 9.35464, -2.87946],
			"to": [8.1, 9.57964, -2.60446],
			"rotation": {"angle": 0, "axis": "y", "origin": [8, 8.24214, 13.15804]},
			"faces": {
				"north": {"uv": [0, 0, 0.1, 0.1125], "texture": "#4"},
				"east": {"uv": [0, 0, 0.1375, 0.1125], "texture": "#4"},
				"south": {"uv": [0, 0, 0.1, 0.1125], "texture": "#4"},
				"west": {"uv": [0, 0, 0.1375, 0.1125], "texture": "#4"},
				"up": {"uv": [0, 0, 0.1, 0.1375], "texture": "#4"},
				"down": {"uv": [0, 0, 0.1, 0.1375], "texture": "#4"}
			}
		},
		{
			"from": [7.9, 9.35464, -2.90446],
			"to": [8.1, 9.57964, -2.87946],
			"rotation": {"angle": 0, "axis": "y", "origin": [8, 8.24214, 13.15804]},
			"faces": {
				"north": {"uv": [0, 0, 0.1, 0.1125], "texture": "#4"},
				"east": {"uv": [0, 0, 0.0125, 0.1125], "texture": "#4"},
				"south": {"uv": [0, 0, 0.1, 0.1125], "texture": "#4"},
				"west": {"uv": [0, 0, 0.0125, 0.1125], "texture": "#4"},
				"up": {"uv": [0, 0, 0.1, 0.0125], "texture": "#4"},
				"down": {"uv": [0, 0, 0.1, 0.0125], "texture": "#4"}
			}
		},
		{
			"from": [7.925, 9.40464, -2.92946],
			"to": [8.075, 9.55464, -2.90446],
			"rotation": {"angle": 0, "axis": "y", "origin": [8, 8.24214, 13.15804]},
			"faces": {
				"north": {"uv": [0, 0, 0.075, 0.075], "texture": "#2"},
				"east": {"uv": [0, 0, 0.0125, 0.075], "texture": "#2"},
				"south": {"uv": [0, 0, 0.075, 0.075], "texture": "#2"},
				"west": {"uv": [0, 0, 0.0125, 0.075], "texture": "#2"},
				"up": {"uv": [0, 0, 0.075, 0.0125], "texture": "#2"},
				"down": {"uv": [0, 0, 0.075, 0.0125], "texture": "#2"}
			}
		},
		{
			"from": [7.925, 9.35464, -2.72946],
			"to": [8.075, 9.57964, -2.35446],
			"rotation": {"angle": 45, "axis": "x", "origin": [8, 9.46714, -2.74196]},
			"faces": {
				"north": {"uv": [0, 0, 0.075, 0.1125], "texture": "#3"},
				"east": {"uv": [0, 0, 0.1875, 0.1125], "texture": "#3"},
				"south": {"uv": [0, 0, 0.075, 0.1125], "texture": "#3"},
				"west": {"uv": [0, 0, 0.1875, 0.1125], "texture": "#3"},
				"up": {"uv": [0, 0, 0.075, 0.1875], "texture": "#3"},
				"down": {"uv": [0, 0, 0.075, 0.1875], "texture": "#3"}
			}
		},
		{
			"from": [8.15, 9.57964, -2.30446],
			"to": [8.2, 9.97964, -1.72946],
			"rotation": {"angle": 0, "axis": "y", "origin": [8, 8.24214, 13.15804]},
			"faces": {
				"north": {"uv": [0, 0, 0.025, 0.2], "texture": "#4"},
				"east": {"uv": [0, 0, 0.2875, 0.2], "texture": "#4"},
				"south": {"uv": [0, 0, 0.025, 0.2], "texture": "#4"},
				"west": {"uv": [0, 0, 0.2875, 0.2], "texture": "#4"},
				"up": {"uv": [0, 0, 0.025, 0.2875], "texture": "#4"},
				"down": {"uv": [0, 0, 0.025, 0.2875], "texture": "#4"}
			}
		},
		{
			"from": [7.8, 9.57964, -2.30446],
			"to": [7.85, 9.97964, -1.72946],
			"rotation": {"angle": 0, "axis": "y", "origin": [8, 8.24214, 13.15804]},
			"faces": {
				"north": {"uv": [0, 0, 0.025, 0.2], "texture": "#4"},
				"east": {"uv": [0, 0, 0.2875, 0.2], "texture": "#4"},
				"south": {"uv": [0, 0, 0.025, 0.2], "texture": "#4"},
				"west": {"uv": [0, 0, 0.2875, 0.2], "texture": "#4"},
				"up": {"uv": [0, 0, 0.025, 0.2875], "texture": "#4"},
				"down": {"uv": [0, 0, 0.025, 0.2875], "texture": "#4"}
			}
		},
		{
			"from": [7.975, 9.57964, -2.12946],
			"to": [8.025, 9.87964, -1.92946],
			"rotation": {"angle": 0, "axis": "y", "origin": [8, 8.24214, 13.15804]},
			"faces": {
				"north": {"uv": [0, 0, 0.025, 0.15], "texture": "#4"},
				"east": {"uv": [0, 0, 0.1, 0.15], "texture": "#4"},
				"south": {"uv": [0, 0, 0.025, 0.15], "texture": "#4"},
				"west": {"uv": [0, 0, 0.1, 0.15], "texture": "#4"},
				"up": {"uv": [0, 0, 0.025, 0.1], "texture": "#4"},
				"down": {"uv": [0, 0, 0.025, 0.1], "texture": "#4"}
			}
		},
		{
			"from": [7.5, 6.9, 14.9],
			"to": [8.5, 8.3, 18.075],
			"rotation": {"angle": 22.5, "axis": "x", "origin": [8, 8.05, 16]},
			"faces": {
				"north": {"uv": [0, 0, 6.0875, 3.2], "texture": "#0"},
				"east": {"uv": [0, 0, 6.0875, 3.2], "texture": "#0"},
				"south": {"uv": [0, 0, 6.0875, 3.2], "texture": "#0"},
				"west": {"uv": [0, 0, 6.0875, 3.2], "texture": "#0"},
				"up": {"uv": [0, 0, 6.0875, 3.2], "texture": "#0"},
				"down": {"uv": [0, 0, 6.0875, 3.2], "texture": "#0"}
			}
		}
	],
	"display": {
		"thirdperson_righthand": {
			"translation": [0, 0, -4.5],
			"scale": [1.2, 1.2, 1.2]
		},
		"thirdperson_lefthand": {
			"translation": [0, 0, -4.5],
			"scale": [1.2, 1.2, 1.2]
		},
		"firstperson_righthand": {
			"translation": [-6.25, 15.25, 5],
			"scale": [0.97, 0.97, 0.97]
		},
		"firstperson_lefthand": {
			"translation": [-6.25, 100, 5],
			"scale": [0.97, 0.97, 0.97]
		},
		"ground": {
			"rotation": [0, 0, 90]
		},
		"gui": {
			"rotation": [30, 52, 0],
			"translation": [0.25, 0, 0],
			"scale": [0.92, 0.92, 0.92]
		},
		"head": {
			"rotation": [0, 90, 0],
			"translation": [0, 0.25, -1],
			"scale": [1.81, 1.81, 1.81]
		},
		"fixed": {
			"rotation": [0, -90, 0],
			"translation": [-0.75, -1, -1],
			"scale": [1.51, 1.51, 1.51]
		}
	}
}