{
	"credit": "Made with Blockbench",
	"texture_size": [32, 32],
	"textures": {
		"0": "block/anvil",
		"1": "block/gray_concrete",
		"2": "block/basalt_side",
		"3": "block/andesite",
		"4": "block/blast_furnace_front",
		"5": "block/ancient_debris_side",
		"particle": "block/anvil"
	},
	"elements": [
		{
			"from": [7.95, 6.275, 5.2],
			"to": [8.3, 6.5, 6.7],
			"rotation": {"angle": 22.5, "axis": "x", "origin": [8, 5.8, 4.9]},
			"faces": {
				"north": {"uv": [4.5, 1, 5.75, 1.6125], "texture": "#4"},
				"east": {"uv": [4.5, 1, 5.75, 1.6125], "texture": "#4"},
				"south": {"uv": [4.5, 1, 5.75, 1.6125], "texture": "#4"},
				"west": {"uv": [4.5, 1, 5.75, 1.6125], "texture": "#4"},
				"up": {"uv": [4.5, 1, 5.75, 1.6125], "texture": "#4"},
				"down": {"uv": [4.5, 1, 5.75, 1.6125], "texture": "#4"}
			}
		},
		{
			"from": [7.95, 6.5, 5.3],
			"to": [8.3, 9.2, 6.6],
			"rotation": {"angle": 22.5, "axis": "x", "origin": [8, 5.8, 4.9]},
			"faces": {
				"north": {"uv": [4.5, 1, 5.65, 2.85], "texture": "#4"},
				"east": {"uv": [4.5, 1, 5.65, 2.85], "texture": "#4"},
				"south": {"uv": [4.5, 1, 5.65, 2.85], "texture": "#4"},
				"west": {"uv": [4.5, 1, 5.65, 2.85], "texture": "#4"},
				"up": {"uv": [4.5, 1, 5.65, 2.85], "texture": "#4"},
				"down": {"uv": [4.5, 1, 5.65, 2.85], "texture": "#4"}
			}
		},
		{
			"from": [7.85, 8.575, 4.5],
			"to": [8.4, 9.475, 6.55],
			"rotation": {"angle": 0, "axis": "y", "origin": [8, 7.6625, 5.95]},
			"faces": {
				"north": {"uv": [4.5, 1, 6.025, 1.95], "texture": "#4"},
				"east": {"uv": [4.5, 1, 6.025, 1.95], "texture": "#4"},
				"south": {"uv": [4.5, 1, 6.025, 1.95], "texture": "#4"},
				"west": {"uv": [4.5, 1, 6.025, 1.95], "texture": "#4"},
				"up": {"uv": [4.5, 1, 6.025, 1.95], "texture": "#4"},
				"down": {"uv": [4.5, 1, 6.025, 1.95], "texture": "#4"}
			}
		},
		{
			"from": [7.95, 7.125, 9.55],
			"to": [8.3, 8.4, 9.725],
			"rotation": {"angle": 22.5, "axis": "x", "origin": [8.125, 8.8375, 9.325]},
			"faces": {
				"north": {"uv": [0, 0, 0.175, 0.6375], "texture": "#0"},
				"east": {"uv": [0, 0, 0.0875, 0.6375], "texture": "#0"},
				"south": {"uv": [0, 0, 0.175, 0.6375], "texture": "#0"},
				"west": {"uv": [0, 0, 0.0875, 0.6375], "texture": "#0"},
				"up": {"uv": [0, 0, 0.175, 0.0875], "texture": "#0"},
				"down": {"uv": [0, 0, 0.175, 0.0875], "texture": "#0"}
			}
		},
		{
			"from": [7.95, 7.09105, 7.92069],
			"to": [8.3, 7.19105, 9.04569],
			"rotation": {"angle": 0, "axis": "y", "origin": [8.125, 7.67855, 9.18319]},
			"faces": {
				"north": {"uv": [0, 0, 0.175, 0.05], "rotation": 180, "texture": "#0"},
				"east": {"uv": [0, 0, 0.05, 0.5625], "rotation": 90, "texture": "#0"},
				"south": {"uv": [0, 0, 0.175, 0.05], "texture": "#0"},
				"west": {"uv": [0, 0, 0.05, 0.5625], "rotation": 270, "texture": "#0"},
				"up": {"uv": [0, 0, 0.175, 0.5625], "texture": "#0"},
				"down": {"uv": [0, 0, 0.175, 0.5625], "rotation": 180, "texture": "#0"}
			}
		},
		{
			"from": [7.95, 6.89105, 7.29569],
			"to": [8.3, 6.96605, 7.99569],
			"rotation": {"angle": 22.5, "axis": "x", "origin": [8.125, 7.14105, 8.48319]},
			"faces": {
				"north": {"uv": [0, 0, 0.175, 0.0375], "rotation": 180, "texture": "#0"},
				"east": {"uv": [0, 0, 0.0375, 0.35], "rotation": 90, "texture": "#0"},
				"south": {"uv": [0, 0, 0.175, 0.0375], "texture": "#0"},
				"west": {"uv": [0, 0, 0.0375, 0.35], "rotation": 270, "texture": "#0"},
				"up": {"uv": [0, 0, 0.175, 0.35], "texture": "#0"},
				"down": {"uv": [0, 0, 0.175, 0.35], "rotation": 180, "texture": "#0"}
			}
		},
		{
			"from": [8.05, 7.51522, 8.16562],
			"to": [8.2, 8.21522, 8.24062],
			"rotation": {"angle": 0, "axis": "y", "origin": [8.125, 7.26522, 7.62812]},
			"faces": {
				"north": {"uv": [0, 0, 0.075, 0.35], "texture": "#0"},
				"east": {"uv": [0, 0, 0.0375, 0.35], "texture": "#0"},
				"south": {"uv": [0, 0, 0.075, 0.35], "texture": "#0"},
				"west": {"uv": [0, 0, 0.0375, 0.35], "texture": "#0"},
				"up": {"uv": [0, 0, 0.075, 0.0375], "texture": "#0"},
				"down": {"uv": [0, 0, 0.075, 0.0375], "texture": "#0"}
			}
		},
		{
			"from": [8.05, 7.50131, 8.32953],
			"to": [8.2, 7.80131, 8.40453],
			"rotation": {"angle": -45, "axis": "x", "origin": [8.125, 7.47631, 8.59203]},
			"faces": {
				"north": {"uv": [0, 0, 0.075, 0.15], "texture": "#0"},
				"east": {"uv": [0, 0, 0.0375, 0.15], "texture": "#0"},
				"south": {"uv": [0, 0, 0.075, 0.15], "texture": "#0"},
				"west": {"uv": [0, 0, 0.0375, 0.15], "texture": "#0"},
				"up": {"uv": [0, 0, 0.075, 0.0375], "texture": "#0"},
				"down": {"uv": [0, 0, 0.075, 0.0375], "texture": "#0"}
			}
		},
		{
			"from": [7.85, 8.2, 6.55],
			"to": [8.4, 9.475, 9.875],
			"rotation": {"angle": 0, "axis": "y", "origin": [8, 7.6625, 5.95]},
			"faces": {
				"north": {"uv": [4.5, 1, 6.6625, 2.1375], "texture": "#4"},
				"east": {"uv": [4.5, 1, 6.6625, 2.1375], "texture": "#4"},
				"south": {"uv": [4.5, 1, 6.6625, 2.1375], "texture": "#4"},
				"west": {"uv": [4.5, 1, 6.6625, 2.1375], "texture": "#4"},
				"up": {"uv": [4.5, 1, 6.6625, 2.1375], "texture": "#4"},
				"down": {"uv": [4.5, 1, 6.6625, 2.1375], "texture": "#4"}
			}
		},
		{
			"from": [7.75, 10.475, 12.025],
			"to": [8.5, 10.875, 15.875],
			"rotation": {"angle": 0, "axis": "y", "origin": [8, 7.6625, 5.95]},
			"faces": {
				"north": {"uv": [0, 0, 1.925, 0.2], "texture": "#1"},
				"east": {"uv": [0, 0, 1.925, 0.2], "texture": "#1"},
				"south": {"uv": [0, 0, 1.925, 0.2], "texture": "#1"},
				"west": {"uv": [0, 0, 1.925, 0.2], "texture": "#1"},
				"up": {"uv": [0, 0, 1.925, 0.2], "texture": "#1"},
				"down": {"uv": [0, 0, 1.925, 0.2], "texture": "#1"}
			}
		},
		{
			"from": [7.75, 9.5, 15.875],
			"to": [8.5, 10.875, 16.325],
			"rotation": {"angle": 0, "axis": "y", "origin": [8, 7.6625, 5.95]},
			"faces": {
				"north": {"uv": [0, 0, 0.225, 0.6875], "texture": "#1"},
				"east": {"uv": [0, 0, 0.225, 0.6875], "texture": "#1"},
				"south": {"uv": [0, 0, 0.225, 0.6875], "texture": "#1"},
				"west": {"uv": [0, 0, 0.225, 0.6875], "texture": "#1"},
				"up": {"uv": [0, 0, 0.225, 0.6875], "texture": "#1"},
				"down": {"uv": [0, 0, 0.225, 0.6875], "texture": "#1"}
			}
		},
		{
			"from": [7.85, 10.875, 15.775],
			"to": [7.95, 11.525, 16.225],
			"rotation": {"angle": 0, "axis": "y", "origin": [8, 7.6625, 5.95]},
			"faces": {
				"north": {"uv": [0, 0, 0.05, 0.325], "texture": "#0"},
				"east": {"uv": [0, 0, 0.225, 0.325], "texture": "#0"},
				"south": {"uv": [0, 0, 0.05, 0.325], "texture": "#0"},
				"west": {"uv": [0, 0, 0.225, 0.325], "texture": "#0"},
				"up": {"uv": [0, 0, 0.05, 0.225], "texture": "#0"},
				"down": {"uv": [0, 0, 0.05, 0.225], "texture": "#0"}
			}
		},
		{
			"from": [8.075, 10.875, 15.875],
			"to": [8.175, 11.225, 16.025],
			"rotation": {"angle": 0, "axis": "y", "origin": [8, 7.6625, 5.95]},
			"faces": {
				"north": {"uv": [0, 0, 0.05, 0.175], "texture": "#0"},
				"east": {"uv": [0, 0, 0.075, 0.175], "texture": "#0"},
				"south": {"uv": [0, 0, 0.05, 0.175], "texture": "#0"},
				"west": {"uv": [0, 0, 0.075, 0.175], "texture": "#0"},
				"up": {"uv": [0, 0, 0.05, 0.075], "texture": "#0"},
				"down": {"uv": [0, 0, 0.05, 0.075], "texture": "#0"}
			}
		},
		{
			"from": [7.95, 11.425, 15.775],
			"to": [8.3, 11.525, 16.225],
			"rotation": {"angle": 0, "axis": "y", "origin": [7.9, 11.2, 16]},
			"faces": {
				"north": {"uv": [0, 0, 0.05, 0.175], "rotation": 90, "texture": "#0"},
				"east": {"uv": [0, 0, 0.05, 0.225], "rotation": 270, "texture": "#0"},
				"south": {"uv": [0, 0, 0.05, 0.175], "rotation": 270, "texture": "#0"},
				"west": {"uv": [0, 0, 0.05, 0.225], "rotation": 270, "texture": "#0"},
				"up": {"uv": [0, 0, 0.225, 0.175], "rotation": 270, "texture": "#0"},
				"down": {"uv": [0, 0, 0.225, 0.175], "rotation": 270, "texture": "#0"}
			}
		},
		{
			"from": [7.95, 10.875, 15.775],
			"to": [8.3, 10.975, 16.225],
			"rotation": {"angle": 0, "axis": "y", "origin": [7.9, 11.2, 16]},
			"faces": {
				"north": {"uv": [0, 0, 0.05, 0.175], "rotation": 90, "texture": "#0"},
				"east": {"uv": [0, 0, 0.05, 0.225], "rotation": 270, "texture": "#0"},
				"south": {"uv": [0, 0, 0.05, 0.175], "rotation": 270, "texture": "#0"},
				"west": {"uv": [0, 0, 0.05, 0.225], "rotation": 270, "texture": "#0"},
				"up": {"uv": [0, 0, 0.225, 0.175], "rotation": 270, "texture": "#0"},
				"down": {"uv": [0, 0, 0.225, 0.175], "rotation": 270, "texture": "#0"}
			}
		},
		{
			"from": [8.3, 10.875, 15.775],
			"to": [8.4, 11.525, 16.225],
			"rotation": {"angle": 0, "axis": "y", "origin": [8, 7.6625, 5.95]},
			"faces": {
				"north": {"uv": [0, 0, 0.05, 0.325], "texture": "#0"},
				"east": {"uv": [0, 0, 0.225, 0.325], "texture": "#0"},
				"south": {"uv": [0, 0, 0.05, 0.325], "texture": "#0"},
				"west": {"uv": [0, 0, 0.225, 0.325], "texture": "#0"},
				"up": {"uv": [0, 0, 0.05, 0.225], "texture": "#0"},
				"down": {"uv": [0, 0, 0.05, 0.225], "texture": "#0"}
			}
		},
		{
			"from": [7.95, 9.6, 16.325],
			"to": [8.3, 9.975, 17.275],
			"rotation": {"angle": 0, "axis": "y", "origin": [8, 7.6625, 5.95]},
			"faces": {
				"north": {"uv": [0, 0, 0.175, 0.1875], "texture": "#0"},
				"east": {"uv": [0, 0, 0.475, 0.1875], "texture": "#0"},
				"south": {"uv": [0, 0, 0.175, 0.1875], "texture": "#0"},
				"west": {"uv": [0, 0, 0.475, 0.1875], "texture": "#0"},
				"up": {"uv": [0, 0, 0.175, 0.475], "texture": "#0"},
				"down": {"uv": [0, 0, 0.175, 0.475], "texture": "#0"}
			}
		},
		{
			"from": [7.7, 9.45, 12.025],
			"to": [8.55, 10.475, 15.875],
			"rotation": {"angle": 0, "axis": "y", "origin": [8, 7.6625, 5.95]},
			"faces": {
				"north": {"uv": [5, 1, 10.925, 2.5125], "texture": "#4"},
				"east": {"uv": [5, 1, 10.925, 2.5125], "texture": "#4"},
				"south": {"uv": [5, 1, 10.925, 2.5125], "texture": "#4"},
				"west": {"uv": [5, 1, 10.925, 2.5125], "texture": "#4"},
				"up": {"uv": [5, 1, 10.925, 2.5125], "texture": "#4"},
				"down": {"uv": [5, 1, 10.925, 2.5125], "texture": "#4"}
			}
		},
		{
			"from": [7.75, 9.475, 3.95],
			"to": [8.5, 10.15, 5.05],
			"rotation": {"angle": 0, "axis": "y", "origin": [8, 7.6625, 5.95]},
			"faces": {
				"north": {"uv": [0, 0, 0.55, 0.3375], "texture": "#1"},
				"east": {"uv": [0, 0, 0.55, 0.3375], "texture": "#1"},
				"south": {"uv": [0, 0, 0.55, 0.3375], "texture": "#1"},
				"west": {"uv": [0, 0, 0.55, 0.3375], "texture": "#1"},
				"up": {"uv": [0, 0, 0.55, 0.3375], "texture": "#1"},
				"down": {"uv": [0, 0, 0.55, 0.3375], "texture": "#1"}
			}
		},
		{
			"from": [7.95, 9.55, -0.15],
			"to": [8.3, 10.025, 3.95],
			"rotation": {"angle": 0, "axis": "y", "origin": [8, 7.6625, 5.95]},
			"faces": {
				"north": {"uv": [0, 0, 2.05, 0.2375], "texture": "#1"},
				"east": {"uv": [0, 0, 2.05, 0.2375], "texture": "#1"},
				"south": {"uv": [0, 0, 2.05, 0.2375], "texture": "#1"},
				"west": {"uv": [0, 0, 2.05, 0.2375], "texture": "#1"},
				"up": {"uv": [0, 0, 2.05, 0.2375], "texture": "#1"},
				"down": {"uv": [0, 0, 2.05, 0.2375], "texture": "#1"}
			}
		},
		{
			"from": [7.925, 8.35, -0.95],
			"to": [8.325, 10.45, -0.35],
			"rotation": {"angle": 0, "axis": "y", "origin": [8, 7.6625, 5.95]},
			"faces": {
				"north": {"uv": [0, 0, 0.3, 1.05], "texture": "#1"},
				"east": {"uv": [0, 0, 0.3, 1.05], "texture": "#1"},
				"south": {"uv": [0, 0, 0.3, 1.05], "texture": "#1"},
				"west": {"uv": [0, 0, 0.3, 1.05], "texture": "#1"},
				"up": {"uv": [0, 0, 0.3, 1.05], "texture": "#1"},
				"down": {"uv": [0, 0, 0.3, 1.05], "texture": "#1"}
			}
		},
		{
			"from": [8.05, 8.35, -0.975],
			"to": [8.2, 10.35, -0.95],
			"rotation": {"angle": 0, "axis": "y", "origin": [8, 7.6625, 5.95]},
			"faces": {
				"north": {"uv": [0, 0, 1.075, 2.5], "texture": "#5"},
				"east": {"uv": [0, 0, 1.075, 2.5], "texture": "#5"},
				"south": {"uv": [0, 0, 1.075, 2.5], "texture": "#5"},
				"west": {"uv": [0, 0, 1.075, 2.5], "texture": "#5"},
				"up": {"uv": [0, 0, 1.075, 2.5], "texture": "#5"},
				"down": {"uv": [0, 0, 1.075, 2.5], "texture": "#5"}
			}
		},
		{
			"from": [7.95, 7.475, -0.525],
			"to": [8.3, 8.55, 0.025],
			"rotation": {"angle": 22.5, "axis": "x", "origin": [8.125, 9.4, -0.65]},
			"faces": {
				"north": {"uv": [0, 0, 0.275, 0.5375], "texture": "#1"},
				"east": {"uv": [0, 0, 0.275, 0.5375], "texture": "#1"},
				"south": {"uv": [0, 0, 0.275, 0.5375], "texture": "#1"},
				"west": {"uv": [0, 0, 0.275, 0.5375], "texture": "#1"},
				"up": {"uv": [0, 0, 0.275, 0.5375], "texture": "#1"},
				"down": {"uv": [0, 0, 0.275, 0.5375], "texture": "#1"}
			}
		},
		{
			"from": [8.05, 7.575, -0.55],
			"to": [8.2, 8.325, -0.525],
			"rotation": {"angle": 22.5, "axis": "x", "origin": [8.125, 9.4, -0.65]},
			"faces": {
				"north": {"uv": [0, 0, 1.075, 1.875], "texture": "#5"},
				"east": {"uv": [0, 0, 1.075, 1.875], "texture": "#5"},
				"south": {"uv": [0, 0, 1.075, 1.875], "texture": "#5"},
				"west": {"uv": [0, 0, 1.075, 1.875], "texture": "#5"},
				"up": {"uv": [0, 0, 1.075, 1.875], "texture": "#5"},
				"down": {"uv": [0, 0, 1.075, 1.875], "texture": "#5"}
			}
		},
		{
			"from": [7.95, 9.15, -0.35],
			"to": [8.3, 10.325, -0.15],
			"rotation": {"angle": 0, "axis": "y", "origin": [8, 7.6625, 5.95]},
			"faces": {
				"north": {"uv": [0, 0, 0.1, 0.5875], "texture": "#1"},
				"east": {"uv": [0, 0, 0.1, 0.5875], "texture": "#1"},
				"south": {"uv": [0, 0, 0.1, 0.5875], "texture": "#1"},
				"west": {"uv": [0, 0, 0.1, 0.5875], "texture": "#1"},
				"up": {"uv": [0, 0, 0.1, 0.5875], "texture": "#1"},
				"down": {"uv": [0, 0, 0.1, 0.5875], "texture": "#1"}
			}
		},
		{
			"from": [7.975, 8.725, -0.125],
			"to": [8.275, 9.25, 0.05],
			"rotation": {"angle": 22.5, "axis": "x", "origin": [8.125, 9.7375, -0.25]},
			"faces": {
				"north": {"uv": [0, 0, 0.0875, 0.2625], "texture": "#1"},
				"east": {"uv": [0, 0, 0.0875, 0.2625], "texture": "#1"},
				"south": {"uv": [0, 0, 0.0875, 0.2625], "texture": "#1"},
				"west": {"uv": [0, 0, 0.0875, 0.2625], "texture": "#1"},
				"up": {"uv": [0, 0, 0.0875, 0.2625], "texture": "#1"},
				"down": {"uv": [0, 0, 0.0875, 0.2625], "texture": "#1"}
			}
		},
		{
			"from": [7.975, 10.20077, -0.92819],
			"to": [8.275, 10.32577, -0.67819],
			"rotation": {"angle": 22.5, "axis": "x", "origin": [8.125, 8.96327, -0.34069]},
			"faces": {
				"north": {"uv": [0, 0, 0.0625, 0.125], "rotation": 90, "texture": "#1"},
				"east": {"uv": [0, 0, 0.0625, 0.125], "rotation": 90, "texture": "#1"},
				"south": {"uv": [0, 0, 0.0625, 0.125], "rotation": 90, "texture": "#1"},
				"west": {"uv": [0, 0, 0.0625, 0.125], "rotation": 90, "texture": "#1"},
				"up": {"uv": [0, 0, 0.0625, 0.125], "rotation": 90, "texture": "#1"},
				"down": {"uv": [0, 0, 0.0625, 0.125], "rotation": 90, "texture": "#1"}
			}
		},
		{
			"from": [7.775, 10.0125, 4.6125],
			"to": [8.475, 11.0125, 4.9125],
			"rotation": {"angle": 22.5, "axis": "x", "origin": [8, 9.8125, 4.5]},
			"faces": {
				"north": {"uv": [0, 0, 0.5, 0.15], "rotation": 270, "texture": "#1"},
				"east": {"uv": [0, 0, 0.5, 0.15], "rotation": 270, "texture": "#1"},
				"south": {"uv": [0, 0, 0.5, 0.15], "rotation": 270, "texture": "#1"},
				"west": {"uv": [0, 0, 0.5, 0.15], "rotation": 270, "texture": "#1"},
				"up": {"uv": [0, 0, 0.5, 0.15], "rotation": 270, "texture": "#1"},
				"down": {"uv": [0, 0, 0.5, 0.15], "rotation": 270, "texture": "#1"}
			}
		},
		{
			"from": [7.85, 10.875, 6.3],
			"to": [7.975, 11.325, 7.075],
			"rotation": {"angle": 0, "axis": "y", "origin": [8, 7.6625, 5.95]},
			"faces": {
				"north": {"uv": [0, 0, 0.0625, 0.225], "texture": "#0"},
				"east": {"uv": [0, 0, 0.3875, 0.225], "texture": "#0"},
				"south": {"uv": [0, 0, 0.0625, 0.225], "texture": "#0"},
				"west": {"uv": [0, 0, 0.3875, 0.225], "texture": "#0"},
				"up": {"uv": [0, 0, 0.0625, 0.3875], "texture": "#0"},
				"down": {"uv": [0, 0, 0.0625, 0.3875], "texture": "#0"}
			}
		},
		{
			"from": [7.975, 10.875, 6.3],
			"to": [8.275, 11.025, 7.075],
			"rotation": {"angle": 0, "axis": "y", "origin": [8, 7.6625, 5.95]},
			"faces": {
				"north": {"uv": [0, 0, 0.15, 0.075], "texture": "#0"},
				"east": {"uv": [0, 0, 0.3875, 0.075], "texture": "#0"},
				"south": {"uv": [0, 0, 0.15, 0.075], "texture": "#0"},
				"west": {"uv": [0, 0, 0.3875, 0.075], "texture": "#0"},
				"up": {"uv": [0, 0, 0.15, 0.3875], "texture": "#0"},
				"down": {"uv": [0, 0, 0.15, 0.3875], "texture": "#0"}
			}
		},
		{
			"from": [8.275, 10.875, 6.3],
			"to": [8.4, 11.325, 7.075],
			"rotation": {"angle": 0, "axis": "y", "origin": [8, 7.6625, 5.95]},
			"faces": {
				"north": {"uv": [0, 0, 0.0625, 0.225], "texture": "#0"},
				"east": {"uv": [0, 0, 0.3875, 0.225], "texture": "#0"},
				"south": {"uv": [0, 0, 0.0625, 0.225], "texture": "#0"},
				"west": {"uv": [0, 0, 0.3875, 0.225], "texture": "#0"},
				"up": {"uv": [0, 0, 0.0625, 0.3875], "texture": "#0"},
				"down": {"uv": [0, 0, 0.0625, 0.3875], "texture": "#0"}
			}
		},
		{
			"from": [7.75, 9.475, 5.05],
			"to": [8.5, 10.875, 12.025],
			"rotation": {"angle": 0, "axis": "y", "origin": [8, 7.6625, 5.95]},
			"faces": {
				"north": {"uv": [0, 0, 3.4875, 0.7], "texture": "#1"},
				"east": {"uv": [0, 0, 3.4875, 0.7], "texture": "#1"},
				"south": {"uv": [0, 0, 3.4875, 0.7], "texture": "#1"},
				"west": {"uv": [0, 0, 3.4875, 0.7], "texture": "#1"},
				"up": {"uv": [0, 0, 3.4875, 0.7], "texture": "#1"},
				"down": {"uv": [0, 0, 3.4875, 0.7], "texture": "#1"}
			}
		},
		{
			"from": [7.725, 10.275, 9.875],
			"to": [7.75, 10.575, 10.725],
			"rotation": {"angle": 0, "axis": "y", "origin": [8, 7.6625, 5.95]},
			"faces": {
				"north": {"uv": [0, 0, 3.425, 1.15], "texture": "#3"},
				"east": {"uv": [0, 0, 3.425, 1.15], "texture": "#3"},
				"south": {"uv": [0, 0, 3.425, 1.15], "texture": "#3"},
				"west": {"uv": [0, 0, 3.425, 1.15], "texture": "#3"},
				"up": {"uv": [0, 0, 3.425, 1.15], "texture": "#3"},
				"down": {"uv": [0, 0, 3.425, 1.15], "texture": "#3"}
			}
		},
		{
			"from": [7.85, 8.475, 9.875],
			"to": [8.4, 9.475, 11],
			"rotation": {"angle": 0, "axis": "y", "origin": [8, 7.6625, 5.95]},
			"faces": {
				"north": {"uv": [4.5, 1, 5.5625, 2], "texture": "#4"},
				"east": {"uv": [4.5, 1, 5.5625, 2], "texture": "#4"},
				"south": {"uv": [4.5, 1, 5.5625, 2], "texture": "#4"},
				"west": {"uv": [4.5, 1, 5.5625, 2], "texture": "#4"},
				"up": {"uv": [4.5, 1, 5.5625, 2], "texture": "#4"},
				"down": {"uv": [4.5, 1, 5.5625, 2], "texture": "#4"}
			}
		},
		{
			"from": [8, 5.475, 9.725],
			"to": [8.25, 8.775, 10.475],
			"rotation": {"angle": -22.5, "axis": "x", "origin": [8, 8.975, 10.425]},
			"faces": {
				"north": {"uv": [0, 0, 0.125, 1.65], "texture": "#2"},
				"east": {"uv": [0, 0, 0.375, 1.65], "texture": "#2"},
				"south": {"uv": [0, 0, 0.125, 1.65], "texture": "#2"},
				"west": {"uv": [0, 0, 0.375, 1.65], "texture": "#2"},
				"up": {"uv": [0, 0, 0.125, 0.375], "texture": "#2"},
				"down": {"uv": [0, 0, 0.125, 0.375], "texture": "#2"}
			}
		},
		{
			"from": [7.975, 4.39145, 9.8577],
			"to": [8.275, 5.79145, 10.6077],
			"rotation": {"angle": -45, "axis": "x", "origin": [8, 7.14145, 10.8327]},
			"faces": {
				"north": {"uv": [0, 0, 0.15, 0.7], "texture": "#2"},
				"east": {"uv": [0, 0, 0.375, 0.7], "texture": "#2"},
				"south": {"uv": [0, 0, 0.15, 0.7], "texture": "#2"},
				"west": {"uv": [0, 0, 0.375, 0.7], "texture": "#2"},
				"up": {"uv": [0, 0, 0.15, 0.375], "texture": "#2"},
				"down": {"uv": [0, 0, 0.15, 0.375], "texture": "#2"}
			}
		}
	],
	"display": {
		"thirdperson_righthand": {
			"rotation": [0, 180, 0],
			"translation": [0.25, 0.25, 0.25],
			"scale": [0.98, 0.98, 0.98]
		},
		"thirdperson_lefthand": {
			"rotation": [0, 180, 0],
			"translation": [0.25, 0.25, 0.25],
			"scale": [0.98, 0.98, 0.98]
		},
		"firstperson_righthand": {
			"rotation": [0, 180, 0],
			"translation": [-4.75, 13.25, 5],
			"scale": [1.07, 1.07, 1.07]
		},
		"firstperson_lefthand": {
			"rotation": [0, 180, 0],
			"translation": [-4.75, 100, 5],
			"scale": [1.07, 1.07, 1.07]
		},
		"ground": {
			"rotation": [0, 0, 91]
		},
		"gui": {
			"rotation": [30, -124, 0],
			"scale": [0.96, 0.96, 0.96]
		},
		"head": {
			"rotation": [0, -90, 0],
			"translation": [-1.25, 0.75, 0],
			"scale": [1.65, 1.65, 1.65]
		},
		"fixed": {
			"rotation": [0, 90, 0],
			"translation": [-1.25, 0, -1],
			"scale": [1.51, 1.51, 1.51]
		}
	}
}