{
	"credit": "Made with Blockbench",
	"texture_size": [32, 32],
	"textures": {
		"1": "block/anvil",
		"4": "block/gray_concrete",
		"6": "block/stripped_spruce_log",
		"7": "block/andesite",
		"10": "block/anvil",
		"particle": "block/acacia_planks"
	},
	"elements": [
		{
			"from": [7.375, 4.725, -2.825],
			"to": [8.625, 7.85, -1.925],
			"faces": {
				"north": {"uv": [5, 0, 9.45, 4.5625], "texture": "#6"},
				"east": {"uv": [5, 0, 9.45, 4.5625], "texture": "#6"},
				"south": {"uv": [5, 0, 9.45, 4.5625], "texture": "#6"},
				"west": {"uv": [5, 0, 9.45, 4.5625], "texture": "#6"},
				"up": {"uv": [5, 0, 9.45, 4.5625], "texture": "#6"},
				"down": {"uv": [5, 0, 9.45, 4.5625], "texture": "#6"}
			}
		},
		{
			"from": [7.4, 4.625, -2.925],
			"to": [8.6, 7.95, -2.825],
			"faces": {
				"north": {"uv": [5, 0, 9.05, 4.6625], "texture": "#6"},
				"east": {"uv": [5, 0, 9.05, 4.6625], "texture": "#6"},
				"south": {"uv": [5, 0, 9.05, 4.6625], "texture": "#6"},
				"west": {"uv": [5, 0, 9.05, 4.6625], "texture": "#6"},
				"up": {"uv": [5, 0, 9.05, 4.6625], "texture": "#6"},
				"down": {"uv": [5, 0, 9.05, 4.6625], "texture": "#6"}
			}
		},
		{
			"from": [7.4, 6.1, -1.925],
			"to": [8.6, 7.85, 2.15],
			"faces": {
				"north": {"uv": [5, 0, 11.0375, 3.875], "texture": "#6"},
				"east": {"uv": [5, 0, 11.0375, 3.875], "texture": "#6"},
				"south": {"uv": [5, 0, 11.0375, 3.875], "texture": "#6"},
				"west": {"uv": [5, 0, 11.0375, 3.875], "texture": "#6"},
				"up": {"uv": [5, 0, 11.0375, 3.875], "texture": "#6"},
				"down": {"uv": [5, 0, 11.0375, 3.875], "texture": "#6"}
			}
		},
		{
			"from": [7.4, 6.3, 2.15],
			"to": [8.6, 8.225, 3.075],
			"faces": {
				"north": {"uv": [5, 0, 9.4625, 3.9625], "texture": "#6"},
				"east": {"uv": [5, 0, 9.4625, 3.9625], "texture": "#6"},
				"south": {"uv": [5, 0, 9.4625, 3.9625], "texture": "#6"},
				"west": {"uv": [5, 0, 9.4625, 3.9625], "texture": "#6"},
				"up": {"uv": [5, 0, 9.4625, 3.9625], "texture": "#6"},
				"down": {"uv": [5, 0, 9.4625, 3.9625], "texture": "#6"}
			}
		},
		{
			"from": [7.425, 6.575, 2.825],
			"to": [8.575, 7.925, 3.375],
			"rotation": {"angle": -22.5, "axis": "x", "origin": [8, 7.2625, 2.5]},
			"faces": {
				"north": {"uv": [5, 0, 9.275, 3.675], "texture": "#6"},
				"east": {"uv": [5, 0, 9.275, 3.675], "texture": "#6"},
				"south": {"uv": [5, 0, 9.275, 3.675], "texture": "#6"},
				"west": {"uv": [5, 0, 9.275, 3.675], "texture": "#6"},
				"up": {"uv": [5, 0, 9.275, 3.675], "texture": "#6"},
				"down": {"uv": [5, 0, 9.275, 3.675], "texture": "#6"}
			}
		},
		{
			"from": [7.4, 6.85, 3.35],
			"to": [8.6, 7.925, 4.875],
			"rotation": {"angle": -22.5, "axis": "x", "origin": [8, 7.2625, 2.5]},
			"faces": {
				"north": {"uv": [5, 0, 9.7625, 3.5375], "texture": "#6"},
				"east": {"uv": [5, 0, 9.7625, 3.5375], "texture": "#6"},
				"south": {"uv": [5, 0, 9.7625, 3.5375], "texture": "#6"},
				"west": {"uv": [5, 0, 9.7625, 3.5375], "texture": "#6"},
				"up": {"uv": [5, 0, 9.7625, 3.5375], "texture": "#6"},
				"down": {"uv": [5, 0, 9.7625, 3.5375], "texture": "#6"}
			}
		},
		{
			"from": [7.425, 8.25756, 3.67942],
			"to": [8.575, 8.58256, 4.77942],
			"rotation": {"angle": -45, "axis": "x", "origin": [8, 7.99506, 3.94192]},
			"faces": {
				"north": {"uv": [5, 0, 9.55, 3.1625], "texture": "#6"},
				"east": {"uv": [5, 0, 9.55, 3.1625], "texture": "#6"},
				"south": {"uv": [5, 0, 9.55, 3.1625], "texture": "#6"},
				"west": {"uv": [5, 0, 9.55, 3.1625], "texture": "#6"},
				"up": {"uv": [5, 0, 9.55, 3.1625], "texture": "#6"},
				"down": {"uv": [5, 0, 9.55, 3.1625], "texture": "#6"}
			}
		},
		{
			"from": [7.375, 7.72362, 4.10606],
			"to": [8.625, 8.99862, 7.95606],
			"rotation": {"angle": 0, "axis": "y", "origin": [8, 7.86112, 3.61856]},
			"faces": {
				"north": {"uv": [5, 0, 10.925, 3.6375], "texture": "#6"},
				"east": {"uv": [5, 0, 10.925, 3.6375], "texture": "#6"},
				"south": {"uv": [5, 0, 10.925, 3.6375], "texture": "#6"},
				"west": {"uv": [5, 0, 10.925, 3.6375], "texture": "#6"},
				"up": {"uv": [5, 0, 10.925, 3.6375], "texture": "#6"},
				"down": {"uv": [5, 0, 10.925, 3.6375], "texture": "#6"}
			}
		},
		{
			"from": [7.8, 7.22362, 6.70606],
			"to": [8.1, 7.72362, 6.85606],
			"rotation": {"angle": 0, "axis": "y", "origin": [8, 7.86112, 3.61856]},
			"faces": {
				"north": {"uv": [0, 0, 0.15, 0.25], "texture": "#1"},
				"east": {"uv": [0, 0, 0.075, 0.25], "texture": "#1"},
				"south": {"uv": [0, 0, 0.15, 0.25], "texture": "#1"},
				"west": {"uv": [0, 0, 0.075, 0.25], "texture": "#1"},
				"up": {"uv": [0, 0, 0.15, 0.075], "texture": "#1"},
				"down": {"uv": [0, 0, 0.15, 0.075], "texture": "#1"}
			}
		},
		{
			"from": [7.8, 6.94862, 6.78106],
			"to": [8.1, 7.27362, 6.93106],
			"rotation": {"angle": 22.5, "axis": "x", "origin": [7.95, 7.47362, 6.78106]},
			"faces": {
				"north": {"uv": [0, 0, 0.15, 0.1625], "texture": "#1"},
				"east": {"uv": [0, 0, 0.075, 0.1625], "texture": "#1"},
				"south": {"uv": [0, 0, 0.15, 0.1625], "texture": "#1"},
				"west": {"uv": [0, 0, 0.075, 0.1625], "texture": "#1"},
				"up": {"uv": [0, 0, 0.15, 0.075], "texture": "#1"},
				"down": {"uv": [0, 0, 0.15, 0.075], "texture": "#1"}
			}
		},
		{
			"from": [7.8, 6.96002, 4.66163],
			"to": [8.1, 7.48502, 4.81163],
			"rotation": {"angle": -22.5, "axis": "x", "origin": [7.95, 7.41682, 4.82135]},
			"faces": {
				"north": {"uv": [0, 0, 0.15, 0.2625], "rotation": 180, "texture": "#1"},
				"east": {"uv": [0, 0, 0.075, 0.2625], "rotation": 180, "texture": "#1"},
				"south": {"uv": [0, 0, 0.15, 0.2625], "rotation": 180, "texture": "#1"},
				"west": {"uv": [0, 0, 0.075, 0.2625], "rotation": 180, "texture": "#1"},
				"up": {"uv": [0, 0, 0.15, 0.075], "texture": "#1"},
				"down": {"uv": [0, 0, 0.15, 0.075], "texture": "#1"}
			}
		},
		{
			"from": [7.8, 7.41057, 4.65885],
			"to": [8.1, 7.76057, 4.78385],
			"rotation": {"angle": 0, "axis": "y", "origin": [7.95, 7.41682, 4.82135]},
			"faces": {
				"north": {"uv": [0, 0, 0.15, 0.175], "rotation": 180, "texture": "#1"},
				"east": {"uv": [0, 0, 0.0625, 0.175], "rotation": 180, "texture": "#1"},
				"south": {"uv": [0, 0, 0.15, 0.175], "rotation": 180, "texture": "#1"},
				"west": {"uv": [0, 0, 0.0625, 0.175], "rotation": 180, "texture": "#1"},
				"up": {"uv": [0, 0, 0.15, 0.0625], "texture": "#1"},
				"down": {"uv": [0, 0, 0.15, 0.0625], "texture": "#1"}
			}
		},
		{
			"from": [7.9, 7.41057, 5.28385],
			"to": [8, 7.76057, 5.40885],
			"rotation": {"angle": 0, "axis": "y", "origin": [7.95, 7.41682, 4.82135]},
			"faces": {
				"north": {"uv": [0, 0, 0.05, 0.175], "rotation": 180, "texture": "#1"},
				"east": {"uv": [0, 0, 0.0625, 0.175], "rotation": 180, "texture": "#1"},
				"south": {"uv": [0, 0, 0.05, 0.175], "rotation": 180, "texture": "#1"},
				"west": {"uv": [0, 0, 0.0625, 0.175], "rotation": 180, "texture": "#1"},
				"up": {"uv": [0, 0, 0.05, 0.0625], "texture": "#1"},
				"down": {"uv": [0, 0, 0.05, 0.0625], "texture": "#1"}
			}
		},
		{
			"from": [7.9, 7.23557, 5.93385],
			"to": [8, 7.58557, 6.05885],
			"rotation": {"angle": 0, "axis": "y", "origin": [7.95, 7.41682, 4.82135]},
			"faces": {
				"north": {"uv": [0, 0, 0.05, 0.175], "rotation": 180, "texture": "#1"},
				"east": {"uv": [0, 0, 0.0625, 0.175], "rotation": 180, "texture": "#1"},
				"south": {"uv": [0, 0, 0.05, 0.175], "rotation": 180, "texture": "#1"},
				"west": {"uv": [0, 0, 0.0625, 0.175], "rotation": 180, "texture": "#1"},
				"up": {"uv": [0, 0, 0.05, 0.0625], "texture": "#1"},
				"down": {"uv": [0, 0, 0.05, 0.0625], "texture": "#1"}
			}
		},
		{
			"from": [7.7, 7.58557, 5.70885],
			"to": [8.2, 7.76057, 6.50885],
			"rotation": {"angle": 0, "axis": "y", "origin": [7.95, 7.41682, 4.82135]},
			"faces": {
				"north": {"uv": [0, 0, 0.25, 0.0875], "rotation": 180, "texture": "#1"},
				"east": {"uv": [0, 0, 0.4, 0.0875], "rotation": 180, "texture": "#1"},
				"south": {"uv": [0, 0, 0.25, 0.0875], "rotation": 180, "texture": "#1"},
				"west": {"uv": [0, 0, 0.4, 0.0875], "rotation": 180, "texture": "#1"},
				"up": {"uv": [0, 0, 0.25, 0.4], "texture": "#1"},
				"down": {"uv": [0, 0, 0.25, 0.4], "texture": "#1"}
			}
		},
		{
			"from": [7.7, 7.63557, 7.63385],
			"to": [8.2, 7.76057, 8.70885],
			"rotation": {"angle": 0, "axis": "y", "origin": [7.95, 7.41682, 4.82135]},
			"faces": {
				"north": {"uv": [0, 0, 0.25, 0.0625], "rotation": 180, "texture": "#1"},
				"east": {"uv": [0, 0, 0.5375, 0.0625], "rotation": 180, "texture": "#1"},
				"south": {"uv": [0, 0, 0.25, 0.0625], "rotation": 180, "texture": "#1"},
				"west": {"uv": [0, 0, 0.5375, 0.0625], "rotation": 180, "texture": "#1"},
				"up": {"uv": [0, 0, 0.25, 0.5375], "texture": "#1"},
				"down": {"uv": [0, 0, 0.25, 0.5375], "texture": "#1"}
			}
		},
		{
			"from": [7.7, 7.76057, 8.43385],
			"to": [8.2, 7.83557, 8.70885],
			"rotation": {"angle": 0, "axis": "y", "origin": [7.95, 7.41682, 4.82135]},
			"faces": {
				"north": {"uv": [0, 0, 0.25, 0.0375], "rotation": 180, "texture": "#1"},
				"east": {"uv": [0, 0, 0.1375, 0.0375], "rotation": 180, "texture": "#1"},
				"south": {"uv": [0, 0, 0.25, 0.0375], "rotation": 180, "texture": "#1"},
				"west": {"uv": [0, 0, 0.1375, 0.0375], "rotation": 180, "texture": "#1"},
				"up": {"uv": [0, 0, 0.25, 0.1375], "texture": "#1"},
				"down": {"uv": [0, 0, 0.25, 0.1375], "texture": "#1"}
			}
		},
		{
			"from": [7.9, 7.03557, 5.38385],
			"to": [8, 7.41057, 5.48385],
			"rotation": {"angle": -45, "axis": "x", "origin": [7.95, 7.28557, 5.34635]},
			"faces": {
				"north": {"uv": [0, 0, 0.05, 0.1875], "rotation": 180, "texture": "#1"},
				"east": {"uv": [0, 0, 0.05, 0.1875], "rotation": 180, "texture": "#1"},
				"south": {"uv": [0, 0, 0.05, 0.1875], "rotation": 180, "texture": "#1"},
				"west": {"uv": [0, 0, 0.05, 0.1875], "rotation": 180, "texture": "#1"},
				"up": {"uv": [0, 0, 0.05, 0.05], "texture": "#1"},
				"down": {"uv": [0, 0, 0.05, 0.05], "texture": "#1"}
			}
		},
		{
			"from": [7.8, 6.93311, 4.8587],
			"to": [8.1, 7.03311, 6.7087],
			"rotation": {"angle": 0, "axis": "y", "origin": [7.95, 7.13311, 6.7212]},
			"faces": {
				"north": {"uv": [0, 0, 0.15, 0.05], "rotation": 180, "texture": "#1"},
				"east": {"uv": [0, 0, 0.05, 0.925], "rotation": 90, "texture": "#1"},
				"south": {"uv": [0, 0, 0.15, 0.05], "texture": "#1"},
				"west": {"uv": [0, 0, 0.05, 0.925], "rotation": 270, "texture": "#1"},
				"up": {"uv": [0, 0, 0.15, 0.925], "texture": "#1"},
				"down": {"uv": [0, 0, 0.15, 0.925], "rotation": 180, "texture": "#1"}
			}
		},
		{
			"from": [7.4, 7.82362, 7.95606],
			"to": [8.6, 8.99862, 8.90606],
			"rotation": {"angle": 0, "axis": "y", "origin": [8, 7.86112, 3.61856]},
			"faces": {
				"north": {"uv": [0, 0, 0.6, 0.5875], "texture": "#4"},
				"east": {"uv": [0, 0, 0.475, 0.5875], "texture": "#4"},
				"south": {"uv": [0, 0, 0.6, 0.5875], "texture": "#4"},
				"west": {"uv": [0, 0, 0.475, 0.5875], "texture": "#4"},
				"up": {"uv": [0, 0, 0.6, 0.475], "texture": "#4"},
				"down": {"uv": [0, 0, 0.6, 0.475], "texture": "#4"}
			}
		},
		{
			"from": [7.45, 6.89862, 8.88106],
			"to": [8.575, 7.34862, 10.05606],
			"rotation": {"angle": 0, "axis": "y", "origin": [8, 8.16112, 3.61856]},
			"faces": {
				"north": {"uv": [0, 0, 16, 16], "texture": "#10"},
				"east": {"uv": [0, 0, 16, 16], "texture": "#10"},
				"south": {"uv": [0, 0, 16, 16], "texture": "#10"},
				"west": {"uv": [0, 0, 16, 16], "texture": "#10"},
				"up": {"uv": [0, 0, 16, 16], "texture": "#10"},
				"down": {"uv": [0, 0, 16, 16], "texture": "#10"}
			}
		},
		{
			"from": [7.2, 7.34862, 8.88106],
			"to": [8.8, 8.34862, 10.05606],
			"rotation": {"angle": 0, "axis": "y", "origin": [8, 8.16112, 3.61856]},
			"faces": {
				"north": {"uv": [0, 0, 16, 16], "texture": "#10"},
				"east": {"uv": [0, 0, 16, 16], "texture": "#10"},
				"south": {"uv": [0, 0, 16, 16], "texture": "#10"},
				"west": {"uv": [0, 0, 16, 16], "texture": "#10"},
				"up": {"uv": [0, 0, 16, 16], "texture": "#10"},
				"down": {"uv": [0, 0, 16, 16], "texture": "#10"}
			}
		},
		{
			"from": [8.4944, 8.30689, 8.85606],
			"to": [8.7444, 8.80689, 10.08106],
			"rotation": {"angle": 22.5, "axis": "z", "origin": [8.7069, 8.45689, 9.46856]},
			"faces": {
				"north": {"uv": [0, 0, 16, 16], "rotation": 270, "texture": "#10"},
				"east": {"uv": [0, 0, 16, 16], "rotation": 90, "texture": "#10"},
				"south": {"uv": [0, 0, 16, 16], "rotation": 90, "texture": "#10"},
				"west": {"uv": [0, 0, 16, 16], "rotation": 90, "texture": "#10"},
				"up": {"uv": [0, 0, 16, 16], "rotation": 90, "texture": "#10"},
				"down": {"uv": [0, 0, 16, 16], "rotation": 90, "texture": "#10"}
			}
		},
		{
			"from": [8.46948, 6.91003, 8.85606],
			"to": [8.71948, 7.41003, 10.08106],
			"rotation": {"angle": -22.5, "axis": "z", "origin": [8.59448, 7.16003, 9.46856]},
			"faces": {
				"north": {"uv": [0, 0, 16, 16], "rotation": 270, "texture": "#10"},
				"east": {"uv": [0, 0, 16, 16], "rotation": 90, "texture": "#10"},
				"south": {"uv": [0, 0, 16, 16], "rotation": 90, "texture": "#10"},
				"west": {"uv": [0, 0, 16, 16], "rotation": 90, "texture": "#10"},
				"up": {"uv": [0, 0, 16, 16], "rotation": 90, "texture": "#10"},
				"down": {"uv": [0, 0, 16, 16], "rotation": 90, "texture": "#10"}
			}
		},
		{
			"from": [7.03481, 6.96035, 8.85606],
			"to": [7.28481, 7.46035, 10.08106],
			"rotation": {"angle": 22.5, "axis": "z", "origin": [7.41614, 7.83791, 9.46856]},
			"faces": {
				"north": {"uv": [0, 0, 16, 16], "rotation": 90, "texture": "#10"},
				"east": {"uv": [0, 0, 16, 16], "rotation": 270, "texture": "#10"},
				"south": {"uv": [0, 0, 16, 16], "rotation": 270, "texture": "#10"},
				"west": {"uv": [0, 0, 16, 16], "rotation": 270, "texture": "#10"},
				"up": {"uv": [0, 0, 16, 16], "rotation": 270, "texture": "#10"},
				"down": {"uv": [0, 0, 16, 16], "rotation": 270, "texture": "#10"}
			}
		},
		{
			"from": [7.02864, 8.21291, 8.85606],
			"to": [7.27864, 8.71291, 10.08106],
			"rotation": {"angle": -22.5, "axis": "z", "origin": [7.41614, 7.83791, 9.46856]},
			"faces": {
				"north": {"uv": [0, 0, 16, 16], "rotation": 90, "texture": "#10"},
				"east": {"uv": [0, 0, 16, 16], "rotation": 270, "texture": "#10"},
				"south": {"uv": [0, 0, 16, 16], "rotation": 270, "texture": "#10"},
				"west": {"uv": [0, 0, 16, 16], "rotation": 270, "texture": "#10"},
				"up": {"uv": [0, 0, 16, 16], "rotation": 270, "texture": "#10"},
				"down": {"uv": [0, 0, 16, 16], "rotation": 270, "texture": "#10"}
			}
		},
		{
			"from": [7.4, 8.72362, 8.90606],
			"to": [8.6, 8.99862, 10.05606],
			"rotation": {"angle": 0, "axis": "y", "origin": [8, 7.86112, 3.61856]},
			"faces": {
				"north": {"uv": [0, 0, 0.6, 0.1375], "texture": "#4"},
				"east": {"uv": [0, 0, 0.575, 0.1375], "texture": "#4"},
				"south": {"uv": [0, 0, 0.6, 0.1375], "texture": "#4"},
				"west": {"uv": [0, 0, 0.575, 0.1375], "texture": "#4"},
				"up": {"uv": [0, 0, 0.6, 0.575], "texture": "#4"},
				"down": {"uv": [0, 0, 0.6, 0.575], "texture": "#4"}
			}
		},
		{
			"from": [7.425, 8.99862, 4.28106],
			"to": [8.575, 9.42362, 4.70606],
			"rotation": {"angle": -22.5, "axis": "x", "origin": [8, 9.22362, 4.59356]},
			"faces": {
				"north": {"uv": [0, 0, 0.575, 0.2125], "texture": "#4"},
				"east": {"uv": [0, 0, 0.2125, 0.2125], "texture": "#4"},
				"south": {"uv": [0, 0, 0.575, 0.2125], "texture": "#4"},
				"west": {"uv": [0, 0, 0.2125, 0.2125], "texture": "#4"},
				"up": {"uv": [0, 0, 0.575, 0.2125], "texture": "#4"},
				"down": {"uv": [0, 0, 0.575, 0.2125], "texture": "#4"}
			}
		},
		{
			"from": [7.45, 8.83157, 4.19419],
			"to": [8.55, 9.15657, 4.41919],
			"rotation": {"angle": 22.5, "axis": "x", "origin": [8, 9.14407, 4.53169]},
			"faces": {
				"north": {"uv": [0, 0, 0.55, 0.1625], "rotation": 180, "texture": "#4"},
				"east": {"uv": [0, 0, 0.1625, 0.1125], "rotation": 90, "texture": "#4"},
				"south": {"uv": [0, 0, 0.55, 0.1625], "texture": "#4"},
				"west": {"uv": [0, 0, 0.1625, 0.1125], "rotation": 270, "texture": "#4"},
				"up": {"uv": [0, 0, 0.55, 0.1125], "texture": "#4"},
				"down": {"uv": [0, 0, 0.55, 0.1125], "rotation": 180, "texture": "#4"}
			}
		},
		{
			"from": [7.4, 8.99862, 4.60606],
			"to": [8.6, 9.44862, 11.30606],
			"rotation": {"angle": 0, "axis": "y", "origin": [8, 7.86112, 3.61856]},
			"faces": {
				"north": {"uv": [0, 0, 0.6, 0.225], "texture": "#4"},
				"east": {"uv": [0, 0, 3.35, 0.225], "texture": "#4"},
				"south": {"uv": [0, 0, 0.6, 0.225], "texture": "#4"},
				"west": {"uv": [0, 0, 3.35, 0.225], "texture": "#4"},
				"up": {"uv": [0, 0, 0.6, 3.35], "texture": "#4"},
				"down": {"uv": [0, 0, 0.6, 3.35], "texture": "#4"}
			}
		},
		{
			"from": [7.375, 9.09862, 8.10606],
			"to": [7.4, 9.34862, 10.40606],
			"rotation": {"angle": 0, "axis": "y", "origin": [8, 7.86112, 3.61856]},
			"faces": {
				"north": {"uv": [0, 0, 16, 2.625], "texture": "#7"},
				"east": {"uv": [0, 0, 16, 2.625], "texture": "#7"},
				"south": {"uv": [0, 0, 16, 2.625], "texture": "#7"},
				"west": {"uv": [0, 0, 16, 2.625], "texture": "#7"},
				"up": {"uv": [0, 0, 16, 2.625], "texture": "#7"},
				"down": {"uv": [0, 0, 16, 2.625], "texture": "#7"}
			}
		},
		{
			"from": [7.375, 9.09862, 7.00606],
			"to": [7.4, 9.24862, 8.10606],
			"rotation": {"angle": 0, "axis": "y", "origin": [8, 7.86112, 3.61856]},
			"faces": {
				"north": {"uv": [0, 0, 16, 2.625], "texture": "#7"},
				"east": {"uv": [0, 0, 16, 2.625], "texture": "#7"},
				"south": {"uv": [0, 0, 16, 2.625], "texture": "#7"},
				"west": {"uv": [0, 0, 16, 2.625], "texture": "#7"},
				"up": {"uv": [0, 0, 16, 2.625], "texture": "#7"},
				"down": {"uv": [0, 0, 16, 2.625], "texture": "#7"}
			}
		},
		{
			"from": [7.225, 9.07362, 7.00606],
			"to": [7.375, 9.29862, 7.40606],
			"rotation": {"angle": 0, "axis": "y", "origin": [8, 7.86112, 3.61856]},
			"faces": {
				"north": {"uv": [0, 0, 16, 2.625], "texture": "#1"},
				"east": {"uv": [0, 0, 16, 2.625], "texture": "#1"},
				"south": {"uv": [0, 0, 16, 2.625], "texture": "#1"},
				"west": {"uv": [0, 0, 16, 2.625], "texture": "#1"},
				"up": {"uv": [0, 0, 16, 2.625], "texture": "#1"},
				"down": {"uv": [0, 0, 16, 2.625], "texture": "#1"}
			}
		},
		{
			"from": [7.5, 9.44862, 6.05606],
			"to": [8.5, 9.57362, 7.30606],
			"rotation": {"angle": 0, "axis": "y", "origin": [8, 7.86112, 3.61856]},
			"faces": {
				"north": {"uv": [0, 0, 0.5, 0.0625], "texture": "#1"},
				"east": {"uv": [0, 0, 0.625, 0.0625], "texture": "#1"},
				"south": {"uv": [0, 0, 0.5, 0.0625], "texture": "#1"},
				"west": {"uv": [0, 0, 0.625, 0.0625], "texture": "#1"},
				"up": {"uv": [0, 0, 0.5, 0.625], "texture": "#1"},
				"down": {"uv": [0, 0, 0.5, 0.625], "texture": "#1"}
			}
		},
		{
			"from": [7.8, 9.34862, 15.15606],
			"to": [8.2, 9.47362, 16.40606],
			"rotation": {"angle": 0, "axis": "y", "origin": [8, 7.86112, 3.61856]},
			"faces": {
				"north": {"uv": [0, 0, 0.2, 0.0625], "texture": "#1"},
				"east": {"uv": [0, 0, 0.625, 0.0625], "texture": "#1"},
				"south": {"uv": [0, 0, 0.2, 0.0625], "texture": "#1"},
				"west": {"uv": [0, 0, 0.625, 0.0625], "texture": "#1"},
				"up": {"uv": [0, 0, 0.2, 0.625], "texture": "#1"},
				"down": {"uv": [0, 0, 0.2, 0.625], "texture": "#1"}
			}
		},
		{
			"from": [8.1, 9.47362, 15.35606],
			"to": [8.15, 9.84862, 16.10606],
			"rotation": {"angle": 0, "axis": "y", "origin": [8, 7.86112, 3.61856]},
			"faces": {
				"north": {"uv": [0, 0, 0.025, 0.1875], "texture": "#1"},
				"east": {"uv": [0, 0, 0.375, 0.1875], "texture": "#1"},
				"south": {"uv": [0, 0, 0.025, 0.1875], "texture": "#1"},
				"west": {"uv": [0, 0, 0.375, 0.1875], "texture": "#1"},
				"up": {"uv": [0, 0, 0.025, 0.375], "texture": "#1"},
				"down": {"uv": [0, 0, 0.025, 0.375], "texture": "#1"}
			}
		},
		{
			"from": [7.975, 9.57362, 15.45606],
			"to": [8.025, 9.74862, 15.80606],
			"rotation": {"angle": 0, "axis": "y", "origin": [8, 7.86112, 3.61856]},
			"faces": {
				"north": {"uv": [0, 0, 0.025, 0.0875], "texture": "#1"},
				"east": {"uv": [0, 0, 0.175, 0.0875], "texture": "#1"},
				"south": {"uv": [0, 0, 0.025, 0.0875], "texture": "#1"},
				"west": {"uv": [0, 0, 0.175, 0.0875], "texture": "#1"},
				"up": {"uv": [0, 0, 0.025, 0.175], "texture": "#1"},
				"down": {"uv": [0, 0, 0.025, 0.175], "texture": "#1"}
			}
		},
		{
			"from": [7.85, 9.47362, 15.35606],
			"to": [7.9, 9.84862, 16.10606],
			"rotation": {"angle": 0, "axis": "y", "origin": [8, 7.86112, 3.61856]},
			"faces": {
				"north": {"uv": [0, 0, 0.025, 0.1875], "texture": "#1"},
				"east": {"uv": [0, 0, 0.375, 0.1875], "texture": "#1"},
				"south": {"uv": [0, 0, 0.025, 0.1875], "texture": "#1"},
				"west": {"uv": [0, 0, 0.375, 0.1875], "texture": "#1"},
				"up": {"uv": [0, 0, 0.025, 0.375], "texture": "#1"},
				"down": {"uv": [0, 0, 0.025, 0.375], "texture": "#1"}
			}
		},
		{
			"from": [7.8875, 9.56112, 15.35606],
			"to": [8.1125, 9.58612, 16.10606],
			"rotation": {"angle": 0, "axis": "y", "origin": [8, 9.71112, 15.73106]},
			"faces": {
				"north": {"uv": [0, 0, 0.0125, 0.1125], "rotation": 270, "texture": "#1"},
				"east": {"uv": [0, 0, 0.0125, 0.375], "rotation": 90, "texture": "#1"},
				"south": {"uv": [0, 0, 0.0125, 0.1125], "rotation": 90, "texture": "#1"},
				"west": {"uv": [0, 0, 0.0125, 0.375], "rotation": 90, "texture": "#1"},
				"up": {"uv": [0, 0, 0.375, 0.1125], "rotation": 90, "texture": "#1"},
				"down": {"uv": [0, 0, 0.375, 0.1125], "rotation": 90, "texture": "#1"}
			}
		},
		{
			"from": [7.8875, 9.81112, 15.35606],
			"to": [8.1125, 9.83612, 16.10606],
			"rotation": {"angle": 0, "axis": "y", "origin": [8, 9.71112, 15.73106]},
			"faces": {
				"north": {"uv": [0, 0, 0.0125, 0.1125], "rotation": 270, "texture": "#1"},
				"east": {"uv": [0, 0, 0.0125, 0.375], "rotation": 90, "texture": "#1"},
				"south": {"uv": [0, 0, 0.0125, 0.1125], "rotation": 90, "texture": "#1"},
				"west": {"uv": [0, 0, 0.0125, 0.375], "rotation": 90, "texture": "#1"},
				"up": {"uv": [0, 0, 0.375, 0.1125], "rotation": 90, "texture": "#1"},
				"down": {"uv": [0, 0, 0.375, 0.1125], "rotation": 90, "texture": "#1"}
			}
		},
		{
			"from": [7.7, 9.57362, 6.40606],
			"to": [7.8, 9.87362, 6.93106],
			"rotation": {"angle": 0, "axis": "y", "origin": [8, 7.86112, 3.61856]},
			"faces": {
				"north": {"uv": [0, 0, 0.05, 0.15], "texture": "#1"},
				"east": {"uv": [0, 0, 0.2625, 0.15], "texture": "#1"},
				"south": {"uv": [0, 0, 0.05, 0.15], "texture": "#1"},
				"west": {"uv": [0, 0, 0.2625, 0.15], "texture": "#1"},
				"up": {"uv": [0, 0, 0.05, 0.2625], "texture": "#1"},
				"down": {"uv": [0, 0, 0.05, 0.2625], "texture": "#1"}
			}
		},
		{
			"from": [8.2, 9.57362, 6.40606],
			"to": [8.3, 9.87362, 6.93106],
			"rotation": {"angle": 0, "axis": "y", "origin": [8, 7.86112, 3.61856]},
			"faces": {
				"north": {"uv": [0, 0, 0.05, 0.15], "texture": "#1"},
				"east": {"uv": [0, 0, 0.2625, 0.15], "texture": "#1"},
				"south": {"uv": [0, 0, 0.05, 0.15], "texture": "#1"},
				"west": {"uv": [0, 0, 0.2625, 0.15], "texture": "#1"},
				"up": {"uv": [0, 0, 0.05, 0.2625], "texture": "#1"},
				"down": {"uv": [0, 0, 0.05, 0.2625], "texture": "#1"}
			}
		},
		{
			"from": [7.4, 7.82362, 10.05606],
			"to": [8.6, 8.99862, 10.30606],
			"rotation": {"angle": 0, "axis": "y", "origin": [8, 7.86112, 3.61856]},
			"faces": {
				"north": {"uv": [0, 0, 0.6, 0.5875], "texture": "#4"},
				"east": {"uv": [0, 0, 0.125, 0.5875], "texture": "#4"},
				"south": {"uv": [0, 0, 0.6, 0.5875], "texture": "#4"},
				"west": {"uv": [0, 0, 0.125, 0.5875], "texture": "#4"},
				"up": {"uv": [0, 0, 0.6, 0.125], "texture": "#4"},
				"down": {"uv": [0, 0, 0.6, 0.125], "texture": "#4"}
			}
		},
		{
			"from": [7.4, 8.32362, 10.30606],
			"to": [8.6, 8.99862, 11.30606],
			"rotation": {"angle": 0, "axis": "y", "origin": [8, 7.86112, 3.61856]},
			"faces": {
				"north": {"uv": [0, 0, 0.6, 0.3375], "texture": "#4"},
				"east": {"uv": [0, 0, 0.5, 0.3375], "texture": "#4"},
				"south": {"uv": [0, 0, 0.6, 0.3375], "texture": "#4"},
				"west": {"uv": [0, 0, 0.5, 0.3375], "texture": "#4"},
				"up": {"uv": [0, 0, 0.6, 0.5], "texture": "#4"},
				"down": {"uv": [0, 0, 0.6, 0.5], "texture": "#4"}
			}
		},
		{
			"from": [7.8, 8.94862, 11.20606],
			"to": [7.9, 9.09862, 11.63106],
			"rotation": {"angle": -22.5, "axis": "x", "origin": [8, 8.89862, 11.80606]},
			"faces": {
				"north": {"uv": [0, 0, 0.05, 0.075], "texture": "#1"},
				"east": {"uv": [0, 0, 0.2125, 0.075], "texture": "#1"},
				"south": {"uv": [0, 0, 0.05, 0.075], "texture": "#1"},
				"west": {"uv": [0, 0, 0.2125, 0.075], "texture": "#1"},
				"up": {"uv": [0, 0, 0.05, 0.2125], "texture": "#1"},
				"down": {"uv": [0, 0, 0.05, 0.2125], "texture": "#1"}
			}
		},
		{
			"from": [8.1, 8.94862, 11.20606],
			"to": [8.2, 9.09862, 11.63106],
			"rotation": {"angle": -22.5, "axis": "x", "origin": [8, 8.89862, 11.80606]},
			"faces": {
				"north": {"uv": [0, 0, 0.05, 0.075], "texture": "#1"},
				"east": {"uv": [0, 0, 0.2125, 0.075], "texture": "#1"},
				"south": {"uv": [0, 0, 0.05, 0.075], "texture": "#1"},
				"west": {"uv": [0, 0, 0.2125, 0.075], "texture": "#1"},
				"up": {"uv": [0, 0, 0.05, 0.2125], "texture": "#1"},
				"down": {"uv": [0, 0, 0.05, 0.2125], "texture": "#1"}
			}
		},
		{
			"from": [7.8, 8.87362, 11.30606],
			"to": [7.9, 8.99862, 17.63106],
			"rotation": {"angle": 0, "axis": "y", "origin": [8, 7.86112, 3.61856]},
			"faces": {
				"north": {"uv": [0, 0, 0.05, 0.0625], "texture": "#1"},
				"east": {"uv": [0, 0, 3.1625, 0.0625], "texture": "#1"},
				"south": {"uv": [0, 0, 0.05, 0.0625], "texture": "#1"},
				"west": {"uv": [0, 0, 3.1625, 0.0625], "texture": "#1"},
				"up": {"uv": [0, 0, 0.05, 3.1625], "texture": "#1"},
				"down": {"uv": [0, 0, 0.05, 3.1625], "texture": "#1"}
			}
		},
		{
			"from": [7.8, 9.17362, 11.30606],
			"to": [7.9, 9.34862, 17.63106],
			"rotation": {"angle": 0, "axis": "y", "origin": [8, 7.86112, 3.61856]},
			"faces": {
				"north": {"uv": [0, 0, 0.05, 0.0875], "texture": "#1"},
				"east": {"uv": [0, 0, 3.1625, 0.0875], "texture": "#1"},
				"south": {"uv": [0, 0, 0.05, 0.0875], "texture": "#1"},
				"west": {"uv": [0, 0, 3.1625, 0.0875], "texture": "#1"},
				"up": {"uv": [0, 0, 0.05, 3.1625], "texture": "#1"},
				"down": {"uv": [0, 0, 0.05, 3.1625], "texture": "#1"}
			}
		},
		{
			"from": [8.1, 9.17362, 11.30606],
			"to": [8.2, 9.34862, 17.63106],
			"rotation": {"angle": 0, "axis": "y", "origin": [8, 7.86112, 3.61856]},
			"faces": {
				"north": {"uv": [0, 0, 0.05, 0.0875], "texture": "#1"},
				"east": {"uv": [0, 0, 3.1625, 0.0875], "texture": "#1"},
				"south": {"uv": [0, 0, 0.05, 0.0875], "texture": "#1"},
				"west": {"uv": [0, 0, 3.1625, 0.0875], "texture": "#1"},
				"up": {"uv": [0, 0, 0.05, 3.1625], "texture": "#1"},
				"down": {"uv": [0, 0, 0.05, 3.1625], "texture": "#1"}
			}
		},
		{
			"from": [8.1, 8.87362, 11.30606],
			"to": [8.2, 8.99862, 17.63106],
			"rotation": {"angle": 0, "axis": "y", "origin": [8, 7.86112, 3.61856]},
			"faces": {
				"north": {"uv": [0, 0, 0.05, 0.0625], "texture": "#1"},
				"east": {"uv": [0, 0, 3.1625, 0.0625], "texture": "#1"},
				"south": {"uv": [0, 0, 0.05, 0.0625], "texture": "#1"},
				"west": {"uv": [0, 0, 3.1625, 0.0625], "texture": "#1"},
				"up": {"uv": [0, 0, 0.05, 3.1625], "texture": "#1"},
				"down": {"uv": [0, 0, 0.05, 3.1625], "texture": "#1"}
			}
		},
		{
			"from": [8.1, 8.99862, 12.30606],
			"to": [8.2, 9.17362, 12.63106],
			"rotation": {"angle": 0, "axis": "y", "origin": [8, 9.07362, 14.46856]},
			"faces": {
				"north": {"uv": [0, 0, 0.0875, 0.05], "rotation": 270, "texture": "#1"},
				"east": {"uv": [0, 0, 0.0875, 0.1625], "rotation": 90, "texture": "#1"},
				"south": {"uv": [0, 0, 0.0875, 0.05], "rotation": 90, "texture": "#1"},
				"west": {"uv": [0, 0, 0.0875, 0.1625], "rotation": 90, "texture": "#1"},
				"up": {"uv": [0, 0, 0.1625, 0.05], "rotation": 90, "texture": "#1"},
				"down": {"uv": [0, 0, 0.1625, 0.05], "rotation": 90, "texture": "#1"}
			}
		},
		{
			"from": [7.8, 8.99862, 12.30606],
			"to": [7.9, 9.17362, 12.63106],
			"rotation": {"angle": 0, "axis": "y", "origin": [8, 9.07362, 14.46856]},
			"faces": {
				"north": {"uv": [0, 0, 0.0875, 0.05], "rotation": 270, "texture": "#1"},
				"east": {"uv": [0, 0, 0.0875, 0.1625], "rotation": 90, "texture": "#1"},
				"south": {"uv": [0, 0, 0.0875, 0.05], "rotation": 90, "texture": "#1"},
				"west": {"uv": [0, 0, 0.0875, 0.1625], "rotation": 90, "texture": "#1"},
				"up": {"uv": [0, 0, 0.1625, 0.05], "rotation": 90, "texture": "#1"},
				"down": {"uv": [0, 0, 0.1625, 0.05], "rotation": 90, "texture": "#1"}
			}
		},
		{
			"from": [7.8875, 9.26112, 12.30606],
			"to": [8.1125, 9.33612, 12.63106],
			"rotation": {"angle": 0, "axis": "y", "origin": [8, 9.08612, 12.46856]},
			"faces": {
				"north": {"uv": [0, 0, 0.1125, 0.0375], "rotation": 180, "texture": "#1"},
				"east": {"uv": [0, 0, 0.1625, 0.0375], "rotation": 180, "texture": "#1"},
				"south": {"uv": [0, 0, 0.1125, 0.0375], "rotation": 180, "texture": "#1"},
				"west": {"uv": [0, 0, 0.1625, 0.0375], "rotation": 180, "texture": "#1"},
				"up": {"uv": [0, 0, 0.1125, 0.1625], "rotation": 180, "texture": "#1"},
				"down": {"uv": [0, 0, 0.1125, 0.1625], "rotation": 180, "texture": "#1"}
			}
		},
		{
			"from": [7.8875, 8.88612, 12.30606],
			"to": [8.1125, 8.96112, 12.63106],
			"rotation": {"angle": 0, "axis": "y", "origin": [8, 9.08612, 12.46856]},
			"faces": {
				"north": {"uv": [0, 0, 0.1125, 0.0375], "rotation": 180, "texture": "#1"},
				"east": {"uv": [0, 0, 0.1625, 0.0375], "rotation": 180, "texture": "#1"},
				"south": {"uv": [0, 0, 0.1125, 0.0375], "rotation": 180, "texture": "#1"},
				"west": {"uv": [0, 0, 0.1625, 0.0375], "rotation": 180, "texture": "#1"},
				"up": {"uv": [0, 0, 0.1125, 0.1625], "rotation": 180, "texture": "#1"},
				"down": {"uv": [0, 0, 0.1125, 0.1625], "rotation": 180, "texture": "#1"}
			}
		},
		{
			"from": [7.8875, 8.88612, 13.70606],
			"to": [8.1125, 8.96112, 14.03106],
			"rotation": {"angle": 0, "axis": "y", "origin": [8, 9.08612, 12.46856]},
			"faces": {
				"north": {"uv": [0, 0, 0.1125, 0.0375], "rotation": 180, "texture": "#1"},
				"east": {"uv": [0, 0, 0.1625, 0.0375], "rotation": 180, "texture": "#1"},
				"south": {"uv": [0, 0, 0.1125, 0.0375], "rotation": 180, "texture": "#1"},
				"west": {"uv": [0, 0, 0.1625, 0.0375], "rotation": 180, "texture": "#1"},
				"up": {"uv": [0, 0, 0.1125, 0.1625], "rotation": 180, "texture": "#1"},
				"down": {"uv": [0, 0, 0.1125, 0.1625], "rotation": 180, "texture": "#1"}
			}
		},
		{
			"from": [7.8875, 9.26112, 13.70606],
			"to": [8.1125, 9.33612, 14.03106],
			"rotation": {"angle": 0, "axis": "y", "origin": [8, 9.08612, 12.46856]},
			"faces": {
				"north": {"uv": [0, 0, 0.1125, 0.0375], "rotation": 180, "texture": "#1"},
				"east": {"uv": [0, 0, 0.1625, 0.0375], "rotation": 180, "texture": "#1"},
				"south": {"uv": [0, 0, 0.1125, 0.0375], "rotation": 180, "texture": "#1"},
				"west": {"uv": [0, 0, 0.1625, 0.0375], "rotation": 180, "texture": "#1"},
				"up": {"uv": [0, 0, 0.1125, 0.1625], "rotation": 180, "texture": "#1"},
				"down": {"uv": [0, 0, 0.1125, 0.1625], "rotation": 180, "texture": "#1"}
			}
		},
		{
			"from": [7.8875, 8.88612, 15.10606],
			"to": [8.1125, 8.96112, 15.43106],
			"rotation": {"angle": 0, "axis": "y", "origin": [8, 9.08612, 12.46856]},
			"faces": {
				"north": {"uv": [0, 0, 0.1125, 0.0375], "rotation": 180, "texture": "#1"},
				"east": {"uv": [0, 0, 0.1625, 0.0375], "rotation": 180, "texture": "#1"},
				"south": {"uv": [0, 0, 0.1125, 0.0375], "rotation": 180, "texture": "#1"},
				"west": {"uv": [0, 0, 0.1625, 0.0375], "rotation": 180, "texture": "#1"},
				"up": {"uv": [0, 0, 0.1125, 0.1625], "rotation": 180, "texture": "#1"},
				"down": {"uv": [0, 0, 0.1125, 0.1625], "rotation": 180, "texture": "#1"}
			}
		},
		{
			"from": [7.8875, 9.26112, 15.10606],
			"to": [8.1125, 9.33612, 15.43106],
			"rotation": {"angle": 0, "axis": "y", "origin": [8, 9.08612, 12.46856]},
			"faces": {
				"north": {"uv": [0, 0, 0.1125, 0.0375], "rotation": 180, "texture": "#1"},
				"east": {"uv": [0, 0, 0.1625, 0.0375], "rotation": 180, "texture": "#1"},
				"south": {"uv": [0, 0, 0.1125, 0.0375], "rotation": 180, "texture": "#1"},
				"west": {"uv": [0, 0, 0.1625, 0.0375], "rotation": 180, "texture": "#1"},
				"up": {"uv": [0, 0, 0.1125, 0.1625], "rotation": 180, "texture": "#1"},
				"down": {"uv": [0, 0, 0.1125, 0.1625], "rotation": 180, "texture": "#1"}
			}
		},
		{
			"from": [7.8875, 9.26112, 16.50606],
			"to": [8.1125, 9.33612, 16.83106],
			"rotation": {"angle": 0, "axis": "y", "origin": [8, 9.08612, 12.46856]},
			"faces": {
				"north": {"uv": [0, 0, 0.1125, 0.0375], "rotation": 180, "texture": "#1"},
				"east": {"uv": [0, 0, 0.1625, 0.0375], "rotation": 180, "texture": "#1"},
				"south": {"uv": [0, 0, 0.1125, 0.0375], "rotation": 180, "texture": "#1"},
				"west": {"uv": [0, 0, 0.1625, 0.0375], "rotation": 180, "texture": "#1"},
				"up": {"uv": [0, 0, 0.1125, 0.1625], "rotation": 180, "texture": "#1"},
				"down": {"uv": [0, 0, 0.1125, 0.1625], "rotation": 180, "texture": "#1"}
			}
		},
		{
			"from": [7.8875, 8.88612, 16.50606],
			"to": [8.1125, 8.96112, 16.83106],
			"rotation": {"angle": 0, "axis": "y", "origin": [8, 9.08612, 12.46856]},
			"faces": {
				"north": {"uv": [0, 0, 0.1125, 0.0375], "rotation": 180, "texture": "#1"},
				"east": {"uv": [0, 0, 0.1625, 0.0375], "rotation": 180, "texture": "#1"},
				"south": {"uv": [0, 0, 0.1125, 0.0375], "rotation": 180, "texture": "#1"},
				"west": {"uv": [0, 0, 0.1625, 0.0375], "rotation": 180, "texture": "#1"},
				"up": {"uv": [0, 0, 0.1125, 0.1625], "rotation": 180, "texture": "#1"},
				"down": {"uv": [0, 0, 0.1125, 0.1625], "rotation": 180, "texture": "#1"}
			}
		},
		{
			"from": [7.8875, 9.26112, 17.30606],
			"to": [8.1125, 9.33612, 17.63106],
			"rotation": {"angle": 0, "axis": "y", "origin": [8, 9.08612, 12.46856]},
			"faces": {
				"north": {"uv": [0, 0, 0.1125, 0.0375], "rotation": 180, "texture": "#1"},
				"east": {"uv": [0, 0, 0.1625, 0.0375], "rotation": 180, "texture": "#1"},
				"south": {"uv": [0, 0, 0.1125, 0.0375], "rotation": 180, "texture": "#1"},
				"west": {"uv": [0, 0, 0.1625, 0.0375], "rotation": 180, "texture": "#1"},
				"up": {"uv": [0, 0, 0.1125, 0.1625], "rotation": 180, "texture": "#1"},
				"down": {"uv": [0, 0, 0.1125, 0.1625], "rotation": 180, "texture": "#1"}
			}
		},
		{
			"from": [7.8875, 8.88612, 17.30606],
			"to": [8.1125, 8.96112, 17.63106],
			"rotation": {"angle": 0, "axis": "y", "origin": [8, 9.08612, 12.46856]},
			"faces": {
				"north": {"uv": [0, 0, 0.1125, 0.0375], "rotation": 180, "texture": "#1"},
				"east": {"uv": [0, 0, 0.1625, 0.0375], "rotation": 180, "texture": "#1"},
				"south": {"uv": [0, 0, 0.1125, 0.0375], "rotation": 180, "texture": "#1"},
				"west": {"uv": [0, 0, 0.1625, 0.0375], "rotation": 180, "texture": "#1"},
				"up": {"uv": [0, 0, 0.1125, 0.1625], "rotation": 180, "texture": "#1"},
				"down": {"uv": [0, 0, 0.1125, 0.1625], "rotation": 180, "texture": "#1"}
			}
		},
		{
			"from": [8.1, 8.99862, 13.70606],
			"to": [8.2, 9.17362, 14.03106],
			"rotation": {"angle": 0, "axis": "y", "origin": [8, 9.07362, 14.46856]},
			"faces": {
				"north": {"uv": [0, 0, 0.0875, 0.05], "rotation": 270, "texture": "#1"},
				"east": {"uv": [0, 0, 0.0875, 0.1625], "rotation": 90, "texture": "#1"},
				"south": {"uv": [0, 0, 0.0875, 0.05], "rotation": 90, "texture": "#1"},
				"west": {"uv": [0, 0, 0.0875, 0.1625], "rotation": 90, "texture": "#1"},
				"up": {"uv": [0, 0, 0.1625, 0.05], "rotation": 90, "texture": "#1"},
				"down": {"uv": [0, 0, 0.1625, 0.05], "rotation": 90, "texture": "#1"}
			}
		},
		{
			"from": [7.8, 8.99862, 13.70606],
			"to": [7.9, 9.17362, 14.03106],
			"rotation": {"angle": 0, "axis": "y", "origin": [8, 9.07362, 14.46856]},
			"faces": {
				"north": {"uv": [0, 0, 0.0875, 0.05], "rotation": 270, "texture": "#1"},
				"east": {"uv": [0, 0, 0.0875, 0.1625], "rotation": 90, "texture": "#1"},
				"south": {"uv": [0, 0, 0.0875, 0.05], "rotation": 90, "texture": "#1"},
				"west": {"uv": [0, 0, 0.0875, 0.1625], "rotation": 90, "texture": "#1"},
				"up": {"uv": [0, 0, 0.1625, 0.05], "rotation": 90, "texture": "#1"},
				"down": {"uv": [0, 0, 0.1625, 0.05], "rotation": 90, "texture": "#1"}
			}
		},
		{
			"from": [8.1, 8.99862, 15.10606],
			"to": [8.2, 9.17362, 15.43106],
			"rotation": {"angle": 0, "axis": "y", "origin": [8, 9.07362, 14.46856]},
			"faces": {
				"north": {"uv": [0, 0, 0.0875, 0.05], "rotation": 270, "texture": "#1"},
				"east": {"uv": [0, 0, 0.0875, 0.1625], "rotation": 90, "texture": "#1"},
				"south": {"uv": [0, 0, 0.0875, 0.05], "rotation": 90, "texture": "#1"},
				"west": {"uv": [0, 0, 0.0875, 0.1625], "rotation": 90, "texture": "#1"},
				"up": {"uv": [0, 0, 0.1625, 0.05], "rotation": 90, "texture": "#1"},
				"down": {"uv": [0, 0, 0.1625, 0.05], "rotation": 90, "texture": "#1"}
			}
		},
		{
			"from": [8.1, 8.99862, 16.50606],
			"to": [8.2, 9.17362, 16.83106],
			"rotation": {"angle": 0, "axis": "y", "origin": [8, 9.07362, 14.46856]},
			"color": 0,
			"faces": {
				"north": {"uv": [0, 0, 0.0875, 0.05], "rotation": 270, "texture": "#missing"},
				"east": {"uv": [0, 0, 0.0875, 0.1625], "rotation": 90, "texture": "#missing"},
				"south": {"uv": [0, 0, 0.0875, 0.05], "rotation": 90, "texture": "#missing"},
				"west": {"uv": [0, 0, 0.0875, 0.1625], "rotation": 90, "texture": "#missing"},
				"up": {"uv": [0, 0, 0.1625, 0.05], "rotation": 90, "texture": "#missing"},
				"down": {"uv": [0, 0, 0.1625, 0.05], "rotation": 90, "texture": "#missing"}
			}
		},
		{
			"from": [7.8, 8.99862, 15.10606],
			"to": [7.9, 9.17362, 15.43106],
			"rotation": {"angle": 0, "axis": "y", "origin": [8, 9.07362, 14.46856]},
			"faces": {
				"north": {"uv": [0, 0, 0.0875, 0.05], "rotation": 270, "texture": "#1"},
				"east": {"uv": [0, 0, 0.0875, 0.1625], "rotation": 90, "texture": "#1"},
				"south": {"uv": [0, 0, 0.0875, 0.05], "rotation": 90, "texture": "#1"},
				"west": {"uv": [0, 0, 0.0875, 0.1625], "rotation": 90, "texture": "#1"},
				"up": {"uv": [0, 0, 0.1625, 0.05], "rotation": 90, "texture": "#1"},
				"down": {"uv": [0, 0, 0.1625, 0.05], "rotation": 90, "texture": "#1"}
			}
		},
		{
			"from": [8.1, 8.99862, 16.50606],
			"to": [8.2, 9.17362, 16.83106],
			"rotation": {"angle": 0, "axis": "y", "origin": [8, 9.07362, 14.46856]},
			"faces": {
				"north": {"uv": [0, 0, 0.0875, 0.05], "rotation": 270, "texture": "#1"},
				"east": {"uv": [0, 0, 0.0875, 0.1625], "rotation": 90, "texture": "#1"},
				"south": {"uv": [0, 0, 0.0875, 0.05], "rotation": 90, "texture": "#1"},
				"west": {"uv": [0, 0, 0.0875, 0.1625], "rotation": 90, "texture": "#1"},
				"up": {"uv": [0, 0, 0.1625, 0.05], "rotation": 90, "texture": "#1"},
				"down": {"uv": [0, 0, 0.1625, 0.05], "rotation": 90, "texture": "#1"}
			}
		},
		{
			"from": [8.1, 8.99862, 16.50606],
			"to": [8.2, 9.17362, 16.83106],
			"rotation": {"angle": 0, "axis": "y", "origin": [8, 9.07362, 14.46856]},
			"color": 0,
			"faces": {
				"north": {"uv": [0, 0, 0.0875, 0.05], "rotation": 270, "texture": "#missing"},
				"east": {"uv": [0, 0, 0.0875, 0.1625], "rotation": 90, "texture": "#missing"},
				"south": {"uv": [0, 0, 0.0875, 0.05], "rotation": 90, "texture": "#missing"},
				"west": {"uv": [0, 0, 0.0875, 0.1625], "rotation": 90, "texture": "#missing"},
				"up": {"uv": [0, 0, 0.1625, 0.05], "rotation": 90, "texture": "#missing"},
				"down": {"uv": [0, 0, 0.1625, 0.05], "rotation": 90, "texture": "#missing"}
			}
		},
		{
			"from": [7.8, 8.99862, 16.50606],
			"to": [7.9, 9.17362, 16.83106],
			"rotation": {"angle": 0, "axis": "y", "origin": [8, 9.07362, 14.46856]},
			"faces": {
				"north": {"uv": [0, 0, 0.0875, 0.05], "rotation": 270, "texture": "#1"},
				"east": {"uv": [0, 0, 0.0875, 0.1625], "rotation": 90, "texture": "#1"},
				"south": {"uv": [0, 0, 0.0875, 0.05], "rotation": 90, "texture": "#1"},
				"west": {"uv": [0, 0, 0.0875, 0.1625], "rotation": 90, "texture": "#1"},
				"up": {"uv": [0, 0, 0.1625, 0.05], "rotation": 90, "texture": "#1"},
				"down": {"uv": [0, 0, 0.1625, 0.05], "rotation": 90, "texture": "#1"}
			}
		},
		{
			"from": [8.1, 8.99862, 17.30606],
			"to": [8.2, 9.17362, 17.63106],
			"rotation": {"angle": 0, "axis": "y", "origin": [8, 9.07362, 14.46856]},
			"faces": {
				"north": {"uv": [0, 0, 0.0875, 0.05], "rotation": 270, "texture": "#1"},
				"east": {"uv": [0, 0, 0.0875, 0.1625], "rotation": 90, "texture": "#1"},
				"south": {"uv": [0, 0, 0.0875, 0.05], "rotation": 90, "texture": "#1"},
				"west": {"uv": [0, 0, 0.0875, 0.1625], "rotation": 90, "texture": "#1"},
				"up": {"uv": [0, 0, 0.1625, 0.05], "rotation": 90, "texture": "#1"},
				"down": {"uv": [0, 0, 0.1625, 0.05], "rotation": 90, "texture": "#1"}
			}
		},
		{
			"from": [7.8, 8.99862, 17.30606],
			"to": [7.9, 9.17362, 17.63106],
			"rotation": {"angle": 0, "axis": "y", "origin": [8, 9.07362, 14.46856]},
			"faces": {
				"north": {"uv": [0, 0, 0.0875, 0.05], "rotation": 270, "texture": "#1"},
				"east": {"uv": [0, 0, 0.0875, 0.1625], "rotation": 90, "texture": "#1"},
				"south": {"uv": [0, 0, 0.0875, 0.05], "rotation": 90, "texture": "#1"},
				"west": {"uv": [0, 0, 0.0875, 0.1625], "rotation": 90, "texture": "#1"},
				"up": {"uv": [0, 0, 0.1625, 0.05], "rotation": 90, "texture": "#1"},
				"down": {"uv": [0, 0, 0.1625, 0.05], "rotation": 90, "texture": "#1"}
			}
		},
		{
			"from": [7.4, 7.85, -1.925],
			"to": [8.6, 8.225, 2.15],
			"faces": {
				"north": {"uv": [5, 0, 11.0375, 3.1875], "texture": "#6"},
				"east": {"uv": [5, 0, 11.0375, 3.1875], "texture": "#6"},
				"south": {"uv": [5, 0, 11.0375, 3.1875], "texture": "#6"},
				"west": {"uv": [5, 0, 11.0375, 3.1875], "texture": "#6"},
				"up": {"uv": [5, 0, 11.0375, 3.1875], "texture": "#6"},
				"down": {"uv": [5, 0, 11.0375, 3.1875], "texture": "#6"}
			}
		},
		{
			"from": [7.425, 7.675, -2.875],
			"to": [8.575, 8.025, -1.85],
			"rotation": {"angle": -22.5, "axis": "x", "origin": [8, 8.0375, -2.375]},
			"faces": {
				"north": {"uv": [5, 0, 9.5125, 3.175], "texture": "#6"},
				"east": {"uv": [5, 0, 9.5125, 3.175], "texture": "#6"},
				"south": {"uv": [5, 0, 9.5125, 3.175], "texture": "#6"},
				"west": {"uv": [5, 0, 9.5125, 3.175], "texture": "#6"},
				"up": {"uv": [5, 0, 9.5125, 3.175], "texture": "#6"},
				"down": {"uv": [5, 0, 9.5125, 3.175], "texture": "#6"}
			}
		},
		{
			"from": [7.425, 5.4, -2.7],
			"to": [8.575, 6.9, 0.875],
			"rotation": {"angle": -22.5, "axis": "x", "origin": [8, 6.95, -0.65]},
			"faces": {
				"north": {"uv": [5, 0, 10.7875, 3.75], "texture": "#6"},
				"east": {"uv": [5, 0, 10.7875, 3.75], "texture": "#6"},
				"south": {"uv": [5, 0, 10.7875, 3.75], "texture": "#6"},
				"west": {"uv": [5, 0, 10.7875, 3.75], "texture": "#6"},
				"up": {"uv": [5, 0, 10.7875, 3.75], "texture": "#6"},
				"down": {"uv": [5, 0, 10.7875, 3.75], "texture": "#6"}
			}
		}
	],
	"display": {
		"thirdperson_righthand": {
			"rotation": [0, 180, 0],
			"translation": [0, 0.75, -2.75],
			"scale": [1.18, 1.18, 1.18]
		},
		"thirdperson_lefthand": {
			"rotation": [0, 180, 0],
			"translation": [0, 0.75, -2.75],
			"scale": [1.18, 1.18, 1.18]
		},
		"firstperson_righthand": {
			"rotation": [0, 180, 0],
			"translation": [-5, 15.25, 4.5],
			"scale": [0.82, 1.07, 1.07]
		},
		"firstperson_lefthand": {
			"rotation": [0, 180, 0],
			"translation": [-5, 100, 4.5],
			"scale": [0.82, 1.07, 1.07]
		},
		"ground": {
			"rotation": [0, 0, 90]
		},
		"gui": {
			"rotation": [30, -124, 0],
			"translation": [-0.5, 0.25, 0],
			"scale": [0.87, 0.87, 0.87]
		},
		"head": {
			"rotation": [0, -90, 0],
			"translation": [1.25, 1.25, -1],
			"scale": [1.74, 1.74, 1.74]
		},
		"fixed": {
			"rotation": [0, 90, 0],
			"translation": [0.75, 0, -1],
			"scale": [1.51, 1.51, 1.51]
		}
	}
}