{
	"credit": "Made with Blockbench",
	"texture_size": [32, 32],
	"textures": {
		"0": "block/anvil",
		"1": "block/black_concrete",
		"2": "block/spruce_planks",
		"3": "block/gray_concrete",
		"particle": "block/anvil"
	},
	"elements": [
		{
			"from": [7.6, 3.3, -1.6],
			"to": [8.45, 3.7, 2],
			"faces": {
				"north": {"uv": [0, 0, 2.8, 0.7], "texture": "#2"},
				"east": {"uv": [0, 0, 2.8, 0.7], "texture": "#2"},
				"south": {"uv": [0, 0, 2.8, 0.7], "texture": "#2"},
				"west": {"uv": [0, 0, 2.8, 0.7], "texture": "#2"},
				"up": {"uv": [0, 0, 2.8, 0.7], "texture": "#2"},
				"down": {"uv": [0, 0, 2.8, 0.7], "texture": "#2"}
			}
		},
		{
			"from": [7.6, 4.625, 1.2],
			"to": [8.45, 6.25, 1.975],
			"faces": {
				"north": {"uv": [0, 0, 1.3875, 1.3125], "texture": "#2"},
				"east": {"uv": [0, 0, 1.3875, 1.3125], "texture": "#2"},
				"south": {"uv": [0, 0, 1.3875, 1.3125], "texture": "#2"},
				"west": {"uv": [0, 0, 1.3875, 1.3125], "texture": "#2"},
				"up": {"uv": [0, 0, 1.3875, 1.3125], "texture": "#2"},
				"down": {"uv": [0, 0, 1.3875, 1.3125], "texture": "#2"}
			}
		},
		{
			"from": [7.6, 3.7, -1.625],
			"to": [8.45, 4.625, 2],
			"faces": {
				"north": {"uv": [0, 0, 2.8125, 0.9625], "texture": "#2"},
				"east": {"uv": [0, 0, 2.8125, 0.9625], "texture": "#2"},
				"south": {"uv": [0, 0, 2.8125, 0.9625], "texture": "#2"},
				"west": {"uv": [0, 0, 2.8125, 0.9625], "texture": "#2"},
				"up": {"uv": [0, 0, 2.8125, 0.9625], "texture": "#2"},
				"down": {"uv": [0, 0, 2.8125, 0.9625], "texture": "#2"}
			}
		},
		{
			"from": [7.625, 3.925, -1.7],
			"to": [8.425, 7.325, 0.925],
			"rotation": {"angle": 22.5, "axis": "x", "origin": [8.025, 4.05, 0.1]},
			"faces": {
				"north": {"uv": [0, 0, 2.3125, 2.2], "texture": "#2"},
				"east": {"uv": [0, 0, 2.3125, 2.2], "texture": "#2"},
				"south": {"uv": [0, 0, 2.3125, 2.2], "texture": "#2"},
				"west": {"uv": [0, 0, 2.3125, 2.2], "texture": "#2"},
				"up": {"uv": [0, 0, 2.3125, 2.2], "texture": "#2"},
				"down": {"uv": [0, 0, 2.3125, 2.2], "texture": "#2"}
			}
		},
		{
			"from": [7.575, 6.74167, -1.61016],
			"to": [8.475, 10.04167, 0.83984],
			"rotation": {"angle": 45, "axis": "x", "origin": [8.025, 5.69167, 0.25234]},
			"faces": {
				"north": {"uv": [0, 0, 2.225, 2.15], "texture": "#2"},
				"east": {"uv": [0, 0, 2.225, 2.15], "texture": "#2"},
				"south": {"uv": [0, 0, 2.225, 2.15], "texture": "#2"},
				"west": {"uv": [0, 0, 2.225, 2.15], "texture": "#2"},
				"up": {"uv": [0, 0, 2.225, 2.15], "texture": "#2"},
				"down": {"uv": [0, 0, 2.225, 2.15], "texture": "#2"}
			}
		},
		{
			"from": [7.6, 10.04167, -1.06016],
			"to": [8.45, 11.54167, 0.83984],
			"rotation": {"angle": 45, "axis": "x", "origin": [8.025, 5.69167, 0.25234]},
			"faces": {
				"north": {"uv": [0, 0, 0.425, 0.75], "texture": "#3"},
				"east": {"uv": [0, 0, 0.95, 0.75], "texture": "#3"},
				"south": {"uv": [0, 0, 0.425, 0.75], "texture": "#3"},
				"west": {"uv": [0, 0, 0.95, 0.75], "texture": "#3"},
				"up": {"uv": [0, 0, 0.425, 0.95], "texture": "#3"},
				"down": {"uv": [0, 0, 0.425, 0.95], "texture": "#3"}
			}
		},
		{
			"from": [7.625, 11.82924, 4.15225],
			"to": [8.425, 12.07924, 4.42725],
			"rotation": {"angle": 0, "axis": "y", "origin": [8.025, 9.55424, 3.60225]},
			"faces": {
				"north": {"uv": [0, 0, 0.4, 0.125], "texture": "#3"},
				"east": {"uv": [0, 0, 0.1375, 0.125], "texture": "#3"},
				"south": {"uv": [0, 0, 0.4, 0.125], "texture": "#3"},
				"west": {"uv": [0, 0, 0.1375, 0.125], "texture": "#3"},
				"up": {"uv": [0, 0, 0.4, 0.1375], "texture": "#3"},
				"down": {"uv": [0, 0, 0.4, 0.1375], "texture": "#3"}
			}
		},
		{
			"from": [7.625, 9.72924, 3.90225],
			"to": [8.425, 11.87924, 4.42725],
			"rotation": {"angle": 0, "axis": "y", "origin": [8.025, 9.55424, 3.60225]},
			"faces": {
				"north": {"uv": [0, 0, 0.4, 1.075], "texture": "#3"},
				"east": {"uv": [0, 0, 0.2625, 1.075], "texture": "#3"},
				"south": {"uv": [0, 0, 0.4, 1.075], "texture": "#3"},
				"west": {"uv": [0, 0, 0.2625, 1.075], "texture": "#3"},
				"up": {"uv": [0, 0, 0.4, 0.2625], "texture": "#3"},
				"down": {"uv": [0, 0, 0.4, 0.2625], "texture": "#3"}
			}
		},
		{
			"from": [7.625, 10.32924, 3.45225],
			"to": [8.425, 11.70424, 3.90225],
			"rotation": {"angle": 0, "axis": "y", "origin": [8.025, 9.55424, 3.60225]},
			"faces": {
				"north": {"uv": [0, 0, 0.4, 0.6875], "texture": "#3"},
				"east": {"uv": [0, 0, 0.225, 0.6875], "texture": "#3"},
				"south": {"uv": [0, 0, 0.4, 0.6875], "texture": "#3"},
				"west": {"uv": [0, 0, 0.225, 0.6875], "texture": "#3"},
				"up": {"uv": [0, 0, 0.4, 0.225], "texture": "#3"},
				"down": {"uv": [0, 0, 0.4, 0.225], "texture": "#3"}
			}
		},
		{
			"from": [7.825, 10.62161, 3.28687],
			"to": [8.225, 11.54661, 3.61187],
			"rotation": {"angle": -45, "axis": "x", "origin": [8.025, 10.93411, 3.11187]},
			"faces": {
				"north": {"uv": [0, 0, 0.1625, 0.4625], "texture": "#0"},
				"east": {"uv": [0, 0, 0.1625, 0.4625], "texture": "#0"},
				"south": {"uv": [0, 0, 0.1625, 0.4625], "texture": "#0"},
				"west": {"uv": [0, 0, 0.1625, 0.4625], "texture": "#0"},
				"up": {"uv": [0, 0, 0.1625, 0.4625], "texture": "#0"},
				"down": {"uv": [0, 0, 0.1625, 0.4625], "texture": "#0"}
			}
		},
		{
			"from": [7.825, 11.33604, 1.98899],
			"to": [8.225, 11.66104, 2.88899],
			"rotation": {"angle": 22.5, "axis": "x", "origin": [8.025, 11.29854, 3.11399]},
			"faces": {
				"north": {"uv": [0, 0, 0.1625, 0.45], "rotation": 90, "texture": "#0"},
				"east": {"uv": [0, 0, 0.1625, 0.45], "rotation": 90, "texture": "#0"},
				"south": {"uv": [0, 0, 0.1625, 0.45], "rotation": 90, "texture": "#0"},
				"west": {"uv": [0, 0, 0.1625, 0.45], "rotation": 90, "texture": "#0"},
				"up": {"uv": [0, 0, 0.1625, 0.45], "rotation": 90, "texture": "#0"},
				"down": {"uv": [0, 0, 0.1625, 0.45], "rotation": 90, "texture": "#0"}
			}
		},
		{
			"from": [7.625, 9.05424, 4.42725],
			"to": [8.425, 12.07924, 4.82725],
			"rotation": {"angle": 0, "axis": "y", "origin": [8.025, 9.55424, 3.60225]},
			"faces": {
				"north": {"uv": [0, 0, 0.4, 1.5125], "texture": "#3"},
				"east": {"uv": [0, 0, 0.2, 1.5125], "texture": "#3"},
				"south": {"uv": [0, 0, 0.4, 1.5125], "texture": "#3"},
				"west": {"uv": [0, 0, 0.2, 1.5125], "texture": "#3"},
				"up": {"uv": [0, 0, 0.4, 0.2], "texture": "#3"},
				"down": {"uv": [0, 0, 0.4, 0.2], "texture": "#3"}
			}
		},
		{
			"from": [8.225, 12.25424, 16.25225],
			"to": [8.425, 12.35424, 16.92725],
			"rotation": {"angle": 0, "axis": "y", "origin": [8.025, 9.55424, 3.60225]},
			"faces": {
				"north": {"uv": [0, 0, 0.1, 0.05], "texture": "#0"},
				"east": {"uv": [0, 0, 0.3375, 0.05], "texture": "#0"},
				"south": {"uv": [0, 0, 0.1, 0.05], "texture": "#0"},
				"west": {"uv": [0, 0, 0.3375, 0.05], "texture": "#0"},
				"up": {"uv": [0, 0, 0.1, 0.3375], "texture": "#0"},
				"down": {"uv": [0, 0, 0.1, 0.3375], "texture": "#0"}
			}
		},
		{
			"from": [8.225, 12.05424, 15.75225],
			"to": [8.425, 12.25424, 16.92725],
			"rotation": {"angle": 0, "axis": "y", "origin": [8.025, 9.55424, 3.60225]},
			"faces": {
				"north": {"uv": [0, 0, 0.1, 0.1], "texture": "#0"},
				"east": {"uv": [0, 0, 0.5875, 0.1], "texture": "#0"},
				"south": {"uv": [0, 0, 0.1, 0.1], "texture": "#0"},
				"west": {"uv": [0, 0, 0.5875, 0.1], "texture": "#0"},
				"up": {"uv": [0, 0, 0.1, 0.5875], "texture": "#0"},
				"down": {"uv": [0, 0, 0.1, 0.5875], "texture": "#0"}
			}
		},
		{
			"from": [7.625, 12.05424, 15.75225],
			"to": [7.825, 12.25424, 16.92725],
			"rotation": {"angle": 0, "axis": "y", "origin": [8.025, 9.55424, 3.60225]},
			"faces": {
				"north": {"uv": [0, 0, 0.1, 0.1], "texture": "#0"},
				"east": {"uv": [0, 0, 0.5875, 0.1], "texture": "#0"},
				"south": {"uv": [0, 0, 0.1, 0.1], "texture": "#0"},
				"west": {"uv": [0, 0, 0.5875, 0.1], "texture": "#0"},
				"up": {"uv": [0, 0, 0.1, 0.5875], "texture": "#0"},
				"down": {"uv": [0, 0, 0.1, 0.5875], "texture": "#0"}
			}
		},
		{
			"from": [7.625, 12.25424, 16.25225],
			"to": [7.825, 12.35424, 16.92725],
			"rotation": {"angle": 0, "axis": "y", "origin": [8.025, 9.55424, 3.60225]},
			"faces": {
				"north": {"uv": [0, 0, 0.1, 0.05], "texture": "#0"},
				"east": {"uv": [0, 0, 0.3375, 0.05], "texture": "#0"},
				"south": {"uv": [0, 0, 0.1, 0.05], "texture": "#0"},
				"west": {"uv": [0, 0, 0.3375, 0.05], "texture": "#0"},
				"up": {"uv": [0, 0, 0.1, 0.3375], "texture": "#0"},
				"down": {"uv": [0, 0, 0.1, 0.3375], "texture": "#0"}
			}
		},
		{
			"from": [7.975, 12.02924, 16.45225],
			"to": [8.075, 12.35424, 16.62725],
			"rotation": {"angle": 0, "axis": "y", "origin": [8.025, 9.55424, 3.60225]},
			"faces": {
				"north": {"uv": [0, 0, 0.05, 0.1625], "texture": "#0"},
				"east": {"uv": [0, 0, 0.0875, 0.1625], "texture": "#0"},
				"south": {"uv": [0, 0, 0.05, 0.1625], "texture": "#0"},
				"west": {"uv": [0, 0, 0.0875, 0.1625], "texture": "#0"},
				"up": {"uv": [0, 0, 0.05, 0.0875], "texture": "#0"},
				"down": {"uv": [0, 0, 0.05, 0.0875], "texture": "#0"}
			}
		},
		{
			"from": [7.625, 12.05424, 4.15225],
			"to": [8.425, 12.25424, 5.42725],
			"rotation": {"angle": 0, "axis": "y", "origin": [8.025, 9.55424, 3.60225]},
			"faces": {
				"north": {"uv": [0, 0, 0.4, 0.1], "texture": "#0"},
				"east": {"uv": [0, 0, 0.6375, 0.1], "texture": "#0"},
				"south": {"uv": [0, 0, 0.4, 0.1], "texture": "#0"},
				"west": {"uv": [0, 0, 0.6375, 0.1], "texture": "#0"},
				"up": {"uv": [0, 0, 0.4, 0.6375], "texture": "#0"},
				"down": {"uv": [0, 0, 0.4, 0.6375], "texture": "#0"}
			}
		},
		{
			"from": [7.625, 12.25424, 4.15225],
			"to": [7.825, 12.47924, 4.42725],
			"rotation": {"angle": 0, "axis": "y", "origin": [8.025, 9.55424, 3.60225]},
			"faces": {
				"north": {"uv": [0, 0, 0.1, 0.1125], "texture": "#0"},
				"east": {"uv": [0, 0, 0.1375, 0.1125], "texture": "#0"},
				"south": {"uv": [0, 0, 0.1, 0.1125], "texture": "#0"},
				"west": {"uv": [0, 0, 0.1375, 0.1125], "texture": "#0"},
				"up": {"uv": [0, 0, 0.1, 0.1375], "texture": "#0"},
				"down": {"uv": [0, 0, 0.1, 0.1375], "texture": "#0"}
			}
		},
		{
			"from": [8.225, 12.25424, 4.15225],
			"to": [8.425, 12.47924, 4.42725],
			"rotation": {"angle": 0, "axis": "y", "origin": [8.025, 9.55424, 3.60225]},
			"faces": {
				"north": {"uv": [0, 0, 0.1, 0.1125], "texture": "#0"},
				"east": {"uv": [0, 0, 0.1375, 0.1125], "texture": "#0"},
				"south": {"uv": [0, 0, 0.1, 0.1125], "texture": "#0"},
				"west": {"uv": [0, 0, 0.1375, 0.1125], "texture": "#0"},
				"up": {"uv": [0, 0, 0.1, 0.1375], "texture": "#0"},
				"down": {"uv": [0, 0, 0.1, 0.1375], "texture": "#0"}
			}
		},
		{
			"from": [7.625, 11.66674, 4.81475],
			"to": [8.425, 12.06674, 17.13975],
			"rotation": {"angle": 0, "axis": "y", "origin": [8.025, 10.14174, 4.62725]},
			"faces": {
				"north": {"uv": [0, 0, 0.4, 0.2], "rotation": 180, "texture": "#3"},
				"east": {"uv": [0, 0, 0.2, 6.1625], "rotation": 90, "texture": "#3"},
				"south": {"uv": [0, 0, 0.4, 0.2], "texture": "#3"},
				"west": {"uv": [0, 0, 0.2, 6.1625], "rotation": 270, "texture": "#3"},
				"up": {"uv": [0, 0, 0.4, 6.1625], "texture": "#3"},
				"down": {"uv": [0, 0, 0.4, 6.1625], "rotation": 180, "texture": "#3"}
			}
		},
		{
			"from": [7.525, 10.64174, 8.61475],
			"to": [8.525, 11.66674, 17.16475],
			"rotation": {"angle": 0, "axis": "y", "origin": [8.025, 10.14174, 4.62725]},
			"faces": {
				"north": {"uv": [0, 0, 0.5, 0.5125], "rotation": 180, "texture": "#3"},
				"east": {"uv": [0, 0, 0.5125, 4.275], "rotation": 90, "texture": "#3"},
				"south": {"uv": [0, 0, 0.5, 0.5125], "texture": "#3"},
				"west": {"uv": [0, 0, 0.5125, 4.275], "rotation": 270, "texture": "#3"},
				"up": {"uv": [0, 0, 0.5, 4.275], "texture": "#3"},
				"down": {"uv": [0, 0, 0.5, 4.275], "rotation": 180, "texture": "#3"}
			}
		},
		{
			"from": [7.525, 10.64174, 17.16475],
			"to": [8.525, 11.66674, 17.18975],
			"rotation": {"angle": 0, "axis": "y", "origin": [8.025, 10.14174, 4.62725]},
			"faces": {
				"north": {"uv": [0, 0, 0.5, 0.5125], "rotation": 180, "texture": "#3"},
				"east": {"uv": [0, 0, 0.5125, 0.0125], "rotation": 90, "texture": "#3"},
				"south": {"uv": [0, 0, 0.5, 0.5125], "texture": "#3"},
				"west": {"uv": [0, 0, 0.5125, 0.0125], "rotation": 270, "texture": "#3"},
				"up": {"uv": [0, 0, 0.5, 0.0125], "texture": "#3"},
				"down": {"uv": [0, 0, 0.5, 0.0125], "rotation": 180, "texture": "#3"}
			}
		},
		{
			"from": [7.625, 10.74174, 17.18975],
			"to": [8.425, 11.56674, 17.21475],
			"rotation": {"angle": 0, "axis": "y", "origin": [8.025, 10.14174, 4.62725]},
			"faces": {
				"north": {"uv": [0, 0, 0.4, 0.4125], "rotation": 180, "texture": "#1"},
				"east": {"uv": [0, 0, 0.4125, 0.0125], "rotation": 90, "texture": "#1"},
				"south": {"uv": [0, 0, 0.4, 0.4125], "texture": "#1"},
				"west": {"uv": [0, 0, 0.4125, 0.0125], "rotation": 270, "texture": "#1"},
				"up": {"uv": [0, 0, 0.4, 0.0125], "texture": "#1"},
				"down": {"uv": [0, 0, 0.4, 0.0125], "rotation": 180, "texture": "#1"}
			}
		},
		{
			"from": [7.625, 9.84174, 8.61475],
			"to": [8.425, 10.64174, 17.16475],
			"rotation": {"angle": 0, "axis": "y", "origin": [8.025, 10.14174, 4.62725]},
			"faces": {
				"north": {"uv": [0, 0, 0.4, 0.4], "rotation": 180, "texture": "#3"},
				"east": {"uv": [0, 0, 0.4, 4.275], "rotation": 90, "texture": "#3"},
				"south": {"uv": [0, 0, 0.4, 0.4], "texture": "#3"},
				"west": {"uv": [0, 0, 0.4, 4.275], "rotation": 270, "texture": "#3"},
				"up": {"uv": [0, 0, 0.4, 4.275], "texture": "#3"},
				"down": {"uv": [0, 0, 0.4, 4.275], "rotation": 180, "texture": "#3"}
			}
		},
		{
			"from": [7.125, 9.11674, 4.86475],
			"to": [8.825, 11.61674, 7.61475],
			"rotation": {"angle": 0, "axis": "y", "origin": [8.025, 10.14174, 4.62725]},
			"faces": {
				"north": {"uv": [3.5, 3, 12.25, 11.875], "rotation": 90, "texture": "#0"},
				"east": {"uv": [3.5, 3, 12.25, 11.875], "rotation": 90, "texture": "#0"},
				"south": {"uv": [3.5, 3, 12.25, 11.875], "rotation": 90, "texture": "#0"},
				"west": {"uv": [3.5, 3, 12.25, 11.875], "rotation": 90, "texture": "#0"},
				"up": {"uv": [3.5, 3, 12.25, 11.875], "rotation": 90, "texture": "#0"},
				"down": {"uv": [3.5, 3, 12.25, 11.875], "rotation": 90, "texture": "#0"}
			}
		},
		{
			"from": [7.625, 9.02924, 7.65225],
			"to": [8.425, 11.67924, 8.62725],
			"rotation": {"angle": 0, "axis": "y", "origin": [8.025, 9.55424, 3.60225]},
			"faces": {
				"north": {"uv": [0, 0, 0.4, 1.325], "texture": "#3"},
				"east": {"uv": [0, 0, 0.4875, 1.325], "texture": "#3"},
				"south": {"uv": [0, 0, 0.4, 1.325], "texture": "#3"},
				"west": {"uv": [0, 0, 0.4875, 1.325], "texture": "#3"},
				"up": {"uv": [0, 0, 0.4, 0.4875], "texture": "#3"},
				"down": {"uv": [0, 0, 0.4, 0.4875], "texture": "#3"}
			}
		},
		{
			"from": [7.625, 8.22924, 3.67725],
			"to": [8.425, 9.05424, 8.50225],
			"rotation": {"angle": 0, "axis": "y", "origin": [8.025, 9.55424, 3.60225]},
			"faces": {
				"north": {"uv": [0, 0, 0.4, 0.4125], "texture": "#3"},
				"east": {"uv": [0, 0, 2.4125, 0.4125], "texture": "#3"},
				"south": {"uv": [0, 0, 0.4, 0.4125], "texture": "#3"},
				"west": {"uv": [0, 0, 2.4125, 0.4125], "texture": "#3"},
				"up": {"uv": [0, 0, 0.4, 2.4125], "texture": "#3"},
				"down": {"uv": [0, 0, 0.4, 2.4125], "texture": "#3"}
			}
		},
		{
			"from": [7.725, 8.00424, 6.40225],
			"to": [8.325, 8.22924, 8.50225],
			"rotation": {"angle": 0, "axis": "y", "origin": [8.025, 9.55424, 3.60225]},
			"faces": {
				"north": {"uv": [0, 0, 0.3, 0.1125], "texture": "#3"},
				"east": {"uv": [0, 0, 1.05, 0.1125], "texture": "#3"},
				"south": {"uv": [0, 0, 0.3, 0.1125], "texture": "#3"},
				"west": {"uv": [0, 0, 1.05, 0.1125], "texture": "#3"},
				"up": {"uv": [0, 0, 0.3, 1.05], "texture": "#3"},
				"down": {"uv": [0, 0, 0.3, 1.05], "texture": "#3"}
			}
		},
		{
			"from": [7.825, 6.80424, 3.80225],
			"to": [8.225, 8.00424, 4.02725],
			"rotation": {"angle": 0, "axis": "y", "origin": [8.025, 9.55424, 3.60225]},
			"faces": {
				"north": {"uv": [0, 0, 0.1125, 0.6], "texture": "#0"},
				"east": {"uv": [0, 0, 0.1125, 0.6], "texture": "#0"},
				"south": {"uv": [0, 0, 0.1125, 0.6], "texture": "#0"},
				"west": {"uv": [0, 0, 0.1125, 0.6], "texture": "#0"},
				"up": {"uv": [0, 0, 0.1125, 0.6], "texture": "#0"},
				"down": {"uv": [0, 0, 0.1125, 0.6], "texture": "#0"}
			}
		},
		{
			"from": [7.95, 6.87924, 5.10225],
			"to": [8.1, 8.27924, 5.35225],
			"rotation": {"angle": 0, "axis": "y", "origin": [8.025, 9.55424, 3.60225]},
			"faces": {
				"north": {"uv": [0, 0, 0.125, 0.7], "texture": "#0"},
				"east": {"uv": [0, 0, 0.125, 0.7], "texture": "#0"},
				"south": {"uv": [0, 0, 0.125, 0.7], "texture": "#0"},
				"west": {"uv": [0, 0, 0.125, 0.7], "texture": "#0"},
				"up": {"uv": [0, 0, 0.125, 0.7], "texture": "#0"},
				"down": {"uv": [0, 0, 0.125, 0.7], "texture": "#0"}
			}
		},
		{
			"from": [7.95, 6.40424, 4.57725],
			"to": [8.1, 7.17924, 4.90225],
			"rotation": {"angle": -45, "axis": "x", "origin": [8.025, 7.67924, 5.18975]},
			"faces": {
				"north": {"uv": [0, 0, 0.1625, 0.3875], "texture": "#0"},
				"east": {"uv": [0, 0, 0.1625, 0.3875], "texture": "#0"},
				"south": {"uv": [0, 0, 0.1625, 0.3875], "texture": "#0"},
				"west": {"uv": [0, 0, 0.1625, 0.3875], "texture": "#0"},
				"up": {"uv": [0, 0, 0.1625, 0.3875], "texture": "#0"},
				"down": {"uv": [0, 0, 0.1625, 0.3875], "texture": "#0"}
			}
		},
		{
			"from": [7.825, 6.85424, 6.80225],
			"to": [8.225, 8.00424, 7.05225],
			"rotation": {"angle": 0, "axis": "y", "origin": [8.025, 9.55424, 3.60225]},
			"faces": {
				"north": {"uv": [0, 0, 0.125, 0.575], "texture": "#0"},
				"east": {"uv": [0, 0, 0.125, 0.575], "texture": "#0"},
				"south": {"uv": [0, 0, 0.125, 0.575], "texture": "#0"},
				"west": {"uv": [0, 0, 0.125, 0.575], "texture": "#0"},
				"up": {"uv": [0, 0, 0.125, 0.575], "texture": "#0"},
				"down": {"uv": [0, 0, 0.125, 0.575], "texture": "#0"}
			}
		},
		{
			"from": [7.825, 6.23374, 6.35676],
			"to": [8.225, 7.43374, 6.60676],
			"rotation": {"angle": 45, "axis": "x", "origin": [8.025, 6.60874, 6.13176]},
			"faces": {
				"north": {"uv": [0, 0, 0.125, 0.6], "texture": "#0"},
				"east": {"uv": [0, 0, 0.125, 0.6], "texture": "#0"},
				"south": {"uv": [0, 0, 0.125, 0.6], "texture": "#0"},
				"west": {"uv": [0, 0, 0.125, 0.6], "texture": "#0"},
				"up": {"uv": [0, 0, 0.125, 0.6], "texture": "#0"},
				"down": {"uv": [0, 0, 0.125, 0.6], "texture": "#0"}
			}
		},
		{
			"from": [7.825, 6.02036, 4.58834],
			"to": [8.225, 6.27036, 6.23834],
			"rotation": {"angle": 0, "axis": "y", "origin": [8.025, 6.52036, 6.53834]},
			"faces": {
				"north": {"uv": [0, 0, 0.125, 0.825], "rotation": 270, "texture": "#0"},
				"east": {"uv": [0, 0, 0.125, 0.825], "rotation": 270, "texture": "#0"},
				"south": {"uv": [0, 0, 0.125, 0.825], "rotation": 270, "texture": "#0"},
				"west": {"uv": [0, 0, 0.125, 0.825], "rotation": 270, "texture": "#0"},
				"up": {"uv": [0, 0, 0.125, 0.825], "rotation": 270, "texture": "#0"},
				"down": {"uv": [0, 0, 0.125, 0.825], "rotation": 270, "texture": "#0"}
			}
		},
		{
			"from": [7.825, 7.54536, 4.81334],
			"to": [8.225, 8.67036, 5.06334],
			"rotation": {"angle": -45, "axis": "x", "origin": [8.025, 6.52036, 6.53834]},
			"faces": {
				"north": {"uv": [0, 0, 0.125, 0.5625], "rotation": 180, "texture": "#0"},
				"east": {"uv": [0, 0, 0.125, 0.5625], "rotation": 180, "texture": "#0"},
				"south": {"uv": [0, 0, 0.125, 0.5625], "rotation": 180, "texture": "#0"},
				"west": {"uv": [0, 0, 0.125, 0.5625], "rotation": 180, "texture": "#0"},
				"up": {"uv": [0, 0, 0.125, 0.5625], "rotation": 180, "texture": "#0"},
				"down": {"uv": [0, 0, 0.125, 0.5625], "rotation": 180, "texture": "#0"}
			}
		},
		{
			"from": [7.725, 8.00424, 3.70225],
			"to": [8.325, 8.22924, 4.42725],
			"rotation": {"angle": 0, "axis": "y", "origin": [8.025, 9.55424, 3.60225]},
			"faces": {
				"north": {"uv": [0, 0, 0.3, 0.1125], "texture": "#3"},
				"east": {"uv": [0, 0, 0.3625, 0.1125], "texture": "#3"},
				"south": {"uv": [0, 0, 0.3, 0.1125], "texture": "#3"},
				"west": {"uv": [0, 0, 0.3625, 0.1125], "texture": "#3"},
				"up": {"uv": [0, 0, 0.3, 0.3625], "texture": "#3"},
				"down": {"uv": [0, 0, 0.3, 0.3625], "texture": "#3"}
			}
		},
		{
			"from": [7.625, 10.12924, 2.35225],
			"to": [8.425, 10.65424, 3.95225],
			"rotation": {"angle": -22.5, "axis": "x", "origin": [8.025, 9.55424, 3.60225]},
			"faces": {
				"north": {"uv": [0, 0, 0.4, 0.2625], "rotation": 180, "texture": "#3"},
				"east": {"uv": [0, 0, 0.2625, 0.8], "rotation": 270, "texture": "#3"},
				"south": {"uv": [0, 0, 0.4, 0.2625], "texture": "#3"},
				"west": {"uv": [0, 0, 0.2625, 0.8], "rotation": 90, "texture": "#3"},
				"up": {"uv": [0, 0, 0.4, 0.8], "rotation": 180, "texture": "#3"},
				"down": {"uv": [0, 0, 0.4, 0.8], "texture": "#3"}
			}
		},
		{
			"from": [7.625, 7.29431, 2.67842],
			"to": [8.425, 8.46931, 3.70342],
			"rotation": {"angle": 0, "axis": "y", "origin": [8.025, 8.06931, 1.72842]},
			"faces": {
				"north": {"uv": [0, 0, 1.5875, 1.0125], "rotation": 270, "texture": "#2"},
				"east": {"uv": [0, 0, 1.5875, 1.0125], "rotation": 270, "texture": "#2"},
				"south": {"uv": [0, 0, 1.5875, 1.0125], "rotation": 270, "texture": "#2"},
				"west": {"uv": [0, 0, 1.5875, 1.0125], "rotation": 270, "texture": "#2"},
				"up": {"uv": [0, 0, 1.5875, 1.0125], "rotation": 270, "texture": "#2"},
				"down": {"uv": [0, 0, 1.5875, 1.0125], "rotation": 270, "texture": "#2"}
			}
		}
	],
	"display": {
		"thirdperson_righthand": {
			"rotation": [0, 180, 0],
			"translation": [0.25, 0.25, -1.5],
			"scale": [0.56, 0.56, 0.56]
		},
		"thirdperson_lefthand": {
			"rotation": [0, 180, 0],
			"translation": [0.25, 0.25, -1.5],
			"scale": [0.56, 0.56, 0.56]
		},
		"firstperson_righthand": {
			"rotation": [0, 180, 0],
			"translation": [-1.25, 13.25, -0.75],
			"scale": [0.95, 0.95, 0.95]
		},
		"firstperson_lefthand": {
			"rotation": [0, 180, 0],
			"translation": [-1.25, 100, -0.75],
			"scale": [0.95, 0.95, 0.95]
		},
		"ground": {
			"rotation": [0, 0, 90]
		},
		"gui": {
			"rotation": [30, -124, 0],
			"scale": [0.93, 0.93, 0.93]
		},
		"head": {
			"rotation": [0, -90, 0],
			"translation": [0, 2.25, 0],
			"scale": [1.2, 1.2, 1.2]
		},
		"fixed": {
			"rotation": [0, 90, 0],
			"translation": [0.5, -0.5, -1],
			"scale": [1.51, 1.51, 1.51]
		}
	}
}