{
	"credit": "Made with Blockbench",
	"texture_size": [32, 32],
	"textures": {
		"0": "block/anvil",
		"1": "block/gray_concrete",
		"2": "block/gray_concrete_powder",
		"3": "block/cyan_terracotta",
		"4": "block/blast_furnace_top",
		"5": "block/black_concrete",
		"7": "block/cauldron_inner",
		"particle": "block/anvil"
	},
	"elements": [
		{
			"from": [8.2, 10.45648, 2.39902],
			"to": [8.35, 10.53148, 2.52402],
			"rotation": {"angle": -45, "axis": "x", "origin": [8.3125, 10.50648, 2.46152]},
			"faces": {
				"north": {"uv": [0, 0, 0.5625, 0.5375], "texture": "#3"},
				"east": {"uv": [0, 0, 0.5625, 0.5375], "texture": "#3"},
				"south": {"uv": [0, 0, 0.5625, 0.5375], "texture": "#3"},
				"west": {"uv": [0, 0, 0.5625, 0.5375], "texture": "#3"},
				"up": {"uv": [0, 0, 0.5625, 0.5375], "texture": "#3"},
				"down": {"uv": [0, 0, 0.5625, 0.5375], "texture": "#3"}
			}
		},
		{
			"from": [8.275, 8.97238, -0.14085],
			"to": [8.35, 9.79738, 2.80915],
			"rotation": {"angle": -22.5, "axis": "x", "origin": [8.3125, 9.37238, 0.83415]},
			"faces": {
				"north": {"uv": [0, 0, 1.975, 0.9125], "texture": "#3"},
				"east": {"uv": [0, 0, 1.975, 0.9125], "texture": "#3"},
				"south": {"uv": [0, 0, 1.975, 0.9125], "texture": "#3"},
				"west": {"uv": [0, 0, 1.975, 0.9125], "texture": "#3"},
				"up": {"uv": [0, 0, 1.975, 0.9125], "texture": "#3"},
				"down": {"uv": [0, 0, 1.975, 0.9125], "texture": "#3"}
			}
		},
		{
			"from": [8.275, 8.68693, -1.93959],
			"to": [8.325, 9.43693, 0.23541],
			"rotation": {"angle": 0, "axis": "y", "origin": [8.03125, 8.59943, -1.06459]},
			"faces": {
				"north": {"uv": [0, 0, 1.5875, 0.875], "texture": "#3"},
				"east": {"uv": [0, 0, 1.5875, 0.875], "texture": "#3"},
				"south": {"uv": [0, 0, 1.5875, 0.875], "texture": "#3"},
				"west": {"uv": [0, 0, 1.5875, 0.875], "texture": "#3"},
				"up": {"uv": [0, 0, 1.5875, 0.875], "texture": "#3"},
				"down": {"uv": [0, 0, 1.5875, 0.875], "texture": "#3"}
			}
		},
		{
			"from": [8.225, 8.97238, 0.55915],
			"to": [8.275, 9.79738, 2.80915],
			"rotation": {"angle": -22.5, "axis": "x", "origin": [8.3125, 9.37238, 0.83415]},
			"faces": {
				"north": {"uv": [0, 0, 1.625, 0.9125], "texture": "#3"},
				"east": {"uv": [0, 0, 1.625, 0.9125], "texture": "#3"},
				"south": {"uv": [0, 0, 1.625, 0.9125], "texture": "#3"},
				"west": {"uv": [0, 0, 1.625, 0.9125], "texture": "#3"},
				"up": {"uv": [0, 0, 1.625, 0.9125], "texture": "#3"},
				"down": {"uv": [0, 0, 1.625, 0.9125], "texture": "#3"}
			}
		},
		{
			"from": [8.2, 10.41948, 2.501],
			"to": [8.35, 10.56948, 8.901],
			"rotation": {"angle": 0, "axis": "y", "origin": [8.3125, 10.53198, 3.601]},
			"faces": {
				"north": {"uv": [0, 0, 3.7, 0.575], "texture": "#3"},
				"east": {"uv": [0, 0, 3.7, 0.575], "texture": "#3"},
				"south": {"uv": [0, 0, 3.7, 0.575], "texture": "#3"},
				"west": {"uv": [0, 0, 3.7, 0.575], "texture": "#3"},
				"up": {"uv": [0, 0, 3.7, 0.575], "texture": "#3"},
				"down": {"uv": [0, 0, 3.7, 0.575], "texture": "#3"}
			}
		},
		{
			"from": [8.2, 9.71948, 2.726],
			"to": [8.35, 9.86948, 8.901],
			"rotation": {"angle": 0, "axis": "y", "origin": [8.3125, 10.53198, 3.601]},
			"faces": {
				"north": {"uv": [0, 0, 3.5875, 0.575], "texture": "#3"},
				"east": {"uv": [0, 0, 3.5875, 0.575], "texture": "#3"},
				"south": {"uv": [0, 0, 3.5875, 0.575], "texture": "#3"},
				"west": {"uv": [0, 0, 3.5875, 0.575], "texture": "#3"},
				"up": {"uv": [0, 0, 3.5875, 0.575], "texture": "#3"},
				"down": {"uv": [0, 0, 3.5875, 0.575], "texture": "#3"}
			}
		},
		{
			"from": [8.2, 9.86948, 5.576],
			"to": [8.35, 10.41948, 8.901],
			"rotation": {"angle": 0, "axis": "y", "origin": [8.3125, 10.53198, 3.601]},
			"faces": {
				"north": {"uv": [0, 0, 2.1625, 0.775], "texture": "#3"},
				"east": {"uv": [0, 0, 2.1625, 0.775], "texture": "#3"},
				"south": {"uv": [0, 0, 2.1625, 0.775], "texture": "#3"},
				"west": {"uv": [0, 0, 2.1625, 0.775], "texture": "#3"},
				"up": {"uv": [0, 0, 2.1625, 0.775], "texture": "#3"},
				"down": {"uv": [0, 0, 2.1625, 0.775], "texture": "#3"}
			}
		},
		{
			"from": [8.2, 9.86948, 4.851],
			"to": [8.35, 10.41948, 5.026],
			"rotation": {"angle": 0, "axis": "y", "origin": [8.3125, 10.53198, 3.601]},
			"faces": {
				"north": {"uv": [0, 0, 0.5875, 0.775], "texture": "#3"},
				"east": {"uv": [0, 0, 0.5875, 0.775], "texture": "#3"},
				"south": {"uv": [0, 0, 0.5875, 0.775], "texture": "#3"},
				"west": {"uv": [0, 0, 0.5875, 0.775], "texture": "#3"},
				"up": {"uv": [0, 0, 0.5875, 0.775], "texture": "#3"},
				"down": {"uv": [0, 0, 0.5875, 0.775], "texture": "#3"}
			}
		},
		{
			"from": [8.2, 9.75698, 4.7885],
			"to": [8.35, 10.00698, 4.9385],
			"rotation": {"angle": -45, "axis": "x", "origin": [8.3125, 10.14448, 4.9385]},
			"faces": {
				"north": {"uv": [0, 0, 0.625, 0.575], "rotation": 270, "texture": "#3"},
				"east": {"uv": [0, 0, 0.625, 0.575], "rotation": 270, "texture": "#3"},
				"south": {"uv": [0, 0, 0.625, 0.575], "rotation": 270, "texture": "#3"},
				"west": {"uv": [0, 0, 0.625, 0.575], "rotation": 270, "texture": "#3"},
				"up": {"uv": [0, 0, 0.625, 0.575], "rotation": 270, "texture": "#3"},
				"down": {"uv": [0, 0, 0.625, 0.575], "rotation": 270, "texture": "#3"}
			}
		},
		{
			"from": [8.2, 10.13083, 5.34608],
			"to": [8.35, 10.38083, 5.49608],
			"rotation": {"angle": 45, "axis": "x", "origin": [8.3125, 9.90583, 5.07108]},
			"faces": {
				"north": {"uv": [0, 0, 0.625, 0.575], "rotation": 270, "texture": "#3"},
				"east": {"uv": [0, 0, 0.625, 0.575], "rotation": 270, "texture": "#3"},
				"south": {"uv": [0, 0, 0.625, 0.575], "rotation": 270, "texture": "#3"},
				"west": {"uv": [0, 0, 0.625, 0.575], "rotation": 270, "texture": "#3"},
				"up": {"uv": [0, 0, 0.625, 0.575], "rotation": 270, "texture": "#3"},
				"down": {"uv": [0, 0, 0.625, 0.575], "rotation": 270, "texture": "#3"}
			}
		},
		{
			"from": [8.2, 10.13083, 4.64608],
			"to": [8.35, 10.38083, 4.79608],
			"rotation": {"angle": 45, "axis": "x", "origin": [8.3125, 9.90583, 5.07108]},
			"faces": {
				"north": {"uv": [0, 0, 0.625, 0.575], "rotation": 270, "texture": "#3"},
				"east": {"uv": [0, 0, 0.625, 0.575], "rotation": 270, "texture": "#3"},
				"south": {"uv": [0, 0, 0.625, 0.575], "rotation": 270, "texture": "#3"},
				"west": {"uv": [0, 0, 0.625, 0.575], "rotation": 270, "texture": "#3"},
				"up": {"uv": [0, 0, 0.625, 0.575], "rotation": 270, "texture": "#3"},
				"down": {"uv": [0, 0, 0.625, 0.575], "rotation": 270, "texture": "#3"}
			}
		},
		{
			"from": [8.2, 10.15583, 5.09106],
			"to": [8.35, 10.30583, 5.34106],
			"rotation": {"angle": 45, "axis": "x", "origin": [8.3125, 9.90583, 5.56606]},
			"faces": {
				"north": {"uv": [0, 0, 0.625, 0.575], "rotation": 180, "texture": "#3"},
				"east": {"uv": [0, 0, 0.625, 0.575], "rotation": 180, "texture": "#3"},
				"south": {"uv": [0, 0, 0.625, 0.575], "rotation": 180, "texture": "#3"},
				"west": {"uv": [0, 0, 0.625, 0.575], "rotation": 180, "texture": "#3"},
				"up": {"uv": [0, 0, 0.625, 0.575], "rotation": 180, "texture": "#3"},
				"down": {"uv": [0, 0, 0.625, 0.575], "rotation": 180, "texture": "#3"}
			}
		},
		{
			"from": [8.2, 9.75698, 4.0385],
			"to": [8.35, 10.00698, 4.1885],
			"rotation": {"angle": -45, "axis": "x", "origin": [8.3125, 10.14448, 4.1885]},
			"faces": {
				"north": {"uv": [0, 0, 0.625, 0.575], "rotation": 270, "texture": "#3"},
				"east": {"uv": [0, 0, 0.625, 0.575], "rotation": 270, "texture": "#3"},
				"south": {"uv": [0, 0, 0.625, 0.575], "rotation": 270, "texture": "#3"},
				"west": {"uv": [0, 0, 0.625, 0.575], "rotation": 270, "texture": "#3"},
				"up": {"uv": [0, 0, 0.625, 0.575], "rotation": 270, "texture": "#3"},
				"down": {"uv": [0, 0, 0.625, 0.575], "rotation": 270, "texture": "#3"}
			}
		},
		{
			"from": [8.2, 10.13083, 4.59608],
			"to": [8.35, 10.38083, 4.74608],
			"rotation": {"angle": 45, "axis": "x", "origin": [8.3125, 9.90583, 4.32108]},
			"faces": {
				"north": {"uv": [0, 0, 0.625, 0.575], "rotation": 270, "texture": "#3"},
				"east": {"uv": [0, 0, 0.625, 0.575], "rotation": 270, "texture": "#3"},
				"south": {"uv": [0, 0, 0.625, 0.575], "rotation": 270, "texture": "#3"},
				"west": {"uv": [0, 0, 0.625, 0.575], "rotation": 270, "texture": "#3"},
				"up": {"uv": [0, 0, 0.625, 0.575], "rotation": 270, "texture": "#3"},
				"down": {"uv": [0, 0, 0.625, 0.575], "rotation": 270, "texture": "#3"}
			}
		},
		{
			"from": [8.2, 10.15583, 4.34106],
			"to": [8.35, 10.30583, 4.59106],
			"rotation": {"angle": 45, "axis": "x", "origin": [8.3125, 9.90583, 4.81606]},
			"faces": {
				"north": {"uv": [0, 0, 0.625, 0.575], "rotation": 180, "texture": "#3"},
				"east": {"uv": [0, 0, 0.625, 0.575], "rotation": 180, "texture": "#3"},
				"south": {"uv": [0, 0, 0.625, 0.575], "rotation": 180, "texture": "#3"},
				"west": {"uv": [0, 0, 0.625, 0.575], "rotation": 180, "texture": "#3"},
				"up": {"uv": [0, 0, 0.625, 0.575], "rotation": 180, "texture": "#3"},
				"down": {"uv": [0, 0, 0.625, 0.575], "rotation": 180, "texture": "#3"}
			}
		},
		{
			"from": [8.2, 10.13083, 3.89608],
			"to": [8.35, 10.38083, 4.04608],
			"rotation": {"angle": 45, "axis": "x", "origin": [8.3125, 9.90583, 4.32108]},
			"faces": {
				"north": {"uv": [0, 0, 0.625, 0.575], "rotation": 270, "texture": "#3"},
				"east": {"uv": [0, 0, 0.625, 0.575], "rotation": 270, "texture": "#3"},
				"south": {"uv": [0, 0, 0.625, 0.575], "rotation": 270, "texture": "#3"},
				"west": {"uv": [0, 0, 0.625, 0.575], "rotation": 270, "texture": "#3"},
				"up": {"uv": [0, 0, 0.625, 0.575], "rotation": 270, "texture": "#3"},
				"down": {"uv": [0, 0, 0.625, 0.575], "rotation": 270, "texture": "#3"}
			}
		},
		{
			"from": [8.2, 9.75698, 3.3385],
			"to": [8.35, 10.00698, 3.4885],
			"rotation": {"angle": -45, "axis": "x", "origin": [8.3125, 10.14448, 3.4885]},
			"faces": {
				"north": {"uv": [0, 0, 0.625, 0.575], "rotation": 270, "texture": "#3"},
				"east": {"uv": [0, 0, 0.625, 0.575], "rotation": 270, "texture": "#3"},
				"south": {"uv": [0, 0, 0.625, 0.575], "rotation": 270, "texture": "#3"},
				"west": {"uv": [0, 0, 0.625, 0.575], "rotation": 270, "texture": "#3"},
				"up": {"uv": [0, 0, 0.625, 0.575], "rotation": 270, "texture": "#3"},
				"down": {"uv": [0, 0, 0.625, 0.575], "rotation": 270, "texture": "#3"}
			}
		},
		{
			"from": [8.2, 10.13083, 3.89608],
			"to": [8.35, 10.38083, 4.04608],
			"rotation": {"angle": 45, "axis": "x", "origin": [8.3125, 9.90583, 3.62108]},
			"faces": {
				"north": {"uv": [0, 0, 0.625, 0.575], "rotation": 270, "texture": "#3"},
				"east": {"uv": [0, 0, 0.625, 0.575], "rotation": 270, "texture": "#3"},
				"south": {"uv": [0, 0, 0.625, 0.575], "rotation": 270, "texture": "#3"},
				"west": {"uv": [0, 0, 0.625, 0.575], "rotation": 270, "texture": "#3"},
				"up": {"uv": [0, 0, 0.625, 0.575], "rotation": 270, "texture": "#3"},
				"down": {"uv": [0, 0, 0.625, 0.575], "rotation": 270, "texture": "#3"}
			}
		},
		{
			"from": [8.2, 10.15583, 3.64106],
			"to": [8.35, 10.30583, 3.89106],
			"rotation": {"angle": 45, "axis": "x", "origin": [8.3125, 9.90583, 4.11606]},
			"faces": {
				"north": {"uv": [0, 0, 0.625, 0.575], "rotation": 180, "texture": "#3"},
				"east": {"uv": [0, 0, 0.625, 0.575], "rotation": 180, "texture": "#3"},
				"south": {"uv": [0, 0, 0.625, 0.575], "rotation": 180, "texture": "#3"},
				"west": {"uv": [0, 0, 0.625, 0.575], "rotation": 180, "texture": "#3"},
				"up": {"uv": [0, 0, 0.625, 0.575], "rotation": 180, "texture": "#3"},
				"down": {"uv": [0, 0, 0.625, 0.575], "rotation": 180, "texture": "#3"}
			}
		},
		{
			"from": [8.2, 10.13083, 3.19608],
			"to": [8.35, 10.38083, 3.34608],
			"rotation": {"angle": 45, "axis": "x", "origin": [8.3125, 9.90583, 3.62108]},
			"faces": {
				"north": {"uv": [0, 0, 0.625, 0.575], "rotation": 270, "texture": "#3"},
				"east": {"uv": [0, 0, 0.625, 0.575], "rotation": 270, "texture": "#3"},
				"south": {"uv": [0, 0, 0.625, 0.575], "rotation": 270, "texture": "#3"},
				"west": {"uv": [0, 0, 0.625, 0.575], "rotation": 270, "texture": "#3"},
				"up": {"uv": [0, 0, 0.625, 0.575], "rotation": 270, "texture": "#3"},
				"down": {"uv": [0, 0, 0.625, 0.575], "rotation": 270, "texture": "#3"}
			}
		},
		{
			"from": [8.2, 9.75698, 2.6135],
			"to": [8.35, 10.00698, 2.7635],
			"rotation": {"angle": -45, "axis": "x", "origin": [8.3125, 10.14448, 2.7635]},
			"faces": {
				"north": {"uv": [0, 0, 0.625, 0.575], "rotation": 270, "texture": "#3"},
				"east": {"uv": [0, 0, 0.625, 0.575], "rotation": 270, "texture": "#3"},
				"south": {"uv": [0, 0, 0.625, 0.575], "rotation": 270, "texture": "#3"},
				"west": {"uv": [0, 0, 0.625, 0.575], "rotation": 270, "texture": "#3"},
				"up": {"uv": [0, 0, 0.625, 0.575], "rotation": 270, "texture": "#3"},
				"down": {"uv": [0, 0, 0.625, 0.575], "rotation": 270, "texture": "#3"}
			}
		},
		{
			"from": [8.2, 10.13083, 3.17108],
			"to": [8.35, 10.38083, 3.32108],
			"rotation": {"angle": 45, "axis": "x", "origin": [8.3125, 9.90583, 2.89608]},
			"faces": {
				"north": {"uv": [0, 0, 0.625, 0.575], "rotation": 270, "texture": "#3"},
				"east": {"uv": [0, 0, 0.625, 0.575], "rotation": 270, "texture": "#3"},
				"south": {"uv": [0, 0, 0.625, 0.575], "rotation": 270, "texture": "#3"},
				"west": {"uv": [0, 0, 0.625, 0.575], "rotation": 270, "texture": "#3"},
				"up": {"uv": [0, 0, 0.625, 0.575], "rotation": 270, "texture": "#3"},
				"down": {"uv": [0, 0, 0.625, 0.575], "rotation": 270, "texture": "#3"}
			}
		},
		{
			"from": [8.2, 10.15583, 2.91606],
			"to": [8.35, 10.30583, 3.16606],
			"rotation": {"angle": 45, "axis": "x", "origin": [8.3125, 9.90583, 3.39106]},
			"faces": {
				"north": {"uv": [0, 0, 0.625, 0.575], "rotation": 180, "texture": "#3"},
				"east": {"uv": [0, 0, 0.625, 0.575], "rotation": 180, "texture": "#3"},
				"south": {"uv": [0, 0, 0.625, 0.575], "rotation": 180, "texture": "#3"},
				"west": {"uv": [0, 0, 0.625, 0.575], "rotation": 180, "texture": "#3"},
				"up": {"uv": [0, 0, 0.625, 0.575], "rotation": 180, "texture": "#3"},
				"down": {"uv": [0, 0, 0.625, 0.575], "rotation": 180, "texture": "#3"}
			}
		},
		{
			"from": [8.2, 10.13083, 2.47108],
			"to": [8.35, 10.38083, 2.62108],
			"rotation": {"angle": 45, "axis": "x", "origin": [8.3125, 9.90583, 2.89608]},
			"faces": {
				"north": {"uv": [0, 0, 0.625, 0.575], "rotation": 270, "texture": "#3"},
				"east": {"uv": [0, 0, 0.625, 0.575], "rotation": 270, "texture": "#3"},
				"south": {"uv": [0, 0, 0.625, 0.575], "rotation": 270, "texture": "#3"},
				"west": {"uv": [0, 0, 0.625, 0.575], "rotation": 270, "texture": "#3"},
				"up": {"uv": [0, 0, 0.625, 0.575], "rotation": 270, "texture": "#3"},
				"down": {"uv": [0, 0, 0.625, 0.575], "rotation": 270, "texture": "#3"}
			}
		},
		{
			"from": [8.2, 9.86948, 4.126],
			"to": [8.35, 10.41948, 4.301],
			"rotation": {"angle": 0, "axis": "y", "origin": [8.3125, 10.53198, 3.601]},
			"faces": {
				"north": {"uv": [0, 0, 0.5875, 0.775], "texture": "#3"},
				"east": {"uv": [0, 0, 0.5875, 0.775], "texture": "#3"},
				"south": {"uv": [0, 0, 0.5875, 0.775], "texture": "#3"},
				"west": {"uv": [0, 0, 0.5875, 0.775], "texture": "#3"},
				"up": {"uv": [0, 0, 0.5875, 0.775], "texture": "#3"},
				"down": {"uv": [0, 0, 0.5875, 0.775], "texture": "#3"}
			}
		},
		{
			"from": [8.2, 9.86948, 3.401],
			"to": [8.35, 10.41948, 3.576],
			"rotation": {"angle": 0, "axis": "y", "origin": [8.3125, 10.53198, 3.601]},
			"faces": {
				"north": {"uv": [0, 0, 0.5875, 0.775], "texture": "#3"},
				"east": {"uv": [0, 0, 0.5875, 0.775], "texture": "#3"},
				"south": {"uv": [0, 0, 0.5875, 0.775], "texture": "#3"},
				"west": {"uv": [0, 0, 0.5875, 0.775], "texture": "#3"},
				"up": {"uv": [0, 0, 0.5875, 0.775], "texture": "#3"},
				"down": {"uv": [0, 0, 0.5875, 0.775], "texture": "#3"}
			}
		},
		{
			"from": [8.2, 9.86948, 2.501],
			"to": [8.35, 10.41948, 2.851],
			"rotation": {"angle": 0, "axis": "y", "origin": [8.3125, 10.53198, 3.601]},
			"faces": {
				"north": {"uv": [0, 0, 0.675, 0.775], "texture": "#3"},
				"east": {"uv": [0, 0, 0.675, 0.775], "texture": "#3"},
				"south": {"uv": [0, 0, 0.675, 0.775], "texture": "#3"},
				"west": {"uv": [0, 0, 0.675, 0.775], "texture": "#3"},
				"up": {"uv": [0, 0, 0.675, 0.775], "texture": "#3"},
				"down": {"uv": [0, 0, 0.675, 0.775], "texture": "#3"}
			}
		},
		{
			"from": [7.65, 10.45648, 2.39902],
			"to": [7.775, 10.53148, 2.52402],
			"rotation": {"angle": -45, "axis": "x", "origin": [7.6875, 10.50648, 2.46152]},
			"faces": {
				"north": {"uv": [0, 0, 0.5625, 0.5375], "texture": "#3"},
				"east": {"uv": [0, 0, 0.5625, 0.5375], "texture": "#3"},
				"south": {"uv": [0, 0, 0.5625, 0.5375], "texture": "#3"},
				"west": {"uv": [0, 0, 0.5625, 0.5375], "texture": "#3"},
				"up": {"uv": [0, 0, 0.5625, 0.5375], "texture": "#3"},
				"down": {"uv": [0, 0, 0.5625, 0.5375], "texture": "#3"}
			}
		},
		{
			"from": [7.65, 8.97238, -0.14085],
			"to": [7.725, 9.79738, 2.80915],
			"rotation": {"angle": -22.5, "axis": "x", "origin": [7.6875, 9.37238, 0.83415]},
			"faces": {
				"north": {"uv": [0, 0, 1.975, 0.9125], "texture": "#3"},
				"east": {"uv": [0, 0, 1.975, 0.9125], "texture": "#3"},
				"south": {"uv": [0, 0, 1.975, 0.9125], "texture": "#3"},
				"west": {"uv": [0, 0, 1.975, 0.9125], "texture": "#3"},
				"up": {"uv": [0, 0, 1.975, 0.9125], "texture": "#3"},
				"down": {"uv": [0, 0, 1.975, 0.9125], "texture": "#3"}
			}
		},
		{
			"from": [7.725, 8.97238, 0.55915],
			"to": [7.775, 9.79738, 2.80915],
			"rotation": {"angle": -22.5, "axis": "x", "origin": [7.6875, 9.37238, 0.83415]},
			"faces": {
				"north": {"uv": [0, 0, 1.625, 0.9125], "texture": "#3"},
				"east": {"uv": [0, 0, 1.625, 0.9125], "texture": "#3"},
				"south": {"uv": [0, 0, 1.625, 0.9125], "texture": "#3"},
				"west": {"uv": [0, 0, 1.625, 0.9125], "texture": "#3"},
				"up": {"uv": [0, 0, 1.625, 0.9125], "texture": "#3"},
				"down": {"uv": [0, 0, 1.625, 0.9125], "texture": "#3"}
			}
		},
		{
			"from": [7.675, 8.68693, -1.93959],
			"to": [7.725, 9.43693, 0.23541],
			"rotation": {"angle": 0, "axis": "y", "origin": [8.03125, 8.59943, -1.06459]},
			"faces": {
				"north": {"uv": [0, 0, 1.5875, 0.875], "texture": "#3"},
				"east": {"uv": [0, 0, 1.5875, 0.875], "texture": "#3"},
				"south": {"uv": [0, 0, 1.5875, 0.875], "texture": "#3"},
				"west": {"uv": [0, 0, 1.5875, 0.875], "texture": "#3"},
				"up": {"uv": [0, 0, 1.5875, 0.875], "texture": "#3"},
				"down": {"uv": [0, 0, 1.5875, 0.875], "texture": "#3"}
			}
		},
		{
			"from": [7.65, 10.41948, 2.501],
			"to": [7.775, 10.56948, 8.901],
			"rotation": {"angle": 0, "axis": "y", "origin": [7.6875, 10.53198, 3.601]},
			"faces": {
				"north": {"uv": [0, 0, 3.7, 0.575], "texture": "#3"},
				"east": {"uv": [0, 0, 3.7, 0.575], "texture": "#3"},
				"south": {"uv": [0, 0, 3.7, 0.575], "texture": "#3"},
				"west": {"uv": [0, 0, 3.7, 0.575], "texture": "#3"},
				"up": {"uv": [0, 0, 3.7, 0.575], "texture": "#3"},
				"down": {"uv": [0, 0, 3.7, 0.575], "texture": "#3"}
			}
		},
		{
			"from": [7.65, 9.71948, 2.726],
			"to": [7.775, 9.86948, 8.901],
			"rotation": {"angle": 0, "axis": "y", "origin": [7.6875, 10.53198, 3.601]},
			"faces": {
				"north": {"uv": [0, 0, 3.5875, 0.575], "texture": "#3"},
				"east": {"uv": [0, 0, 3.5875, 0.575], "texture": "#3"},
				"south": {"uv": [0, 0, 3.5875, 0.575], "texture": "#3"},
				"west": {"uv": [0, 0, 3.5875, 0.575], "texture": "#3"},
				"up": {"uv": [0, 0, 3.5875, 0.575], "texture": "#3"},
				"down": {"uv": [0, 0, 3.5875, 0.575], "texture": "#3"}
			}
		},
		{
			"from": [7.65, 9.86948, 5.576],
			"to": [7.775, 10.41948, 8.901],
			"rotation": {"angle": 0, "axis": "y", "origin": [7.6875, 10.53198, 3.601]},
			"faces": {
				"north": {"uv": [0, 0, 2.1625, 0.775], "texture": "#3"},
				"east": {"uv": [0, 0, 2.1625, 0.775], "texture": "#3"},
				"south": {"uv": [0, 0, 2.1625, 0.775], "texture": "#3"},
				"west": {"uv": [0, 0, 2.1625, 0.775], "texture": "#3"},
				"up": {"uv": [0, 0, 2.1625, 0.775], "texture": "#3"},
				"down": {"uv": [0, 0, 2.1625, 0.775], "texture": "#3"}
			}
		},
		{
			"from": [7.65, 9.86948, 4.851],
			"to": [7.775, 10.41948, 5.026],
			"rotation": {"angle": 0, "axis": "y", "origin": [7.6875, 10.53198, 3.601]},
			"faces": {
				"north": {"uv": [0, 0, 0.5875, 0.775], "texture": "#3"},
				"east": {"uv": [0, 0, 0.5875, 0.775], "texture": "#3"},
				"south": {"uv": [0, 0, 0.5875, 0.775], "texture": "#3"},
				"west": {"uv": [0, 0, 0.5875, 0.775], "texture": "#3"},
				"up": {"uv": [0, 0, 0.5875, 0.775], "texture": "#3"},
				"down": {"uv": [0, 0, 0.5875, 0.775], "texture": "#3"}
			}
		},
		{
			"from": [7.65, 9.75698, 4.7885],
			"to": [7.775, 10.00698, 4.9385],
			"rotation": {"angle": -45, "axis": "x", "origin": [7.6875, 10.14448, 4.9385]},
			"faces": {
				"north": {"uv": [0, 0, 0.625, 0.575], "rotation": 270, "texture": "#3"},
				"east": {"uv": [0, 0, 0.625, 0.575], "rotation": 270, "texture": "#3"},
				"south": {"uv": [0, 0, 0.625, 0.575], "rotation": 270, "texture": "#3"},
				"west": {"uv": [0, 0, 0.625, 0.575], "rotation": 270, "texture": "#3"},
				"up": {"uv": [0, 0, 0.625, 0.575], "rotation": 270, "texture": "#3"},
				"down": {"uv": [0, 0, 0.625, 0.575], "rotation": 270, "texture": "#3"}
			}
		},
		{
			"from": [7.65, 10.13083, 5.34608],
			"to": [7.775, 10.38083, 5.49608],
			"rotation": {"angle": 45, "axis": "x", "origin": [7.6875, 9.90583, 5.07108]},
			"faces": {
				"north": {"uv": [0, 0, 0.625, 0.575], "rotation": 270, "texture": "#3"},
				"east": {"uv": [0, 0, 0.625, 0.575], "rotation": 270, "texture": "#3"},
				"south": {"uv": [0, 0, 0.625, 0.575], "rotation": 270, "texture": "#3"},
				"west": {"uv": [0, 0, 0.625, 0.575], "rotation": 270, "texture": "#3"},
				"up": {"uv": [0, 0, 0.625, 0.575], "rotation": 270, "texture": "#3"},
				"down": {"uv": [0, 0, 0.625, 0.575], "rotation": 270, "texture": "#3"}
			}
		},
		{
			"from": [7.65, 10.13083, 4.64608],
			"to": [7.775, 10.38083, 4.79608],
			"rotation": {"angle": 45, "axis": "x", "origin": [7.6875, 9.90583, 5.07108]},
			"faces": {
				"north": {"uv": [0, 0, 0.625, 0.575], "rotation": 270, "texture": "#3"},
				"east": {"uv": [0, 0, 0.625, 0.575], "rotation": 270, "texture": "#3"},
				"south": {"uv": [0, 0, 0.625, 0.575], "rotation": 270, "texture": "#3"},
				"west": {"uv": [0, 0, 0.625, 0.575], "rotation": 270, "texture": "#3"},
				"up": {"uv": [0, 0, 0.625, 0.575], "rotation": 270, "texture": "#3"},
				"down": {"uv": [0, 0, 0.625, 0.575], "rotation": 270, "texture": "#3"}
			}
		},
		{
			"from": [7.65, 10.15583, 5.09106],
			"to": [7.775, 10.30583, 5.34106],
			"rotation": {"angle": 45, "axis": "x", "origin": [7.6875, 9.90583, 5.56606]},
			"faces": {
				"north": {"uv": [0, 0, 0.625, 0.575], "rotation": 180, "texture": "#3"},
				"east": {"uv": [0, 0, 0.625, 0.575], "rotation": 180, "texture": "#3"},
				"south": {"uv": [0, 0, 0.625, 0.575], "rotation": 180, "texture": "#3"},
				"west": {"uv": [0, 0, 0.625, 0.575], "rotation": 180, "texture": "#3"},
				"up": {"uv": [0, 0, 0.625, 0.575], "rotation": 180, "texture": "#3"},
				"down": {"uv": [0, 0, 0.625, 0.575], "rotation": 180, "texture": "#3"}
			}
		},
		{
			"from": [7.65, 9.75698, 4.0385],
			"to": [7.775, 10.00698, 4.1885],
			"rotation": {"angle": -45, "axis": "x", "origin": [7.6875, 10.14448, 4.1885]},
			"faces": {
				"north": {"uv": [0, 0, 0.625, 0.575], "rotation": 270, "texture": "#3"},
				"east": {"uv": [0, 0, 0.625, 0.575], "rotation": 270, "texture": "#3"},
				"south": {"uv": [0, 0, 0.625, 0.575], "rotation": 270, "texture": "#3"},
				"west": {"uv": [0, 0, 0.625, 0.575], "rotation": 270, "texture": "#3"},
				"up": {"uv": [0, 0, 0.625, 0.575], "rotation": 270, "texture": "#3"},
				"down": {"uv": [0, 0, 0.625, 0.575], "rotation": 270, "texture": "#3"}
			}
		},
		{
			"from": [7.65, 10.13083, 4.59608],
			"to": [7.775, 10.38083, 4.74608],
			"rotation": {"angle": 45, "axis": "x", "origin": [7.6875, 9.90583, 4.32108]},
			"faces": {
				"north": {"uv": [0, 0, 0.625, 0.575], "rotation": 270, "texture": "#3"},
				"east": {"uv": [0, 0, 0.625, 0.575], "rotation": 270, "texture": "#3"},
				"south": {"uv": [0, 0, 0.625, 0.575], "rotation": 270, "texture": "#3"},
				"west": {"uv": [0, 0, 0.625, 0.575], "rotation": 270, "texture": "#3"},
				"up": {"uv": [0, 0, 0.625, 0.575], "rotation": 270, "texture": "#3"},
				"down": {"uv": [0, 0, 0.625, 0.575], "rotation": 270, "texture": "#3"}
			}
		},
		{
			"from": [7.65, 10.15583, 4.34106],
			"to": [7.775, 10.30583, 4.59106],
			"rotation": {"angle": 45, "axis": "x", "origin": [7.6875, 9.90583, 4.81606]},
			"faces": {
				"north": {"uv": [0, 0, 0.625, 0.575], "rotation": 180, "texture": "#3"},
				"east": {"uv": [0, 0, 0.625, 0.575], "rotation": 180, "texture": "#3"},
				"south": {"uv": [0, 0, 0.625, 0.575], "rotation": 180, "texture": "#3"},
				"west": {"uv": [0, 0, 0.625, 0.575], "rotation": 180, "texture": "#3"},
				"up": {"uv": [0, 0, 0.625, 0.575], "rotation": 180, "texture": "#3"},
				"down": {"uv": [0, 0, 0.625, 0.575], "rotation": 180, "texture": "#3"}
			}
		},
		{
			"from": [7.65, 10.13083, 3.89608],
			"to": [7.775, 10.38083, 4.04608],
			"rotation": {"angle": 45, "axis": "x", "origin": [7.6875, 9.90583, 4.32108]},
			"faces": {
				"north": {"uv": [0, 0, 0.625, 0.575], "rotation": 270, "texture": "#3"},
				"east": {"uv": [0, 0, 0.625, 0.575], "rotation": 270, "texture": "#3"},
				"south": {"uv": [0, 0, 0.625, 0.575], "rotation": 270, "texture": "#3"},
				"west": {"uv": [0, 0, 0.625, 0.575], "rotation": 270, "texture": "#3"},
				"up": {"uv": [0, 0, 0.625, 0.575], "rotation": 270, "texture": "#3"},
				"down": {"uv": [0, 0, 0.625, 0.575], "rotation": 270, "texture": "#3"}
			}
		},
		{
			"from": [7.65, 9.75698, 3.3385],
			"to": [7.775, 10.00698, 3.4885],
			"rotation": {"angle": -45, "axis": "x", "origin": [7.6875, 10.14448, 3.4885]},
			"faces": {
				"north": {"uv": [0, 0, 0.625, 0.575], "rotation": 270, "texture": "#3"},
				"east": {"uv": [0, 0, 0.625, 0.575], "rotation": 270, "texture": "#3"},
				"south": {"uv": [0, 0, 0.625, 0.575], "rotation": 270, "texture": "#3"},
				"west": {"uv": [0, 0, 0.625, 0.575], "rotation": 270, "texture": "#3"},
				"up": {"uv": [0, 0, 0.625, 0.575], "rotation": 270, "texture": "#3"},
				"down": {"uv": [0, 0, 0.625, 0.575], "rotation": 270, "texture": "#3"}
			}
		},
		{
			"from": [7.65, 10.13083, 3.89608],
			"to": [7.775, 10.38083, 4.04608],
			"rotation": {"angle": 45, "axis": "x", "origin": [7.6875, 9.90583, 3.62108]},
			"faces": {
				"north": {"uv": [0, 0, 0.625, 0.575], "rotation": 270, "texture": "#3"},
				"east": {"uv": [0, 0, 0.625, 0.575], "rotation": 270, "texture": "#3"},
				"south": {"uv": [0, 0, 0.625, 0.575], "rotation": 270, "texture": "#3"},
				"west": {"uv": [0, 0, 0.625, 0.575], "rotation": 270, "texture": "#3"},
				"up": {"uv": [0, 0, 0.625, 0.575], "rotation": 270, "texture": "#3"},
				"down": {"uv": [0, 0, 0.625, 0.575], "rotation": 270, "texture": "#3"}
			}
		},
		{
			"from": [7.65, 10.15583, 3.64106],
			"to": [7.775, 10.30583, 3.89106],
			"rotation": {"angle": 45, "axis": "x", "origin": [7.6875, 9.90583, 4.11606]},
			"faces": {
				"north": {"uv": [0, 0, 0.625, 0.575], "rotation": 180, "texture": "#3"},
				"east": {"uv": [0, 0, 0.625, 0.575], "rotation": 180, "texture": "#3"},
				"south": {"uv": [0, 0, 0.625, 0.575], "rotation": 180, "texture": "#3"},
				"west": {"uv": [0, 0, 0.625, 0.575], "rotation": 180, "texture": "#3"},
				"up": {"uv": [0, 0, 0.625, 0.575], "rotation": 180, "texture": "#3"},
				"down": {"uv": [0, 0, 0.625, 0.575], "rotation": 180, "texture": "#3"}
			}
		},
		{
			"from": [7.65, 10.13083, 3.19608],
			"to": [7.775, 10.38083, 3.34608],
			"rotation": {"angle": 45, "axis": "x", "origin": [7.6875, 9.90583, 3.62108]},
			"faces": {
				"north": {"uv": [0, 0, 0.625, 0.575], "rotation": 270, "texture": "#3"},
				"east": {"uv": [0, 0, 0.625, 0.575], "rotation": 270, "texture": "#3"},
				"south": {"uv": [0, 0, 0.625, 0.575], "rotation": 270, "texture": "#3"},
				"west": {"uv": [0, 0, 0.625, 0.575], "rotation": 270, "texture": "#3"},
				"up": {"uv": [0, 0, 0.625, 0.575], "rotation": 270, "texture": "#3"},
				"down": {"uv": [0, 0, 0.625, 0.575], "rotation": 270, "texture": "#3"}
			}
		},
		{
			"from": [7.65, 9.75698, 2.6135],
			"to": [7.775, 10.00698, 2.7635],
			"rotation": {"angle": -45, "axis": "x", "origin": [7.6875, 10.14448, 2.7635]},
			"faces": {
				"north": {"uv": [0, 0, 0.625, 0.575], "rotation": 270, "texture": "#3"},
				"east": {"uv": [0, 0, 0.625, 0.575], "rotation": 270, "texture": "#3"},
				"south": {"uv": [0, 0, 0.625, 0.575], "rotation": 270, "texture": "#3"},
				"west": {"uv": [0, 0, 0.625, 0.575], "rotation": 270, "texture": "#3"},
				"up": {"uv": [0, 0, 0.625, 0.575], "rotation": 270, "texture": "#3"},
				"down": {"uv": [0, 0, 0.625, 0.575], "rotation": 270, "texture": "#3"}
			}
		},
		{
			"from": [7.65, 10.13083, 3.17108],
			"to": [7.775, 10.38083, 3.32108],
			"rotation": {"angle": 45, "axis": "x", "origin": [7.6875, 9.90583, 2.89608]},
			"faces": {
				"north": {"uv": [0, 0, 0.625, 0.575], "rotation": 270, "texture": "#3"},
				"east": {"uv": [0, 0, 0.625, 0.575], "rotation": 270, "texture": "#3"},
				"south": {"uv": [0, 0, 0.625, 0.575], "rotation": 270, "texture": "#3"},
				"west": {"uv": [0, 0, 0.625, 0.575], "rotation": 270, "texture": "#3"},
				"up": {"uv": [0, 0, 0.625, 0.575], "rotation": 270, "texture": "#3"},
				"down": {"uv": [0, 0, 0.625, 0.575], "rotation": 270, "texture": "#3"}
			}
		},
		{
			"from": [7.65, 10.15583, 2.91606],
			"to": [7.775, 10.30583, 3.16606],
			"rotation": {"angle": 45, "axis": "x", "origin": [7.6875, 9.90583, 3.39106]},
			"faces": {
				"north": {"uv": [0, 0, 0.625, 0.575], "rotation": 180, "texture": "#3"},
				"east": {"uv": [0, 0, 0.625, 0.575], "rotation": 180, "texture": "#3"},
				"south": {"uv": [0, 0, 0.625, 0.575], "rotation": 180, "texture": "#3"},
				"west": {"uv": [0, 0, 0.625, 0.575], "rotation": 180, "texture": "#3"},
				"up": {"uv": [0, 0, 0.625, 0.575], "rotation": 180, "texture": "#3"},
				"down": {"uv": [0, 0, 0.625, 0.575], "rotation": 180, "texture": "#3"}
			}
		},
		{
			"from": [7.65, 10.13083, 2.47108],
			"to": [7.775, 10.38083, 2.62108],
			"rotation": {"angle": 45, "axis": "x", "origin": [7.6875, 9.90583, 2.89608]},
			"faces": {
				"north": {"uv": [0, 0, 0.625, 0.575], "rotation": 270, "texture": "#3"},
				"east": {"uv": [0, 0, 0.625, 0.575], "rotation": 270, "texture": "#3"},
				"south": {"uv": [0, 0, 0.625, 0.575], "rotation": 270, "texture": "#3"},
				"west": {"uv": [0, 0, 0.625, 0.575], "rotation": 270, "texture": "#3"},
				"up": {"uv": [0, 0, 0.625, 0.575], "rotation": 270, "texture": "#3"},
				"down": {"uv": [0, 0, 0.625, 0.575], "rotation": 270, "texture": "#3"}
			}
		},
		{
			"from": [7.65, 9.86948, 4.126],
			"to": [7.775, 10.41948, 4.301],
			"rotation": {"angle": 0, "axis": "y", "origin": [7.6875, 10.53198, 3.601]},
			"faces": {
				"north": {"uv": [0, 0, 0.5875, 0.775], "texture": "#3"},
				"east": {"uv": [0, 0, 0.5875, 0.775], "texture": "#3"},
				"south": {"uv": [0, 0, 0.5875, 0.775], "texture": "#3"},
				"west": {"uv": [0, 0, 0.5875, 0.775], "texture": "#3"},
				"up": {"uv": [0, 0, 0.5875, 0.775], "texture": "#3"},
				"down": {"uv": [0, 0, 0.5875, 0.775], "texture": "#3"}
			}
		},
		{
			"from": [7.65, 9.86948, 3.401],
			"to": [7.775, 10.41948, 3.576],
			"rotation": {"angle": 0, "axis": "y", "origin": [7.6875, 10.53198, 3.601]},
			"faces": {
				"north": {"uv": [0, 0, 0.5875, 0.775], "texture": "#3"},
				"east": {"uv": [0, 0, 0.5875, 0.775], "texture": "#3"},
				"south": {"uv": [0, 0, 0.5875, 0.775], "texture": "#3"},
				"west": {"uv": [0, 0, 0.5875, 0.775], "texture": "#3"},
				"up": {"uv": [0, 0, 0.5875, 0.775], "texture": "#3"},
				"down": {"uv": [0, 0, 0.5875, 0.775], "texture": "#3"}
			}
		},
		{
			"from": [7.65, 9.86948, 2.501],
			"to": [7.775, 10.41948, 2.851],
			"rotation": {"angle": 0, "axis": "y", "origin": [7.6875, 10.53198, 3.601]},
			"faces": {
				"north": {"uv": [0, 0, 0.675, 0.775], "texture": "#3"},
				"east": {"uv": [0, 0, 0.675, 0.775], "texture": "#3"},
				"south": {"uv": [0, 0, 0.675, 0.775], "texture": "#3"},
				"west": {"uv": [0, 0, 0.675, 0.775], "texture": "#3"},
				"up": {"uv": [0, 0, 0.675, 0.775], "texture": "#3"},
				"down": {"uv": [0, 0, 0.675, 0.775], "texture": "#3"}
			}
		},
		{
			"from": [7.8, 8.74738, 13.80915],
			"to": [8.2, 9.27238, 18.00915],
			"rotation": {"angle": 0, "axis": "y", "origin": [8, 8.94738, -1.87835]},
			"faces": {
				"north": {"uv": [4.85, 1, 6.95, 1.2625], "texture": "#0"},
				"east": {"uv": [4.85, 1, 6.95, 1.2625], "texture": "#0"},
				"south": {"uv": [4.85, 1, 6.95, 1.2625], "texture": "#0"},
				"west": {"uv": [4.85, 1, 6.95, 1.2625], "texture": "#0"},
				"up": {"uv": [4.85, 1, 6.95, 1.2625], "texture": "#0"},
				"down": {"uv": [4.85, 1, 6.95, 1.2625], "texture": "#0"}
			}
		},
		{
			"from": [7.775, 8.69738, 18.00915],
			"to": [8.225, 9.34738, 19.20915],
			"rotation": {"angle": 0, "axis": "y", "origin": [8, 8.94738, -1.87835]},
			"faces": {
				"north": {"uv": [4.85, 1, 5.45, 1.325], "texture": "#0"},
				"east": {"uv": [4.85, 1, 5.45, 1.325], "texture": "#0"},
				"south": {"uv": [4.85, 1, 5.45, 1.325], "texture": "#0"},
				"west": {"uv": [4.85, 1, 5.45, 1.325], "texture": "#0"},
				"up": {"uv": [4.85, 1, 5.45, 1.325], "texture": "#0"},
				"down": {"uv": [4.85, 1, 5.45, 1.325], "texture": "#0"}
			}
		},
		{
			"from": [7.875, 8.89738, 18.03415],
			"to": [8.125, 9.14738, 19.23415],
			"rotation": {"angle": 0, "axis": "y", "origin": [8, 8.94738, -1.87835]},
			"faces": {
				"north": {"uv": [4.85, 1, 5.45, 1.125], "texture": "#5"},
				"east": {"uv": [4.85, 1, 5.45, 1.125], "texture": "#5"},
				"south": {"uv": [4.85, 1, 5.45, 1.125], "texture": "#5"},
				"west": {"uv": [4.85, 1, 5.45, 1.125], "texture": "#5"},
				"up": {"uv": [4.85, 1, 5.45, 1.125], "texture": "#5"},
				"down": {"uv": [4.85, 1, 5.45, 1.125], "texture": "#5"}
			}
		},
		{
			"from": [7.85, 9.42238, 17.45915],
			"to": [7.9, 9.77238, 17.85915],
			"rotation": {"angle": 0, "axis": "y", "origin": [8, 8.94738, -1.87835]},
			"faces": {
				"north": {"uv": [4.85, 1, 5.05, 1.175], "texture": "#0"},
				"east": {"uv": [4.85, 1, 5.05, 1.175], "texture": "#0"},
				"south": {"uv": [4.85, 1, 5.05, 1.175], "texture": "#0"},
				"west": {"uv": [4.85, 1, 5.05, 1.175], "texture": "#0"},
				"up": {"uv": [4.85, 1, 5.05, 1.175], "texture": "#0"},
				"down": {"uv": [4.85, 1, 5.05, 1.175], "texture": "#0"}
			}
		},
		{
			"from": [7.85, 9.77238, 17.45915],
			"to": [8.15, 9.82238, 17.85915],
			"rotation": {"angle": 0, "axis": "y", "origin": [7.875, 9.57238, 17.65915]},
			"faces": {
				"north": {"uv": [4.85, 1, 4.875, 1.2], "rotation": 90, "texture": "#0"},
				"east": {"uv": [4.85, 1, 4.875, 1.2], "rotation": 90, "texture": "#0"},
				"south": {"uv": [4.85, 1, 4.875, 1.2], "rotation": 90, "texture": "#0"},
				"west": {"uv": [4.85, 1, 4.875, 1.2], "rotation": 90, "texture": "#0"},
				"up": {"uv": [4.85, 1, 4.875, 1.2], "rotation": 90, "texture": "#0"},
				"down": {"uv": [4.85, 1, 4.875, 1.2], "rotation": 90, "texture": "#0"}
			}
		},
		{
			"from": [8.1, 9.42238, 17.45915],
			"to": [8.15, 9.77238, 17.85915],
			"rotation": {"angle": 0, "axis": "y", "origin": [8, 8.94738, -1.87835]},
			"faces": {
				"north": {"uv": [4.85, 1, 5.05, 1.175], "texture": "#0"},
				"east": {"uv": [4.85, 1, 5.05, 1.175], "texture": "#0"},
				"south": {"uv": [4.85, 1, 5.05, 1.175], "texture": "#0"},
				"west": {"uv": [4.85, 1, 5.05, 1.175], "texture": "#0"},
				"up": {"uv": [4.85, 1, 5.05, 1.175], "texture": "#0"},
				"down": {"uv": [4.85, 1, 5.05, 1.175], "texture": "#0"}
			}
		},
		{
			"from": [7.8, 7.87238, 13.80915],
			"to": [8.2, 8.54738, 19.08415],
			"rotation": {"angle": 0, "axis": "y", "origin": [8, 8.94738, -1.87835]},
			"faces": {
				"north": {"uv": [4.85, 1, 7.4875, 1.3375], "texture": "#0"},
				"east": {"uv": [4.85, 1, 7.4875, 1.3375], "texture": "#0"},
				"south": {"uv": [4.85, 1, 7.4875, 1.3375], "texture": "#0"},
				"west": {"uv": [4.85, 1, 7.4875, 1.3375], "texture": "#0"},
				"up": {"uv": [4.85, 1, 7.4875, 1.3375], "texture": "#0"},
				"down": {"uv": [4.85, 1, 7.4875, 1.3375], "texture": "#0"}
			}
		},
		{
			"from": [7.85, 9.27238, 16.85915],
			"to": [8.15, 9.42238, 17.85915],
			"rotation": {"angle": 0, "axis": "y", "origin": [8, 8.94738, -1.87835]},
			"faces": {
				"north": {"uv": [4.85, 1, 5.35, 1.075], "texture": "#0"},
				"east": {"uv": [4.85, 1, 5.35, 1.075], "texture": "#0"},
				"south": {"uv": [4.85, 1, 5.35, 1.075], "texture": "#0"},
				"west": {"uv": [4.85, 1, 5.35, 1.075], "texture": "#0"},
				"up": {"uv": [4.85, 1, 5.35, 1.075], "texture": "#0"},
				"down": {"uv": [4.85, 1, 5.35, 1.075], "texture": "#0"}
			}
		},
		{
			"from": [7.975, 9.42238, 17.48415],
			"to": [8.025, 9.69738, 17.80915],
			"rotation": {"angle": 0, "axis": "y", "origin": [8, 8.94738, -1.87835]},
			"faces": {
				"north": {"uv": [4.85, 1, 5.0125, 1.1375], "texture": "#0"},
				"east": {"uv": [4.85, 1, 5.0125, 1.1375], "texture": "#0"},
				"south": {"uv": [4.85, 1, 5.0125, 1.1375], "texture": "#0"},
				"west": {"uv": [4.85, 1, 5.0125, 1.1375], "texture": "#0"},
				"up": {"uv": [4.85, 1, 5.0125, 1.1375], "texture": "#0"},
				"down": {"uv": [4.85, 1, 5.0125, 1.1375], "texture": "#0"}
			}
		},
		{
			"from": [8.275, 7.32238, 6.93415],
			"to": [8.475, 8.62238, 13.80915],
			"rotation": {"angle": 0, "axis": "y", "origin": [8, 8.94738, -1.87835]},
			"faces": {
				"north": {"uv": [0, 0, 4.4375, 1.15], "texture": "#2"},
				"east": {"uv": [0, 0, 4.4375, 1.15], "texture": "#2"},
				"south": {"uv": [0, 0, 4.4375, 1.15], "texture": "#2"},
				"west": {"uv": [0, 0, 4.4375, 1.15], "texture": "#2"},
				"up": {"uv": [0, 0, 4.4375, 1.15], "texture": "#2"},
				"down": {"uv": [0, 0, 4.4375, 1.15], "texture": "#2"}
			}
		},
		{
			"from": [8.275, 8.02238, 13.45915],
			"to": [8.475, 9.04738, 13.90915],
			"rotation": {"angle": -22.5, "axis": "x", "origin": [8.375, 8.83488, 13.97165]},
			"faces": {
				"north": {"uv": [0, 0, 1.225, 1.0125], "texture": "#2"},
				"east": {"uv": [0, 0, 1.225, 1.0125], "texture": "#2"},
				"south": {"uv": [0, 0, 1.225, 1.0125], "texture": "#2"},
				"west": {"uv": [0, 0, 1.225, 1.0125], "texture": "#2"},
				"up": {"uv": [0, 0, 1.225, 1.0125], "texture": "#2"},
				"down": {"uv": [0, 0, 1.225, 1.0125], "texture": "#2"}
			}
		},
		{
			"from": [8.275, 8.62238, 7.20915],
			"to": [8.475, 9.04738, 13.80915],
			"rotation": {"angle": 0, "axis": "y", "origin": [8, 8.94738, -1.87835]},
			"faces": {
				"north": {"uv": [0, 0, 4.3, 0.7125], "texture": "#2"},
				"east": {"uv": [0, 0, 4.3, 0.7125], "texture": "#2"},
				"south": {"uv": [0, 0, 4.3, 0.7125], "texture": "#2"},
				"west": {"uv": [0, 0, 4.3, 0.7125], "texture": "#2"},
				"up": {"uv": [0, 0, 4.3, 0.7125], "texture": "#2"},
				"down": {"uv": [0, 0, 4.3, 0.7125], "texture": "#2"}
			}
		},
		{
			"from": [7.55, 8.02238, 13.45915],
			"to": [7.75, 9.04738, 13.90915],
			"rotation": {"angle": -22.5, "axis": "x", "origin": [7.65, 8.83488, 13.97165]},
			"faces": {
				"north": {"uv": [0, 0, 1.225, 1.0125], "texture": "#2"},
				"east": {"uv": [0, 0, 1.225, 1.0125], "texture": "#2"},
				"south": {"uv": [0, 0, 1.225, 1.0125], "texture": "#2"},
				"west": {"uv": [0, 0, 1.225, 1.0125], "texture": "#2"},
				"up": {"uv": [0, 0, 1.225, 1.0125], "texture": "#2"},
				"down": {"uv": [0, 0, 1.225, 1.0125], "texture": "#2"}
			}
		},
		{
			"from": [7.55, 8.62238, 7.20915],
			"to": [7.75, 9.04738, 13.80915],
			"rotation": {"angle": 0, "axis": "y", "origin": [7.275, 8.94738, -1.87835]},
			"faces": {
				"north": {"uv": [0, 0, 4.3, 0.7125], "texture": "#2"},
				"east": {"uv": [0, 0, 4.3, 0.7125], "texture": "#2"},
				"south": {"uv": [0, 0, 4.3, 0.7125], "texture": "#2"},
				"west": {"uv": [0, 0, 4.3, 0.7125], "texture": "#2"},
				"up": {"uv": [0, 0, 4.3, 0.7125], "texture": "#2"},
				"down": {"uv": [0, 0, 4.3, 0.7125], "texture": "#2"}
			}
		},
		{
			"from": [7.725, 7.32238, 6.93415],
			"to": [8.275, 7.72238, 14.20915],
			"rotation": {"angle": 0, "axis": "y", "origin": [8.375, 7.97238, 10.37165]},
			"faces": {
				"north": {"uv": [0, 0, 1.2, 4.1375], "rotation": 270, "texture": "#2"},
				"east": {"uv": [0, 0, 1.2, 4.1375], "rotation": 270, "texture": "#2"},
				"south": {"uv": [0, 0, 1.2, 4.1375], "rotation": 270, "texture": "#2"},
				"west": {"uv": [0, 0, 1.2, 4.1375], "rotation": 270, "texture": "#2"},
				"up": {"uv": [0, 0, 1.2, 4.1375], "rotation": 270, "texture": "#2"},
				"down": {"uv": [0, 0, 1.2, 4.1375], "rotation": 270, "texture": "#2"}
			}
		},
		{
			"from": [7.725, 7.67238, 13.80915],
			"to": [8.275, 8.07238, 14.20915],
			"rotation": {"angle": 0, "axis": "y", "origin": [8.375, 7.97238, 10.37165]},
			"faces": {
				"north": {"uv": [0, 0, 1.2, 0.7], "rotation": 270, "texture": "#2"},
				"east": {"uv": [0, 0, 1.2, 0.7], "rotation": 270, "texture": "#2"},
				"south": {"uv": [0, 0, 1.2, 0.7], "rotation": 270, "texture": "#2"},
				"west": {"uv": [0, 0, 1.2, 0.7], "rotation": 270, "texture": "#2"},
				"up": {"uv": [0, 0, 1.2, 0.7], "rotation": 270, "texture": "#2"},
				"down": {"uv": [0, 0, 1.2, 0.7], "rotation": 270, "texture": "#2"}
			}
		},
		{
			"from": [8.275, 7.32238, 13.80915],
			"to": [8.475, 8.07238, 14.23415],
			"rotation": {"angle": 0, "axis": "y", "origin": [8, 8.94738, -1.87835]},
			"faces": {
				"north": {"uv": [0, 0, 1.2125, 0.875], "texture": "#2"},
				"east": {"uv": [0, 0, 1.2125, 0.875], "texture": "#2"},
				"south": {"uv": [0, 0, 1.2125, 0.875], "texture": "#2"},
				"west": {"uv": [0, 0, 1.2125, 0.875], "texture": "#2"},
				"up": {"uv": [0, 0, 1.2125, 0.875], "texture": "#2"},
				"down": {"uv": [0, 0, 1.2125, 0.875], "texture": "#2"}
			}
		},
		{
			"from": [7.525, 7.32238, 6.93415],
			"to": [7.725, 8.62238, 13.80915],
			"rotation": {"angle": 0, "axis": "y", "origin": [8, 8.94738, -1.87835]},
			"faces": {
				"north": {"uv": [0, 0, 4.4375, 1.15], "texture": "#2"},
				"east": {"uv": [0, 0, 4.4375, 1.15], "texture": "#2"},
				"south": {"uv": [0, 0, 4.4375, 1.15], "texture": "#2"},
				"west": {"uv": [0, 0, 4.4375, 1.15], "texture": "#2"},
				"up": {"uv": [0, 0, 4.4375, 1.15], "texture": "#2"},
				"down": {"uv": [0, 0, 4.4375, 1.15], "texture": "#2"}
			}
		},
		{
			"from": [7.525, 7.32238, 13.80915],
			"to": [7.725, 8.07238, 14.23415],
			"rotation": {"angle": 0, "axis": "y", "origin": [8, 8.94738, -1.87835]},
			"faces": {
				"north": {"uv": [0, 0, 1.2125, 0.875], "texture": "#2"},
				"east": {"uv": [0, 0, 1.2125, 0.875], "texture": "#2"},
				"south": {"uv": [0, 0, 1.2125, 0.875], "texture": "#2"},
				"west": {"uv": [0, 0, 1.2125, 0.875], "texture": "#2"},
				"up": {"uv": [0, 0, 1.2125, 0.875], "texture": "#2"},
				"down": {"uv": [0, 0, 1.2125, 0.875], "texture": "#2"}
			}
		},
		{
			"from": [8.275, 7.52238, 4.73415],
			"to": [8.375, 9.07238, 6.93415],
			"rotation": {"angle": 0, "axis": "y", "origin": [8.05, 8.94738, -1.87835]},
			"faces": {
				"north": {"uv": [4.5, 3, 5.1, 4.275], "texture": "#7"},
				"east": {"uv": [4.5, 3, 5.1, 4.275], "texture": "#7"},
				"south": {"uv": [4.5, 3, 5.1, 4.275], "texture": "#7"},
				"west": {"uv": [4.5, 3, 5.1, 4.275], "texture": "#7"},
				"up": {"uv": [4.5, 3, 5.1, 4.275], "texture": "#7"},
				"down": {"uv": [4.5, 3, 5.1, 4.275], "texture": "#7"}
			}
		},
		{
			"from": [8.275, 9.32238, 4.73415],
			"to": [8.375, 9.59738, 7.70915],
			"rotation": {"angle": 0, "axis": "y", "origin": [8.05, 8.94738, -1.87835]},
			"faces": {
				"north": {"uv": [4.5, 3, 5.4875, 3.6375], "texture": "#7"},
				"east": {"uv": [4.5, 3, 5.4875, 3.6375], "texture": "#7"},
				"south": {"uv": [4.5, 3, 5.4875, 3.6375], "texture": "#7"},
				"west": {"uv": [4.5, 3, 5.4875, 3.6375], "texture": "#7"},
				"up": {"uv": [4.5, 3, 5.4875, 3.6375], "texture": "#7"},
				"down": {"uv": [4.5, 3, 5.4875, 3.6375], "texture": "#7"}
			}
		},
		{
			"from": [8.275, 9.07238, 4.73415],
			"to": [8.375, 9.34738, 5.10915],
			"rotation": {"angle": 0, "axis": "y", "origin": [8.05, 8.94738, -1.87835]},
			"faces": {
				"north": {"uv": [4.5, 3, 4.5, 3.6375], "texture": "#7"},
				"east": {"uv": [4.5, 3, 4.5, 3.6375], "texture": "#7"},
				"south": {"uv": [4.5, 3, 4.5, 3.6375], "texture": "#7"},
				"west": {"uv": [4.5, 3, 4.5, 3.6375], "texture": "#7"},
				"up": {"uv": [4.5, 3, 4.5, 3.6375], "texture": "#7"},
				"down": {"uv": [4.5, 3, 4.5, 3.6375], "texture": "#7"}
			}
		},
		{
			"from": [8.275, 9.07238, 6.00915],
			"to": [8.375, 9.34738, 6.15915],
			"rotation": {"angle": 0, "axis": "y", "origin": [8.05, 8.94738, -1.87835]},
			"faces": {
				"north": {"uv": [4.5, 3, 4.5, 3.6375], "texture": "#7"},
				"east": {"uv": [4.5, 3, 4.5, 3.6375], "texture": "#7"},
				"south": {"uv": [4.5, 3, 4.5, 3.6375], "texture": "#7"},
				"west": {"uv": [4.5, 3, 4.5, 3.6375], "texture": "#7"},
				"up": {"uv": [4.5, 3, 4.5, 3.6375], "texture": "#7"},
				"down": {"uv": [4.5, 3, 4.5, 3.6375], "texture": "#7"}
			}
		},
		{
			"from": [8.275, 9.07238, 7.05915],
			"to": [8.375, 9.34738, 7.20915],
			"rotation": {"angle": 0, "axis": "y", "origin": [8.05, 8.94738, -1.87835]},
			"faces": {
				"north": {"uv": [4.5, 3, 4.5, 3.6375], "texture": "#7"},
				"east": {"uv": [4.5, 3, 4.5, 3.6375], "texture": "#7"},
				"south": {"uv": [4.5, 3, 4.5, 3.6375], "texture": "#7"},
				"west": {"uv": [4.5, 3, 4.5, 3.6375], "texture": "#7"},
				"up": {"uv": [4.5, 3, 4.5, 3.6375], "texture": "#7"},
				"down": {"uv": [4.5, 3, 4.5, 3.6375], "texture": "#7"}
			}
		},
		{
			"from": [8.275, 8.62238, 6.93415],
			"to": [8.375, 9.07238, 7.20915],
			"rotation": {"angle": 0, "axis": "y", "origin": [8.05, 8.94738, -1.87835]},
			"faces": {
				"north": {"uv": [4.5, 3, 4.5, 3.725], "texture": "#7"},
				"east": {"uv": [4.5, 3, 4.5, 3.725], "texture": "#7"},
				"south": {"uv": [4.5, 3, 4.5, 3.725], "texture": "#7"},
				"west": {"uv": [4.5, 3, 4.5, 3.725], "texture": "#7"},
				"up": {"uv": [4.5, 3, 4.5, 3.725], "texture": "#7"},
				"down": {"uv": [4.5, 3, 4.5, 3.725], "texture": "#7"}
			}
		},
		{
			"from": [8.275, 9.07238, 8.13415],
			"to": [8.375, 9.34738, 8.28415],
			"rotation": {"angle": 0, "axis": "y", "origin": [8.05, 8.94738, -1.87835]},
			"faces": {
				"north": {"uv": [4.5, 3, 4.5, 3.6375], "texture": "#7"},
				"east": {"uv": [4.5, 3, 4.5, 3.6375], "texture": "#7"},
				"south": {"uv": [4.5, 3, 4.5, 3.6375], "texture": "#7"},
				"west": {"uv": [4.5, 3, 4.5, 3.6375], "texture": "#7"},
				"up": {"uv": [4.5, 3, 4.5, 3.6375], "texture": "#7"},
				"down": {"uv": [4.5, 3, 4.5, 3.6375], "texture": "#7"}
			}
		},
		{
			"from": [8.275, 9.07238, 9.18415],
			"to": [8.375, 9.34738, 10.50915],
			"rotation": {"angle": 0, "axis": "y", "origin": [8.05, 8.94738, -1.87835]},
			"faces": {
				"north": {"uv": [4.5, 3, 4.6625, 3.6375], "texture": "#7"},
				"east": {"uv": [4.5, 3, 4.6625, 3.6375], "texture": "#7"},
				"south": {"uv": [4.5, 3, 4.6625, 3.6375], "texture": "#7"},
				"west": {"uv": [4.5, 3, 4.6625, 3.6375], "texture": "#7"},
				"up": {"uv": [4.5, 3, 4.6625, 3.6375], "texture": "#7"},
				"down": {"uv": [4.5, 3, 4.6625, 3.6375], "texture": "#7"}
			}
		},
		{
			"from": [8.275, 9.07238, 12.30915],
			"to": [8.375, 9.34738, 12.45915],
			"rotation": {"angle": 0, "axis": "y", "origin": [8.05, 8.94738, -1.87835]},
			"faces": {
				"north": {"uv": [4.5, 3, 4.5, 3.6375], "texture": "#7"},
				"east": {"uv": [4.5, 3, 4.5, 3.6375], "texture": "#7"},
				"south": {"uv": [4.5, 3, 4.5, 3.6375], "texture": "#7"},
				"west": {"uv": [4.5, 3, 4.5, 3.6375], "texture": "#7"},
				"up": {"uv": [4.5, 3, 4.5, 3.6375], "texture": "#7"},
				"down": {"uv": [4.5, 3, 4.5, 3.6375], "texture": "#7"}
			}
		},
		{
			"from": [8.275, 9.07238, 11.25915],
			"to": [8.375, 9.34738, 11.40915],
			"rotation": {"angle": 0, "axis": "y", "origin": [8.05, 8.94738, -1.87835]},
			"faces": {
				"north": {"uv": [4.5, 3, 4.5, 3.6375], "texture": "#7"},
				"east": {"uv": [4.5, 3, 4.5, 3.6375], "texture": "#7"},
				"south": {"uv": [4.5, 3, 4.5, 3.6375], "texture": "#7"},
				"west": {"uv": [4.5, 3, 4.5, 3.6375], "texture": "#7"},
				"up": {"uv": [4.5, 3, 4.5, 3.6375], "texture": "#7"},
				"down": {"uv": [4.5, 3, 4.5, 3.6375], "texture": "#7"}
			}
		},
		{
			"from": [8.275, 9.42238, 7.65915],
			"to": [8.375, 9.52238, 8.23415],
			"rotation": {"angle": 22.5, "axis": "x", "origin": [8.35, 9.45988, 7.94665]},
			"faces": {
				"north": {"uv": [4.5, 3, 4.5, 3.55], "texture": "#7"},
				"east": {"uv": [4.5, 3, 4.5, 3.55], "texture": "#7"},
				"south": {"uv": [4.5, 3, 4.5, 3.55], "texture": "#7"},
				"west": {"uv": [4.5, 3, 4.5, 3.55], "texture": "#7"},
				"up": {"uv": [4.5, 3, 4.5, 3.55], "texture": "#7"},
				"down": {"uv": [4.5, 3, 4.5, 3.55], "texture": "#7"}
			}
		},
		{
			"from": [8.275, 9.34738, 7.65915],
			"to": [8.375, 9.42238, 7.90915],
			"rotation": {"angle": 22.5, "axis": "x", "origin": [8.35, 9.45988, 7.94665]},
			"faces": {
				"north": {"uv": [4.5, 3, 4.5, 3.5375], "texture": "#7"},
				"east": {"uv": [4.5, 3, 4.5, 3.5375], "texture": "#7"},
				"south": {"uv": [4.5, 3, 4.5, 3.5375], "texture": "#7"},
				"west": {"uv": [4.5, 3, 4.5, 3.5375], "texture": "#7"},
				"up": {"uv": [4.5, 3, 4.5, 3.5375], "texture": "#7"},
				"down": {"uv": [4.5, 3, 4.5, 3.5375], "texture": "#7"}
			}
		},
		{
			"from": [8.275, 9.318, 7.67844],
			"to": [8.375, 9.443, 8.17844],
			"rotation": {"angle": 0, "axis": "y", "origin": [8.35, 9.4305, 7.69094]},
			"faces": {
				"north": {"uv": [4.5, 3, 4.5, 3.5625], "texture": "#7"},
				"east": {"uv": [4.5, 3, 4.5, 3.5625], "texture": "#7"},
				"south": {"uv": [4.5, 3, 4.5, 3.5625], "texture": "#7"},
				"west": {"uv": [4.5, 3, 4.5, 3.5625], "texture": "#7"},
				"up": {"uv": [4.5, 3, 4.5, 3.5625], "texture": "#7"},
				"down": {"uv": [4.5, 3, 4.5, 3.5625], "texture": "#7"}
			}
		},
		{
			"from": [8.275, 8.92238, 13.45915],
			"to": [8.375, 9.22238, 13.90915],
			"rotation": {"angle": 22.5, "axis": "x", "origin": [8.35, 9.17238, 13.57165]},
			"faces": {
				"north": {"uv": [4.5, 3, 4.5, 3.65], "texture": "#7"},
				"east": {"uv": [4.5, 3, 4.5, 3.65], "texture": "#7"},
				"south": {"uv": [4.5, 3, 4.5, 3.65], "texture": "#7"},
				"west": {"uv": [4.5, 3, 4.5, 3.65], "texture": "#7"},
				"up": {"uv": [4.5, 3, 4.5, 3.65], "texture": "#7"},
				"down": {"uv": [4.5, 3, 4.5, 3.65], "texture": "#7"}
			}
		},
		{
			"from": [8.275, 9.02238, 13.38415],
			"to": [8.375, 9.32238, 13.85915],
			"rotation": {"angle": 0, "axis": "y", "origin": [8.05, 8.94738, -1.87835]},
			"faces": {
				"north": {"uv": [4.5, 3, 4.5, 3.65], "texture": "#7"},
				"east": {"uv": [4.5, 3, 4.5, 3.65], "texture": "#7"},
				"south": {"uv": [4.5, 3, 4.5, 3.65], "texture": "#7"},
				"west": {"uv": [4.5, 3, 4.5, 3.65], "texture": "#7"},
				"up": {"uv": [4.5, 3, 4.5, 3.65], "texture": "#7"},
				"down": {"uv": [4.5, 3, 4.5, 3.65], "texture": "#7"}
			}
		},
		{
			"from": [8.275, 9.32238, 8.18415],
			"to": [8.375, 9.44738, 13.83415],
			"rotation": {"angle": 0, "axis": "y", "origin": [8.05, 8.94738, -1.87835]},
			"faces": {
				"north": {"uv": [4.5, 3, 6.825, 3.5625], "texture": "#7"},
				"east": {"uv": [4.5, 3, 6.825, 3.5625], "texture": "#7"},
				"south": {"uv": [4.5, 3, 6.825, 3.5625], "texture": "#7"},
				"west": {"uv": [4.5, 3, 6.825, 3.5625], "texture": "#7"},
				"up": {"uv": [4.5, 3, 6.825, 3.5625], "texture": "#7"},
				"down": {"uv": [4.5, 3, 6.825, 3.5625], "texture": "#7"}
			}
		},
		{
			"from": [7.625, 7.52238, 4.73415],
			"to": [7.725, 9.07238, 6.93415],
			"rotation": {"angle": 0, "axis": "y", "origin": [7.4, 8.94738, -1.87835]},
			"faces": {
				"north": {"uv": [4.5, 3, 5.1, 4.275], "texture": "#7"},
				"east": {"uv": [4.5, 3, 5.1, 4.275], "texture": "#7"},
				"south": {"uv": [4.5, 3, 5.1, 4.275], "texture": "#7"},
				"west": {"uv": [4.5, 3, 5.1, 4.275], "texture": "#7"},
				"up": {"uv": [4.5, 3, 5.1, 4.275], "texture": "#7"},
				"down": {"uv": [4.5, 3, 5.1, 4.275], "texture": "#7"}
			}
		},
		{
			"from": [7.625, 9.32238, 4.73415],
			"to": [7.725, 9.59738, 7.70915],
			"rotation": {"angle": 0, "axis": "y", "origin": [7.4, 8.94738, -1.87835]},
			"faces": {
				"north": {"uv": [4.5, 3, 5.4875, 3.6375], "texture": "#7"},
				"east": {"uv": [4.5, 3, 5.4875, 3.6375], "texture": "#7"},
				"south": {"uv": [4.5, 3, 5.4875, 3.6375], "texture": "#7"},
				"west": {"uv": [4.5, 3, 5.4875, 3.6375], "texture": "#7"},
				"up": {"uv": [4.5, 3, 5.4875, 3.6375], "texture": "#7"},
				"down": {"uv": [4.5, 3, 5.4875, 3.6375], "texture": "#7"}
			}
		},
		{
			"from": [7.625, 8.92238, 13.45915],
			"to": [7.725, 9.22238, 13.90915],
			"rotation": {"angle": 22.5, "axis": "x", "origin": [7.7, 9.17238, 13.57165]},
			"faces": {
				"north": {"uv": [4.5, 3, 4.5, 3.65], "texture": "#7"},
				"east": {"uv": [4.5, 3, 4.5, 3.65], "texture": "#7"},
				"south": {"uv": [4.5, 3, 4.5, 3.65], "texture": "#7"},
				"west": {"uv": [4.5, 3, 4.5, 3.65], "texture": "#7"},
				"up": {"uv": [4.5, 3, 4.5, 3.65], "texture": "#7"},
				"down": {"uv": [4.5, 3, 4.5, 3.65], "texture": "#7"}
			}
		},
		{
			"from": [7.625, 9.02238, 13.38415],
			"to": [7.725, 9.32238, 13.85915],
			"rotation": {"angle": 0, "axis": "y", "origin": [7.4, 8.94738, -1.87835]},
			"faces": {
				"north": {"uv": [4.5, 3, 4.5, 3.65], "texture": "#7"},
				"east": {"uv": [4.5, 3, 4.5, 3.65], "texture": "#7"},
				"south": {"uv": [4.5, 3, 4.5, 3.65], "texture": "#7"},
				"west": {"uv": [4.5, 3, 4.5, 3.65], "texture": "#7"},
				"up": {"uv": [4.5, 3, 4.5, 3.65], "texture": "#7"},
				"down": {"uv": [4.5, 3, 4.5, 3.65], "texture": "#7"}
			}
		},
		{
			"from": [7.625, 9.42238, 7.65915],
			"to": [7.725, 9.52238, 8.23415],
			"rotation": {"angle": 22.5, "axis": "x", "origin": [7.7, 9.45988, 7.94665]},
			"faces": {
				"north": {"uv": [4.5, 3, 4.5, 3.55], "texture": "#7"},
				"east": {"uv": [4.5, 3, 4.5, 3.55], "texture": "#7"},
				"south": {"uv": [4.5, 3, 4.5, 3.55], "texture": "#7"},
				"west": {"uv": [4.5, 3, 4.5, 3.55], "texture": "#7"},
				"up": {"uv": [4.5, 3, 4.5, 3.55], "texture": "#7"},
				"down": {"uv": [4.5, 3, 4.5, 3.55], "texture": "#7"}
			}
		},
		{
			"from": [7.625, 9.34738, 7.65915],
			"to": [7.725, 9.42238, 7.90915],
			"rotation": {"angle": 22.5, "axis": "x", "origin": [7.7, 9.45988, 7.94665]},
			"faces": {
				"north": {"uv": [4.5, 3, 4.5, 3.5375], "texture": "#7"},
				"east": {"uv": [4.5, 3, 4.5, 3.5375], "texture": "#7"},
				"south": {"uv": [4.5, 3, 4.5, 3.5375], "texture": "#7"},
				"west": {"uv": [4.5, 3, 4.5, 3.5375], "texture": "#7"},
				"up": {"uv": [4.5, 3, 4.5, 3.5375], "texture": "#7"},
				"down": {"uv": [4.5, 3, 4.5, 3.5375], "texture": "#7"}
			}
		},
		{
			"from": [7.625, 9.318, 7.67844],
			"to": [7.725, 9.443, 8.17844],
			"rotation": {"angle": 0, "axis": "y", "origin": [7.7, 9.4305, 7.69094]},
			"faces": {
				"north": {"uv": [4.5, 3, 4.5, 3.5625], "texture": "#7"},
				"east": {"uv": [4.5, 3, 4.5, 3.5625], "texture": "#7"},
				"south": {"uv": [4.5, 3, 4.5, 3.5625], "texture": "#7"},
				"west": {"uv": [4.5, 3, 4.5, 3.5625], "texture": "#7"},
				"up": {"uv": [4.5, 3, 4.5, 3.5625], "texture": "#7"},
				"down": {"uv": [4.5, 3, 4.5, 3.5625], "texture": "#7"}
			}
		},
		{
			"from": [7.625, 9.07238, 4.73415],
			"to": [7.725, 9.34738, 5.10915],
			"rotation": {"angle": 0, "axis": "y", "origin": [7.4, 8.94738, -1.87835]},
			"faces": {
				"north": {"uv": [4.5, 3, 4.5, 3.6375], "texture": "#7"},
				"east": {"uv": [4.5, 3, 4.5, 3.6375], "texture": "#7"},
				"south": {"uv": [4.5, 3, 4.5, 3.6375], "texture": "#7"},
				"west": {"uv": [4.5, 3, 4.5, 3.6375], "texture": "#7"},
				"up": {"uv": [4.5, 3, 4.5, 3.6375], "texture": "#7"},
				"down": {"uv": [4.5, 3, 4.5, 3.6375], "texture": "#7"}
			}
		},
		{
			"from": [7.625, 9.07238, 6.00915],
			"to": [7.725, 9.34738, 6.15915],
			"rotation": {"angle": 0, "axis": "y", "origin": [7.4, 8.94738, -1.87835]},
			"faces": {
				"north": {"uv": [4.5, 3, 4.5, 3.6375], "texture": "#7"},
				"east": {"uv": [4.5, 3, 4.5, 3.6375], "texture": "#7"},
				"south": {"uv": [4.5, 3, 4.5, 3.6375], "texture": "#7"},
				"west": {"uv": [4.5, 3, 4.5, 3.6375], "texture": "#7"},
				"up": {"uv": [4.5, 3, 4.5, 3.6375], "texture": "#7"},
				"down": {"uv": [4.5, 3, 4.5, 3.6375], "texture": "#7"}
			}
		},
		{
			"from": [7.625, 9.07238, 7.05915],
			"to": [7.725, 9.34738, 7.20915],
			"rotation": {"angle": 0, "axis": "y", "origin": [7.4, 8.94738, -1.87835]},
			"faces": {
				"north": {"uv": [4.5, 3, 4.5, 3.6375], "texture": "#7"},
				"east": {"uv": [4.5, 3, 4.5, 3.6375], "texture": "#7"},
				"south": {"uv": [4.5, 3, 4.5, 3.6375], "texture": "#7"},
				"west": {"uv": [4.5, 3, 4.5, 3.6375], "texture": "#7"},
				"up": {"uv": [4.5, 3, 4.5, 3.6375], "texture": "#7"},
				"down": {"uv": [4.5, 3, 4.5, 3.6375], "texture": "#7"}
			}
		},
		{
			"from": [7.625, 9.07238, 8.13415],
			"to": [7.725, 9.34738, 8.28415],
			"rotation": {"angle": 0, "axis": "y", "origin": [7.4, 8.94738, -1.87835]},
			"faces": {
				"north": {"uv": [4.5, 3, 4.5, 3.6375], "texture": "#7"},
				"east": {"uv": [4.5, 3, 4.5, 3.6375], "texture": "#7"},
				"south": {"uv": [4.5, 3, 4.5, 3.6375], "texture": "#7"},
				"west": {"uv": [4.5, 3, 4.5, 3.6375], "texture": "#7"},
				"up": {"uv": [4.5, 3, 4.5, 3.6375], "texture": "#7"},
				"down": {"uv": [4.5, 3, 4.5, 3.6375], "texture": "#7"}
			}
		},
		{
			"from": [7.625, 9.07238, 9.18415],
			"to": [7.725, 9.34738, 10.50915],
			"rotation": {"angle": 0, "axis": "y", "origin": [7.4, 8.94738, -1.87835]},
			"faces": {
				"north": {"uv": [4.5, 3, 4.6625, 3.6375], "texture": "#7"},
				"east": {"uv": [4.5, 3, 4.6625, 3.6375], "texture": "#7"},
				"south": {"uv": [4.5, 3, 4.6625, 3.6375], "texture": "#7"},
				"west": {"uv": [4.5, 3, 4.6625, 3.6375], "texture": "#7"},
				"up": {"uv": [4.5, 3, 4.6625, 3.6375], "texture": "#7"},
				"down": {"uv": [4.5, 3, 4.6625, 3.6375], "texture": "#7"}
			}
		},
		{
			"from": [7.625, 9.07238, 12.30915],
			"to": [7.725, 9.34738, 12.45915],
			"rotation": {"angle": 0, "axis": "y", "origin": [7.4, 8.94738, -1.87835]},
			"faces": {
				"north": {"uv": [4.5, 3, 4.5, 3.6375], "texture": "#7"},
				"east": {"uv": [4.5, 3, 4.5, 3.6375], "texture": "#7"},
				"south": {"uv": [4.5, 3, 4.5, 3.6375], "texture": "#7"},
				"west": {"uv": [4.5, 3, 4.5, 3.6375], "texture": "#7"},
				"up": {"uv": [4.5, 3, 4.5, 3.6375], "texture": "#7"},
				"down": {"uv": [4.5, 3, 4.5, 3.6375], "texture": "#7"}
			}
		},
		{
			"from": [7.625, 9.07238, 11.25915],
			"to": [7.725, 9.34738, 11.40915],
			"rotation": {"angle": 0, "axis": "y", "origin": [7.4, 8.94738, -1.87835]},
			"faces": {
				"north": {"uv": [4.5, 3, 4.5, 3.6375], "texture": "#7"},
				"east": {"uv": [4.5, 3, 4.5, 3.6375], "texture": "#7"},
				"south": {"uv": [4.5, 3, 4.5, 3.6375], "texture": "#7"},
				"west": {"uv": [4.5, 3, 4.5, 3.6375], "texture": "#7"},
				"up": {"uv": [4.5, 3, 4.5, 3.6375], "texture": "#7"},
				"down": {"uv": [4.5, 3, 4.5, 3.6375], "texture": "#7"}
			}
		},
		{
			"from": [7.625, 8.62238, 6.93415],
			"to": [7.725, 9.07238, 7.20915],
			"rotation": {"angle": 0, "axis": "y", "origin": [7.4, 8.94738, -1.87835]},
			"faces": {
				"north": {"uv": [4.5, 3, 4.5, 3.725], "texture": "#7"},
				"east": {"uv": [4.5, 3, 4.5, 3.725], "texture": "#7"},
				"south": {"uv": [4.5, 3, 4.5, 3.725], "texture": "#7"},
				"west": {"uv": [4.5, 3, 4.5, 3.725], "texture": "#7"},
				"up": {"uv": [4.5, 3, 4.5, 3.725], "texture": "#7"},
				"down": {"uv": [4.5, 3, 4.5, 3.725], "texture": "#7"}
			}
		},
		{
			"from": [7.625, 9.32238, 8.18415],
			"to": [7.725, 9.44738, 13.83415],
			"rotation": {"angle": 0, "axis": "y", "origin": [7.4, 8.94738, -1.87835]},
			"faces": {
				"north": {"uv": [4.5, 3, 6.825, 3.5625], "texture": "#7"},
				"east": {"uv": [4.5, 3, 6.825, 3.5625], "texture": "#7"},
				"south": {"uv": [4.5, 3, 6.825, 3.5625], "texture": "#7"},
				"west": {"uv": [4.5, 3, 6.825, 3.5625], "texture": "#7"},
				"up": {"uv": [4.5, 3, 6.825, 3.5625], "texture": "#7"},
				"down": {"uv": [4.5, 3, 6.825, 3.5625], "texture": "#7"}
			}
		},
		{
			"from": [7.925, 6.93189, -0.27386],
			"to": [8.075, 7.38189, -0.17386],
			"rotation": {"angle": -22.5, "axis": "x", "origin": [8, 7.53189, -0.14886]},
			"faces": {
				"north": {"uv": [0, 0, 0.075, 0.225], "rotation": 180, "texture": "#0"},
				"east": {"uv": [0, 0, 0.075, 0.225], "rotation": 180, "texture": "#0"},
				"south": {"uv": [0, 0, 0.075, 0.225], "rotation": 180, "texture": "#0"},
				"west": {"uv": [0, 0, 0.075, 0.225], "rotation": 180, "texture": "#0"},
				"up": {"uv": [0, 0, 0.075, 0.225], "rotation": 180, "texture": "#0"},
				"down": {"uv": [0, 0, 0.075, 0.225], "rotation": 180, "texture": "#0"}
			}
		},
		{
			"from": [7.925, 7.30689, -0.19886],
			"to": [8.075, 7.75689, -0.09886],
			"rotation": {"angle": 0, "axis": "y", "origin": [8, 7.05689, -0.14886]},
			"faces": {
				"north": {"uv": [0, 0, 0.075, 0.225], "rotation": 180, "texture": "#0"},
				"east": {"uv": [0, 0, 0.075, 0.225], "rotation": 180, "texture": "#0"},
				"south": {"uv": [0, 0, 0.075, 0.225], "rotation": 180, "texture": "#0"},
				"west": {"uv": [0, 0, 0.075, 0.225], "rotation": 180, "texture": "#0"},
				"up": {"uv": [0, 0, 0.075, 0.225], "rotation": 180, "texture": "#0"},
				"down": {"uv": [0, 0, 0.075, 0.225], "rotation": 180, "texture": "#0"}
			}
		},
		{
			"from": [7.925, 6.62728, -0.44454],
			"to": [8.075, 6.72728, 0.05546],
			"rotation": {"angle": 22.5, "axis": "x", "origin": [8, 6.82728, 0.40546]},
			"faces": {
				"north": {"uv": [0, 0, 0.075, 0.05], "texture": "#0"},
				"east": {"uv": [0, 0, 0.075, 0.05], "texture": "#0"},
				"south": {"uv": [0, 0, 0.075, 0.05], "texture": "#0"},
				"west": {"uv": [0, 0, 0.075, 0.05], "texture": "#0"},
				"up": {"uv": [0, 0, 0.075, 0.05], "texture": "#0"},
				"down": {"uv": [0, 0, 0.075, 0.05], "texture": "#0"}
			}
		},
		{
			"from": [7.925, 6.77728, 0.00546],
			"to": [8.075, 6.87728, 0.80546],
			"rotation": {"angle": 0, "axis": "y", "origin": [8, 7.00228, 0.93046]},
			"faces": {
				"north": {"uv": [0, 0, 0.075, 0.05], "texture": "#0"},
				"east": {"uv": [0, 0, 0.075, 0.05], "texture": "#0"},
				"south": {"uv": [0, 0, 0.075, 0.05], "texture": "#0"},
				"west": {"uv": [0, 0, 0.075, 0.05], "texture": "#0"},
				"up": {"uv": [0, 0, 0.075, 0.05], "texture": "#0"},
				"down": {"uv": [0, 0, 0.075, 0.05], "texture": "#0"}
			}
		},
		{
			"from": [7.925, 7.05835, 0.63653],
			"to": [8.075, 7.15835, 1.13653],
			"rotation": {"angle": -45, "axis": "x", "origin": [8, 7.10835, 1.03653]},
			"faces": {
				"north": {"uv": [0, 0, 0.075, 0.05], "texture": "#0"},
				"east": {"uv": [0, 0, 0.075, 0.05], "texture": "#0"},
				"south": {"uv": [0, 0, 0.075, 0.05], "texture": "#0"},
				"west": {"uv": [0, 0, 0.075, 0.05], "texture": "#0"},
				"up": {"uv": [0, 0, 0.075, 0.05], "texture": "#0"},
				"down": {"uv": [0, 0, 0.075, 0.05], "texture": "#0"}
			}
		},
		{
			"from": [7.725, 7.77394, -2.52986],
			"to": [8.275, 8.42394, -2.22986],
			"rotation": {"angle": 0, "axis": "y", "origin": [8, 7.92394, -2.37986]},
			"faces": {
				"north": {"uv": [0, 0, 0.325, 0.65], "rotation": 270, "texture": "#1"},
				"east": {"uv": [0, 0, 0.325, 0.65], "rotation": 270, "texture": "#1"},
				"south": {"uv": [0, 0, 0.325, 0.65], "rotation": 270, "texture": "#1"},
				"west": {"uv": [0, 0, 0.325, 0.65], "rotation": 270, "texture": "#1"},
				"up": {"uv": [0, 0, 0.325, 0.65], "rotation": 270, "texture": "#1"},
				"down": {"uv": [0, 0, 0.325, 0.65], "rotation": 270, "texture": "#1"}
			}
		},
		{
			"from": [7.725, 7.50726, -2.40068],
			"to": [8.275, 7.75726, -1.77568],
			"rotation": {"angle": 45, "axis": "x", "origin": [8, 7.63226, -2.08818]},
			"faces": {
				"north": {"uv": [0, 0, 0.125, 0.8125], "rotation": 270, "texture": "#1"},
				"east": {"uv": [0, 0, 0.125, 0.8125], "rotation": 270, "texture": "#1"},
				"south": {"uv": [0, 0, 0.125, 0.8125], "rotation": 270, "texture": "#1"},
				"west": {"uv": [0, 0, 0.125, 0.8125], "rotation": 270, "texture": "#1"},
				"up": {"uv": [0, 0, 0.125, 0.8125], "rotation": 270, "texture": "#1"},
				"down": {"uv": [0, 0, 0.125, 0.8125], "rotation": 270, "texture": "#1"}
			}
		},
		{
			"from": [7.725, 8.29894, -2.62986],
			"to": [8.275, 8.89894, -2.32986],
			"rotation": {"angle": 22.5, "axis": "x", "origin": [8, 8.09894, -2.37986]},
			"faces": {
				"north": {"uv": [0, 0, 0.3, 0.65], "rotation": 270, "texture": "#1"},
				"east": {"uv": [0, 0, 0.3, 0.65], "rotation": 270, "texture": "#1"},
				"south": {"uv": [0, 0, 0.3, 0.65], "rotation": 270, "texture": "#1"},
				"west": {"uv": [0, 0, 0.3, 0.65], "rotation": 270, "texture": "#1"},
				"up": {"uv": [0, 0, 0.3, 0.65], "rotation": 270, "texture": "#1"},
				"down": {"uv": [0, 0, 0.3, 0.65], "rotation": 270, "texture": "#1"}
			}
		},
		{
			"from": [7.725, 8.62224, -2.17134],
			"to": [8.275, 8.92224, -1.39634],
			"rotation": {"angle": -22.5, "axis": "x", "origin": [8, 8.62224, -2.27134]},
			"faces": {
				"north": {"uv": [0, 0, 0.3875, 0.65], "texture": "#1"},
				"east": {"uv": [0, 0, 0.3875, 0.65], "texture": "#1"},
				"south": {"uv": [0, 0, 0.3875, 0.65], "texture": "#1"},
				"west": {"uv": [0, 0, 0.3875, 0.65], "texture": "#1"},
				"up": {"uv": [0, 0, 0.3875, 0.65], "texture": "#1"},
				"down": {"uv": [0, 0, 0.3875, 0.65], "texture": "#1"}
			}
		},
		{
			"from": [7.725, 8.34724, -0.77134],
			"to": [8.275, 8.64724, 0.05366],
			"rotation": {"angle": -22.5, "axis": "x", "origin": [8, 8.62224, -2.27134]},
			"faces": {
				"north": {"uv": [0, 0, 0.4125, 0.65], "texture": "#1"},
				"east": {"uv": [0, 0, 0.4125, 0.65], "texture": "#1"},
				"south": {"uv": [0, 0, 0.4125, 0.65], "texture": "#1"},
				"west": {"uv": [0, 0, 0.4125, 0.65], "texture": "#1"},
				"up": {"uv": [0, 0, 0.4125, 0.65], "texture": "#1"},
				"down": {"uv": [0, 0, 0.4125, 0.65], "texture": "#1"}
			}
		},
		{
			"from": [7.725, 7.72238, -1.56585],
			"to": [8.275, 9.22238, 2.13415],
			"rotation": {"angle": 0, "axis": "y", "origin": [8, 8.94738, -1.87835]},
			"faces": {
				"north": {"uv": [0, 0, 1.85, 1.25], "texture": "#1"},
				"east": {"uv": [0, 0, 1.85, 1.25], "texture": "#1"},
				"south": {"uv": [0, 0, 1.85, 1.25], "texture": "#1"},
				"west": {"uv": [0, 0, 1.85, 1.25], "texture": "#1"},
				"up": {"uv": [0, 0, 1.85, 1.25], "texture": "#1"},
				"down": {"uv": [0, 0, 1.85, 1.25], "texture": "#1"}
			}
		},
		{
			"from": [7.725, 7.54738, 0.98415],
			"to": [8.275, 7.72238, 2.58415],
			"rotation": {"angle": 0, "axis": "y", "origin": [8, 8.94738, -1.87835]},
			"faces": {
				"north": {"uv": [0, 0, 0.8, 0.5875], "texture": "#1"},
				"east": {"uv": [0, 0, 0.8, 0.5875], "texture": "#1"},
				"south": {"uv": [0, 0, 0.8, 0.5875], "texture": "#1"},
				"west": {"uv": [0, 0, 0.8, 0.5875], "texture": "#1"},
				"up": {"uv": [0, 0, 0.8, 0.5875], "texture": "#1"},
				"down": {"uv": [0, 0, 0.8, 0.5875], "texture": "#1"}
			}
		},
		{
			"from": [7.725, 7.14738, 0.98415],
			"to": [8.275, 7.54738, 1.45915],
			"rotation": {"angle": 0, "axis": "y", "origin": [8, 8.94738, -1.87835]},
			"faces": {
				"north": {"uv": [0, 0, 0.2375, 0.7], "texture": "#1"},
				"east": {"uv": [0, 0, 0.2375, 0.7], "texture": "#1"},
				"south": {"uv": [0, 0, 0.2375, 0.7], "texture": "#1"},
				"west": {"uv": [0, 0, 0.2375, 0.7], "texture": "#1"},
				"up": {"uv": [0, 0, 0.2375, 0.7], "texture": "#1"},
				"down": {"uv": [0, 0, 0.2375, 0.7], "texture": "#1"}
			}
		},
		{
			"from": [7.725, 7.42238, 0.98415],
			"to": [8.275, 7.54738, 2.05915],
			"rotation": {"angle": 0, "axis": "y", "origin": [8, 8.94738, -1.87835]},
			"faces": {
				"north": {"uv": [0, 0, 0.5375, 0.5625], "texture": "#1"},
				"east": {"uv": [0, 0, 0.5375, 0.5625], "texture": "#1"},
				"south": {"uv": [0, 0, 0.5375, 0.5625], "texture": "#1"},
				"west": {"uv": [0, 0, 0.5375, 0.5625], "texture": "#1"},
				"up": {"uv": [0, 0, 0.5375, 0.5625], "texture": "#1"},
				"down": {"uv": [0, 0, 0.5375, 0.5625], "texture": "#1"}
			}
		},
		{
			"from": [7.725, 7.24738, 1.33415],
			"to": [8.275, 7.57238, 2.00915],
			"rotation": {"angle": -22.5, "axis": "x", "origin": [8, 7.48488, 1.52165]},
			"faces": {
				"north": {"uv": [0, 0, 0.3375, 0.6625], "texture": "#1"},
				"east": {"uv": [0, 0, 0.3375, 0.6625], "texture": "#1"},
				"south": {"uv": [0, 0, 0.3375, 0.6625], "texture": "#1"},
				"west": {"uv": [0, 0, 0.3375, 0.6625], "texture": "#1"},
				"up": {"uv": [0, 0, 0.3375, 0.6625], "texture": "#1"},
				"down": {"uv": [0, 0, 0.3375, 0.6625], "texture": "#1"}
			}
		},
		{
			"from": [7.725, 8.59738, 2.13415],
			"to": [7.725, 9.22238, 4.25915],
			"rotation": {"angle": 0, "axis": "y", "origin": [8, 8.94738, -1.87835]},
			"faces": {
				"north": {"uv": [0, 0, 5.8375, 0.95], "texture": "#1"},
				"east": {"uv": [0, 0, 5.8375, 0.95], "texture": "#1"},
				"south": {"uv": [0, 0, 5.8375, 0.95], "texture": "#1"},
				"west": {"uv": [0, 0, 5.8375, 0.95], "texture": "#1"},
				"up": {"uv": [0, 0, 5.8375, 0.95], "texture": "#1"},
				"down": {"uv": [0, 0, 5.8375, 0.95], "texture": "#1"}
			}
		},
		{
			"from": [7.725, 7.72238, 2.13415],
			"to": [8.275, 8.62238, 13.80915],
			"rotation": {"angle": 0, "axis": "y", "origin": [8, 8.94738, -1.87835]},
			"faces": {
				"north": {"uv": [0, 0, 5.8375, 0.95], "texture": "#1"},
				"east": {"uv": [0, 0, 5.8375, 0.95], "texture": "#1"},
				"south": {"uv": [0, 0, 5.8375, 0.95], "texture": "#1"},
				"west": {"uv": [0, 0, 5.8375, 0.95], "texture": "#1"},
				"up": {"uv": [0, 0, 5.8375, 0.95], "texture": "#1"},
				"down": {"uv": [0, 0, 5.8375, 0.95], "texture": "#1"}
			}
		},
		{
			"from": [7.775, 8.62238, 2.13415],
			"to": [7.975, 9.22238, 4.25915],
			"rotation": {"angle": 0, "axis": "y", "origin": [8, 8.94738, -1.87835]},
			"faces": {
				"north": {"uv": [0, 0, 2.5625, 1.3], "texture": "#3"},
				"east": {"uv": [0, 0, 2.5625, 1.3], "texture": "#3"},
				"south": {"uv": [0, 0, 2.5625, 1.3], "texture": "#3"},
				"west": {"uv": [0, 0, 2.5625, 1.3], "texture": "#3"},
				"up": {"uv": [0, 0, 2.5625, 1.3], "texture": "#3"},
				"down": {"uv": [0, 0, 2.5625, 1.3], "texture": "#3"}
			}
		},
		{
			"from": [7.725, 8.62238, 4.25915],
			"to": [8.275, 9.22238, 13.80915],
			"rotation": {"angle": 0, "axis": "y", "origin": [8, 8.94738, -1.87835]},
			"faces": {
				"north": {"uv": [0, 0, 4.775, 0.8], "texture": "#1"},
				"east": {"uv": [0, 0, 4.775, 0.8], "texture": "#1"},
				"south": {"uv": [0, 0, 4.775, 0.8], "texture": "#1"},
				"west": {"uv": [0, 0, 4.775, 0.8], "texture": "#1"},
				"up": {"uv": [0, 0, 4.775, 0.8], "texture": "#1"},
				"down": {"uv": [0, 0, 4.775, 0.8], "texture": "#1"}
			}
		},
		{
			"from": [7.75, 7.67238, -2.24085],
			"to": [8.25, 8.92238, -1.56585],
			"rotation": {"angle": 0, "axis": "y", "origin": [8, 8.94738, -1.87835]},
			"faces": {
				"north": {"uv": [0, 0, 0.3375, 1.125], "texture": "#1"},
				"east": {"uv": [0, 0, 0.3375, 1.125], "texture": "#1"},
				"south": {"uv": [0, 0, 0.3375, 1.125], "texture": "#1"},
				"west": {"uv": [0, 0, 0.3375, 1.125], "texture": "#1"},
				"up": {"uv": [0, 0, 0.3375, 1.125], "texture": "#1"},
				"down": {"uv": [0, 0, 0.3375, 1.125], "texture": "#1"}
			}
		},
		{
			"from": [7.725, 9.22238, -0.14085],
			"to": [8.275, 9.52238, 13.80915],
			"rotation": {"angle": 0, "axis": "y", "origin": [8, 8.94738, -1.87835]},
			"faces": {
				"north": {"uv": [0, 0, 6.975, 0.65], "texture": "#1"},
				"east": {"uv": [0, 0, 6.975, 0.65], "texture": "#1"},
				"south": {"uv": [0, 0, 6.975, 0.65], "texture": "#1"},
				"west": {"uv": [0, 0, 6.975, 0.65], "texture": "#1"},
				"up": {"uv": [0, 0, 6.975, 0.65], "texture": "#1"},
				"down": {"uv": [0, 0, 6.975, 0.65], "texture": "#1"}
			}
		},
		{
			"from": [7.825, 5.325, -2.575],
			"to": [8.175, 6.15, -2.45],
			"rotation": {"angle": 22.5, "axis": "x", "origin": [8, 5.7125, -2.2]},
			"faces": {
				"north": {"uv": [2, 1, 2.5625, 1.9125], "texture": "#4"},
				"east": {"uv": [2, 1, 2.5625, 1.9125], "texture": "#4"},
				"south": {"uv": [2, 1, 2.5625, 1.9125], "texture": "#4"},
				"west": {"uv": [2, 1, 2.5625, 1.9125], "texture": "#4"},
				"up": {"uv": [2, 1, 2.5625, 1.9125], "texture": "#4"},
				"down": {"uv": [2, 1, 2.5625, 1.9125], "texture": "#4"}
			}
		},
		{
			"from": [7.825, 5.325, -2.45],
			"to": [8.175, 6.6, -1.05],
			"rotation": {"angle": 22.5, "axis": "x", "origin": [8, 5.7125, -2.2]},
			"faces": {
				"north": {"uv": [2, 1, 3.2, 2.1375], "texture": "#4"},
				"east": {"uv": [2, 1, 3.2, 2.1375], "texture": "#4"},
				"south": {"uv": [2, 1, 3.2, 2.1375], "texture": "#4"},
				"west": {"uv": [2, 1, 3.2, 2.1375], "texture": "#4"},
				"up": {"uv": [2, 1, 3.2, 2.1375], "texture": "#4"},
				"down": {"uv": [2, 1, 3.2, 2.1375], "texture": "#4"}
			}
		},
		{
			"from": [7.825, 6.6, -2.375],
			"to": [8.175, 7.2, -1.05],
			"rotation": {"angle": 22.5, "axis": "x", "origin": [8, 5.7125, -2.2]},
			"faces": {
				"north": {"uv": [2, 1, 3.1625, 1.8], "texture": "#4"},
				"east": {"uv": [2, 1, 3.1625, 1.8], "texture": "#4"},
				"south": {"uv": [2, 1, 3.1625, 1.8], "texture": "#4"},
				"west": {"uv": [2, 1, 3.1625, 1.8], "texture": "#4"},
				"up": {"uv": [2, 1, 3.1625, 1.8], "texture": "#4"},
				"down": {"uv": [2, 1, 3.1625, 1.8], "texture": "#4"}
			}
		},
		{
			"from": [7.825, 7.22305, -1.63267],
			"to": [8.175, 7.84805, -1.38267],
			"rotation": {"angle": -22.5, "axis": "x", "origin": [8, 6.62305, -1.29517]},
			"faces": {
				"north": {"uv": [2, 1, 2.625, 1.8125], "texture": "#4"},
				"east": {"uv": [2, 1, 2.625, 1.8125], "texture": "#4"},
				"south": {"uv": [2, 1, 2.625, 1.8125], "texture": "#4"},
				"west": {"uv": [2, 1, 2.625, 1.8125], "texture": "#4"},
				"up": {"uv": [2, 1, 2.625, 1.8125], "texture": "#4"},
				"down": {"uv": [2, 1, 2.625, 1.8125], "texture": "#4"}
			}
		},
		{
			"from": [7.85, 7.2, -2.3],
			"to": [8.15, 7.725, -1.05],
			"rotation": {"angle": 22.5, "axis": "x", "origin": [8, 5.7125, -2.2]},
			"faces": {
				"north": {"uv": [2, 1, 3.125, 1.7625], "texture": "#4"},
				"east": {"uv": [2, 1, 3.125, 1.7625], "texture": "#4"},
				"south": {"uv": [2, 1, 3.125, 1.7625], "texture": "#4"},
				"west": {"uv": [2, 1, 3.125, 1.7625], "texture": "#4"},
				"up": {"uv": [2, 1, 3.125, 1.7625], "texture": "#4"},
				"down": {"uv": [2, 1, 3.125, 1.7625], "texture": "#4"}
			}
		},
		{
			"from": [7.825, 7.12305, -1.83267],
			"to": [8.175, 7.72305, -0.35767],
			"rotation": {"angle": 0, "axis": "y", "origin": [8, 6.62305, -1.29517]},
			"faces": {
				"north": {"uv": [2, 1, 3.2375, 1.8], "texture": "#4"},
				"east": {"uv": [2, 1, 3.2375, 1.8], "texture": "#4"},
				"south": {"uv": [2, 1, 3.2375, 1.8], "texture": "#4"},
				"west": {"uv": [2, 1, 3.2375, 1.8], "texture": "#4"},
				"up": {"uv": [2, 1, 3.2375, 1.8], "texture": "#4"},
				"down": {"uv": [2, 1, 3.2375, 1.8], "texture": "#4"}
			}
		},
		{
			"from": [7.85, 4.93757, -2.68272],
			"to": [8.15, 5.51257, -1.33272],
			"rotation": {"angle": 0, "axis": "y", "origin": [8, 5.72507, -1.70772]},
			"faces": {
				"north": {"uv": [2, 1, 3.175, 1.7875], "texture": "#4"},
				"east": {"uv": [2, 1, 3.175, 1.7875], "texture": "#4"},
				"south": {"uv": [2, 1, 3.175, 1.7875], "texture": "#4"},
				"west": {"uv": [2, 1, 3.175, 1.7875], "texture": "#4"},
				"up": {"uv": [2, 1, 3.175, 1.7875], "texture": "#4"},
				"down": {"uv": [2, 1, 3.175, 1.7875], "texture": "#4"}
			}
		},
		{
			"from": [7.825, 4.48757, -2.65772],
			"to": [8.175, 4.93757, -1.15772],
			"rotation": {"angle": 0, "axis": "y", "origin": [8, 5.72507, -1.70772]},
			"faces": {
				"north": {"uv": [2, 1, 3.25, 1.725], "texture": "#4"},
				"east": {"uv": [2, 1, 3.25, 1.725], "texture": "#4"},
				"south": {"uv": [2, 1, 3.25, 1.725], "texture": "#4"},
				"west": {"uv": [2, 1, 3.25, 1.725], "texture": "#4"},
				"up": {"uv": [2, 1, 3.25, 1.725], "texture": "#4"},
				"down": {"uv": [2, 1, 3.25, 1.725], "texture": "#4"}
			}
		}
	],
	"display": {
		"thirdperson_righthand": {
			"rotation": [0, 180, 0],
			"translation": [0, 0.75, -6.5],
			"scale": [1.4, 0.89, 0.89]
		},
		"thirdperson_lefthand": {
			"rotation": [0, 180, 0],
			"translation": [0, 0.75, -6.5],
			"scale": [1.4, 0.89, 0.89]
		},
		"firstperson_righthand": {
			"rotation": [0, 180, 0],
			"translation": [-6.75, 16.25, 6.5],
			"scale": [0.67, 0.52, 0.43]
		},
		"firstperson_lefthand": {
			"rotation": [0, 180, 0],
			"translation": [-6.75, 100, 6.5],
			"scale": [0.67, 0.52, 0.43]
		},
		"ground": {
			"rotation": [0, 0, -90],
			"scale": [1.4, 1, 1]
		},
		"gui": {
			"rotation": [30, -124, 0],
			"translation": [0.25, 0.5, 0],
			"scale": [0.99, 0.81, 0.81]
		},
		"head": {
			"rotation": [0, -90, 0],
			"translation": [-2, 1.5, 0],
			"scale": [1.96, 1.65, 1.65]
		},
		"fixed": {
			"rotation": [0, 90, 0],
			"translation": [0.75, 0, -0.5],
			"scale": [2.03, 1.51, 1.51]
		}
	},
	"groups": [
		{
			"name": "Corpo 3",
			"origin": [8, 8.94738, -1.87835],
			"color": 7,
			"children": [0, 1, 2, 3, 4, 5, 6, 7, 8, 9, 10, 11, 12, 13, 14, 15, 16, 17, 18, 19, 20, 21, 22, 23, 24, 25, 26]
		},
		{
			"name": "Corpo 3",
			"origin": [8, 8.94738, -1.87835],
			"color": 7,
			"children": [27, 28, 29, 30, 31, 32, 33, 34, 35, 36, 37, 38, 39, 40, 41, 42, 43, 44, 45, 46, 47, 48, 49, 50, 51, 52, 53]
		},
		{
			"name": "Cano",
			"origin": [8, 8, 8],
			"color": 3,
			"children": [54, 55, 56, 57, 58, 59, 60, 61, 62]
		},
		{
			"name": "Pullback",
			"origin": [8, 8.94738, -1.87835],
			"color": 0,
			"children": [63, 64, 65, 66, 67, 68, 69, 70, 71, 72]
		},
		{
			"name": "Corpo 2",
			"origin": [8, 8.94738, -1.87835],
			"color": 0,
			"children": [73, 74, 75, 76, 77, 78, 79, 80, 81, 82, 83, 84, 85, 86, 87, 88, 89, 90, 91, 92, 93, 94, 95, 96, 97, 98, 99, 100, 101, 102, 103, 104]
		},
		{
			"name": "Gatilho",
			"origin": [8, 7.10835, 1.03653],
			"color": 2,
			"children": [105, 106, 107, 108, 109]
		},
		{
			"name": "Corpo",
			"origin": [8, 8.09894, -2.37986],
			"color": 0,
			"children": [110, 111, 112, 113, 114, 115, 116, 117, 118, 119, 120, 121, 122, 123, 124, 125]
		},
		{
			"name": "Empunhadora",
			"origin": [8, 5.7125, -2.2],
			"color": 0,
			"children": [126, 127, 128, 129, 130, 131, 132, 133]
		}
	]
}