{
	"credit": "Made with Blockbench",
	"texture_size": [32, 32],
	"textures": {
		"0": "block/andesite",
		"1": "block/anvil",
		"2": "block/gray_concrete",
		"3": "block/spruce_planks",
		"4": "block/blast_furnace_top",
		"5": "block/cauldron_inner",
		"particle": "block/andesite"
	},
	"elements": [
		{
			"from": [7.775, 9.3279, 3.68444],
			"to": [8.225, 9.8529, 3.78444],
			"rotation": {"angle": 0, "axis": "y", "origin": [8, 7.4029, 15.68444]},
			"faces": {
				"north": {"uv": [5, 2, 6.05, 2.7625], "texture": "#5"},
				"east": {"uv": [5, 2, 6.05, 2.7625], "texture": "#5"},
				"south": {"uv": [5, 2, 6.05, 2.7625], "texture": "#5"},
				"west": {"uv": [5, 2, 6.05, 2.7625], "texture": "#5"},
				"up": {"uv": [5, 2, 6.05, 2.7625], "texture": "#5"},
				"down": {"uv": [5, 2, 6.05, 2.7625], "texture": "#5"}
			}
		},
		{
			"from": [7.775, 9.3279, 3.48444],
			"to": [8.225, 9.8529, 3.58444],
			"rotation": {"angle": 0, "axis": "y", "origin": [8, 7.4029, 15.68444]},
			"faces": {
				"north": {"uv": [5, 2, 6.05, 2.7625], "texture": "#5"},
				"east": {"uv": [5, 2, 6.05, 2.7625], "texture": "#5"},
				"south": {"uv": [5, 2, 6.05, 2.7625], "texture": "#5"},
				"west": {"uv": [5, 2, 6.05, 2.7625], "texture": "#5"},
				"up": {"uv": [5, 2, 6.05, 2.7625], "texture": "#5"},
				"down": {"uv": [5, 2, 6.05, 2.7625], "texture": "#5"}
			}
		},
		{
			"from": [7.775, 9.3279, 3.28444],
			"to": [8.225, 9.8529, 3.38444],
			"rotation": {"angle": 0, "axis": "y", "origin": [8, 7.4029, 15.68444]},
			"faces": {
				"north": {"uv": [5, 2, 6.05, 2.7625], "texture": "#5"},
				"east": {"uv": [5, 2, 6.05, 2.7625], "texture": "#5"},
				"south": {"uv": [5, 2, 6.05, 2.7625], "texture": "#5"},
				"west": {"uv": [5, 2, 6.05, 2.7625], "texture": "#5"},
				"up": {"uv": [5, 2, 6.05, 2.7625], "texture": "#5"},
				"down": {"uv": [5, 2, 6.05, 2.7625], "texture": "#5"}
			}
		},
		{
			"from": [7.775, 9.3279, 3.08444],
			"to": [8.225, 9.8529, 3.18444],
			"rotation": {"angle": 0, "axis": "y", "origin": [8, 7.4029, 15.68444]},
			"faces": {
				"north": {"uv": [5, 2, 6.05, 2.7625], "texture": "#5"},
				"east": {"uv": [5, 2, 6.05, 2.7625], "texture": "#5"},
				"south": {"uv": [5, 2, 6.05, 2.7625], "texture": "#5"},
				"west": {"uv": [5, 2, 6.05, 2.7625], "texture": "#5"},
				"up": {"uv": [5, 2, 6.05, 2.7625], "texture": "#5"},
				"down": {"uv": [5, 2, 6.05, 2.7625], "texture": "#5"}
			}
		},
		{
			"from": [7.775, 9.3279, 2.88444],
			"to": [8.225, 9.8529, 2.98444],
			"rotation": {"angle": 0, "axis": "y", "origin": [8, 7.4029, 15.68444]},
			"faces": {
				"north": {"uv": [5, 2, 6.05, 2.7625], "texture": "#5"},
				"east": {"uv": [5, 2, 6.05, 2.7625], "texture": "#5"},
				"south": {"uv": [5, 2, 6.05, 2.7625], "texture": "#5"},
				"west": {"uv": [5, 2, 6.05, 2.7625], "texture": "#5"},
				"up": {"uv": [5, 2, 6.05, 2.7625], "texture": "#5"},
				"down": {"uv": [5, 2, 6.05, 2.7625], "texture": "#5"}
			}
		},
		{
			"from": [7.775, 9.3279, 2.68444],
			"to": [8.225, 9.8529, 2.78444],
			"rotation": {"angle": 0, "axis": "y", "origin": [8, 7.4029, 15.68444]},
			"faces": {
				"north": {"uv": [5, 2, 6.05, 2.7625], "texture": "#5"},
				"east": {"uv": [5, 2, 6.05, 2.7625], "texture": "#5"},
				"south": {"uv": [5, 2, 6.05, 2.7625], "texture": "#5"},
				"west": {"uv": [5, 2, 6.05, 2.7625], "texture": "#5"},
				"up": {"uv": [5, 2, 6.05, 2.7625], "texture": "#5"},
				"down": {"uv": [5, 2, 6.05, 2.7625], "texture": "#5"}
			}
		},
		{
			"from": [7.775, 9.3279, 2.48444],
			"to": [8.225, 9.8529, 2.58444],
			"rotation": {"angle": 0, "axis": "y", "origin": [8, 7.4029, 15.68444]},
			"faces": {
				"north": {"uv": [5, 2, 6.05, 2.7625], "texture": "#5"},
				"east": {"uv": [5, 2, 6.05, 2.7625], "texture": "#5"},
				"south": {"uv": [5, 2, 6.05, 2.7625], "texture": "#5"},
				"west": {"uv": [5, 2, 6.05, 2.7625], "texture": "#5"},
				"up": {"uv": [5, 2, 6.05, 2.7625], "texture": "#5"},
				"down": {"uv": [5, 2, 6.05, 2.7625], "texture": "#5"}
			}
		},
		{
			"from": [7.775, 9.3279, 2.28444],
			"to": [8.225, 9.8529, 2.38444],
			"rotation": {"angle": 0, "axis": "y", "origin": [8, 7.4029, 15.68444]},
			"faces": {
				"north": {"uv": [5, 2, 6.05, 2.7625], "texture": "#5"},
				"east": {"uv": [5, 2, 6.05, 2.7625], "texture": "#5"},
				"south": {"uv": [5, 2, 6.05, 2.7625], "texture": "#5"},
				"west": {"uv": [5, 2, 6.05, 2.7625], "texture": "#5"},
				"up": {"uv": [5, 2, 6.05, 2.7625], "texture": "#5"},
				"down": {"uv": [5, 2, 6.05, 2.7625], "texture": "#5"}
			}
		},
		{
			"from": [7.775, 9.3279, 2.08444],
			"to": [8.225, 9.8529, 2.18444],
			"rotation": {"angle": 0, "axis": "y", "origin": [8, 7.4029, 15.68444]},
			"faces": {
				"north": {"uv": [5, 2, 6.05, 2.7625], "texture": "#5"},
				"east": {"uv": [5, 2, 6.05, 2.7625], "texture": "#5"},
				"south": {"uv": [5, 2, 6.05, 2.7625], "texture": "#5"},
				"west": {"uv": [5, 2, 6.05, 2.7625], "texture": "#5"},
				"up": {"uv": [5, 2, 6.05, 2.7625], "texture": "#5"},
				"down": {"uv": [5, 2, 6.05, 2.7625], "texture": "#5"}
			}
		},
		{
			"from": [7.775, 9.3279, 1.88444],
			"to": [8.225, 9.8529, 1.98444],
			"rotation": {"angle": 0, "axis": "y", "origin": [8, 7.4029, 15.68444]},
			"faces": {
				"north": {"uv": [5, 2, 6.05, 2.7625], "texture": "#5"},
				"east": {"uv": [5, 2, 6.05, 2.7625], "texture": "#5"},
				"south": {"uv": [5, 2, 6.05, 2.7625], "texture": "#5"},
				"west": {"uv": [5, 2, 6.05, 2.7625], "texture": "#5"},
				"up": {"uv": [5, 2, 6.05, 2.7625], "texture": "#5"},
				"down": {"uv": [5, 2, 6.05, 2.7625], "texture": "#5"}
			}
		},
		{
			"from": [7.775, 9.3279, 1.68444],
			"to": [8.225, 9.8529, 1.78444],
			"rotation": {"angle": 0, "axis": "y", "origin": [8, 7.4029, 15.68444]},
			"faces": {
				"north": {"uv": [5, 2, 6.05, 2.7625], "texture": "#5"},
				"east": {"uv": [5, 2, 6.05, 2.7625], "texture": "#5"},
				"south": {"uv": [5, 2, 6.05, 2.7625], "texture": "#5"},
				"west": {"uv": [5, 2, 6.05, 2.7625], "texture": "#5"},
				"up": {"uv": [5, 2, 6.05, 2.7625], "texture": "#5"},
				"down": {"uv": [5, 2, 6.05, 2.7625], "texture": "#5"}
			}
		},
		{
			"from": [7.775, 9.3279, 1.48444],
			"to": [8.225, 9.8529, 1.58444],
			"rotation": {"angle": 0, "axis": "y", "origin": [8, 7.4029, 15.68444]},
			"faces": {
				"north": {"uv": [5, 2, 6.05, 2.7625], "texture": "#5"},
				"east": {"uv": [5, 2, 6.05, 2.7625], "texture": "#5"},
				"south": {"uv": [5, 2, 6.05, 2.7625], "texture": "#5"},
				"west": {"uv": [5, 2, 6.05, 2.7625], "texture": "#5"},
				"up": {"uv": [5, 2, 6.05, 2.7625], "texture": "#5"},
				"down": {"uv": [5, 2, 6.05, 2.7625], "texture": "#5"}
			}
		},
		{
			"from": [7.775, 9.3279, 1.28444],
			"to": [8.225, 9.8529, 1.38444],
			"rotation": {"angle": 0, "axis": "y", "origin": [8, 7.4029, 15.68444]},
			"faces": {
				"north": {"uv": [5, 2, 6.05, 2.7625], "texture": "#5"},
				"east": {"uv": [5, 2, 6.05, 2.7625], "texture": "#5"},
				"south": {"uv": [5, 2, 6.05, 2.7625], "texture": "#5"},
				"west": {"uv": [5, 2, 6.05, 2.7625], "texture": "#5"},
				"up": {"uv": [5, 2, 6.05, 2.7625], "texture": "#5"},
				"down": {"uv": [5, 2, 6.05, 2.7625], "texture": "#5"}
			}
		},
		{
			"from": [7.775, 9.3279, 1.08444],
			"to": [8.225, 9.8529, 1.18444],
			"rotation": {"angle": 0, "axis": "y", "origin": [8, 7.4029, 15.68444]},
			"faces": {
				"north": {"uv": [5, 2, 6.05, 2.7625], "texture": "#5"},
				"east": {"uv": [5, 2, 6.05, 2.7625], "texture": "#5"},
				"south": {"uv": [5, 2, 6.05, 2.7625], "texture": "#5"},
				"west": {"uv": [5, 2, 6.05, 2.7625], "texture": "#5"},
				"up": {"uv": [5, 2, 6.05, 2.7625], "texture": "#5"},
				"down": {"uv": [5, 2, 6.05, 2.7625], "texture": "#5"}
			}
		},
		{
			"from": [7.775, 9.3279, 0.88444],
			"to": [8.225, 9.8529, 1.16444],
			"rotation": {"angle": 0, "axis": "y", "origin": [8, 7.4029, 15.68444]},
			"faces": {
				"north": {"uv": [5, 2, 6.05, 2.7625], "texture": "#5"},
				"east": {"uv": [5, 2, 6.05, 2.7625], "texture": "#5"},
				"south": {"uv": [5, 2, 6.05, 2.7625], "texture": "#5"},
				"west": {"uv": [5, 2, 6.05, 2.7625], "texture": "#5"},
				"up": {"uv": [5, 2, 6.05, 2.7625], "texture": "#5"},
				"down": {"uv": [5, 2, 6.05, 2.7625], "texture": "#5"}
			}
		},
		{
			"from": [7.775, 9.3279, 0.68444],
			"to": [8.225, 9.8529, 0.78444],
			"rotation": {"angle": 0, "axis": "y", "origin": [8, 7.4029, 15.68444]},
			"faces": {
				"north": {"uv": [5, 2, 6.05, 2.7625], "texture": "#5"},
				"east": {"uv": [5, 2, 6.05, 2.7625], "texture": "#5"},
				"south": {"uv": [5, 2, 6.05, 2.7625], "texture": "#5"},
				"west": {"uv": [5, 2, 6.05, 2.7625], "texture": "#5"},
				"up": {"uv": [5, 2, 6.05, 2.7625], "texture": "#5"},
				"down": {"uv": [5, 2, 6.05, 2.7625], "texture": "#5"}
			}
		},
		{
			"from": [7.8, 9.3529, -2.51556],
			"to": [8.2, 9.8279, 3.88444],
			"rotation": {"angle": 0, "axis": "y", "origin": [8, 7.4029, 15.68444]},
			"faces": {
				"north": {"uv": [0, 0, 3.2, 0.7375], "texture": "#1"},
				"east": {"uv": [0, 0, 3.2, 0.7375], "texture": "#1"},
				"south": {"uv": [0, 0, 3.2, 0.7375], "texture": "#1"},
				"west": {"uv": [0, 0, 3.2, 0.7375], "texture": "#1"},
				"up": {"uv": [0, 0, 3.2, 0.7375], "texture": "#1"},
				"down": {"uv": [0, 0, 3.2, 0.7375], "texture": "#1"}
			}
		},
		{
			"from": [7.8, 9.0279, -0.16556],
			"to": [8.2, 9.1029, 3.88444],
			"rotation": {"angle": 0, "axis": "y", "origin": [8, 7.4029, 15.68444]},
			"faces": {
				"north": {"uv": [0, 0, 2.025, 0.5375], "texture": "#1"},
				"east": {"uv": [0, 0, 2.025, 0.5375], "texture": "#1"},
				"south": {"uv": [0, 0, 2.025, 0.5375], "texture": "#1"},
				"west": {"uv": [0, 0, 2.025, 0.5375], "texture": "#1"},
				"up": {"uv": [0, 0, 2.025, 0.5375], "texture": "#1"},
				"down": {"uv": [0, 0, 2.025, 0.5375], "texture": "#1"}
			}
		},
		{
			"from": [7.9, 9.0279, 1.08444],
			"to": [8.1, 9.3529, 1.23444],
			"rotation": {"angle": 0, "axis": "y", "origin": [8, 7.4029, 15.68444]},
			"faces": {
				"north": {"uv": [0, 0, 0.075, 0.6625], "texture": "#1"},
				"east": {"uv": [0, 0, 0.075, 0.6625], "texture": "#1"},
				"south": {"uv": [0, 0, 0.075, 0.6625], "texture": "#1"},
				"west": {"uv": [0, 0, 0.075, 0.6625], "texture": "#1"},
				"up": {"uv": [0, 0, 0.075, 0.6625], "texture": "#1"},
				"down": {"uv": [0, 0, 0.075, 0.6625], "texture": "#1"}
			}
		},
		{
			"from": [7.8, 9.2779, -4.19056],
			"to": [8.2, 9.8779, -2.51556],
			"rotation": {"angle": 0, "axis": "y", "origin": [8, 7.4029, 15.68444]},
			"faces": {
				"north": {"uv": [0, 0, 1.3375, 0.8], "texture": "#1"},
				"east": {"uv": [0, 0, 1.3375, 0.8], "texture": "#1"},
				"south": {"uv": [0, 0, 1.3375, 0.8], "texture": "#1"},
				"west": {"uv": [0, 0, 1.3375, 0.8], "texture": "#1"},
				"up": {"uv": [0, 0, 1.3375, 0.8], "texture": "#1"},
				"down": {"uv": [0, 0, 1.3375, 0.8], "texture": "#1"}
			}
		},
		{
			"from": [7.725, 8.1779, 2.95944],
			"to": [8.275, 8.2279, 3.03444],
			"rotation": {"angle": 45, "axis": "x", "origin": [8, 8.5779, 3.38444]},
			"faces": {
				"north": {"uv": [0, 0, 1.5375, 1.525], "texture": "#3"},
				"east": {"uv": [0, 0, 1.5375, 1.525], "texture": "#3"},
				"south": {"uv": [0, 0, 1.5375, 1.525], "texture": "#3"},
				"west": {"uv": [0, 0, 1.5375, 1.525], "texture": "#3"},
				"up": {"uv": [0, 0, 1.5375, 1.525], "texture": "#3"},
				"down": {"uv": [0, 0, 1.5375, 1.525], "texture": "#3"}
			}
		},
		{
			"from": [7.7, 8.5529, 2.85944],
			"to": [8.3, 8.6029, 3.90944],
			"rotation": {"angle": 0, "axis": "y", "origin": [8, 7.4029, 15.68444]},
			"faces": {
				"north": {"uv": [0, 0, 2.025, 1.525], "texture": "#3"},
				"east": {"uv": [0, 0, 2.025, 1.525], "texture": "#3"},
				"south": {"uv": [0, 0, 2.025, 1.525], "texture": "#3"},
				"west": {"uv": [0, 0, 2.025, 1.525], "texture": "#3"},
				"up": {"uv": [0, 0, 2.025, 1.525], "texture": "#3"},
				"down": {"uv": [0, 0, 2.025, 1.525], "texture": "#3"}
			}
		},
		{
			"from": [7.725, 8.4279, 3.08444],
			"to": [8.275, 8.7529, 3.88444],
			"rotation": {"angle": 22.5, "axis": "x", "origin": [8, 8.5779, 3.38444]},
			"faces": {
				"north": {"uv": [0, 0, 1.9, 1.6625], "texture": "#3"},
				"east": {"uv": [0, 0, 1.9, 1.6625], "texture": "#3"},
				"south": {"uv": [0, 0, 1.9, 1.6625], "texture": "#3"},
				"west": {"uv": [0, 0, 1.9, 1.6625], "texture": "#3"},
				"up": {"uv": [0, 0, 1.9, 1.6625], "texture": "#3"},
				"down": {"uv": [0, 0, 1.9, 1.6625], "texture": "#3"}
			}
		},
		{
			"from": [7.7, 8.6029, 0.15944],
			"to": [8.3, 9.0279, 3.90944],
			"rotation": {"angle": 0, "axis": "y", "origin": [8, 7.4029, 15.68444]},
			"faces": {
				"north": {"uv": [0, 0, 3.375, 1.7125], "texture": "#3"},
				"east": {"uv": [0, 0, 3.375, 1.7125], "texture": "#3"},
				"south": {"uv": [0, 0, 3.375, 1.7125], "texture": "#3"},
				"west": {"uv": [0, 0, 3.375, 1.7125], "texture": "#3"},
				"up": {"uv": [0, 0, 3.375, 1.7125], "texture": "#3"},
				"down": {"uv": [0, 0, 3.375, 1.7125], "texture": "#3"}
			}
		},
		{
			"from": [7.7, 7.7029, 0.43444],
			"to": [8.3, 8.6029, 0.80944],
			"rotation": {"angle": 0, "axis": "y", "origin": [8, 7.6529, 8.33444]},
			"faces": {
				"north": {"uv": [0, 0, 1.6875, 1.95], "texture": "#3"},
				"east": {"uv": [0, 0, 1.6875, 1.95], "texture": "#3"},
				"south": {"uv": [0, 0, 1.6875, 1.95], "texture": "#3"},
				"west": {"uv": [0, 0, 1.6875, 1.95], "texture": "#3"},
				"up": {"uv": [0, 0, 1.6875, 1.95], "texture": "#3"},
				"down": {"uv": [0, 0, 1.6875, 1.95], "texture": "#3"}
			}
		},
		{
			"from": [7.725, 8.2279, 0.43444],
			"to": [8.275, 8.7279, 0.63444],
			"rotation": {"angle": -22.5, "axis": "x", "origin": [8, 8.1529, 0.62194]},
			"faces": {
				"north": {"uv": [0, 0, 1.6, 1.75], "texture": "#3"},
				"east": {"uv": [0, 0, 1.6, 1.75], "texture": "#3"},
				"south": {"uv": [0, 0, 1.6, 1.75], "texture": "#3"},
				"west": {"uv": [0, 0, 1.6, 1.75], "texture": "#3"},
				"up": {"uv": [0, 0, 1.6, 1.75], "texture": "#3"},
				"down": {"uv": [0, 0, 1.6, 1.75], "texture": "#3"}
			}
		},
		{
			"from": [7.825, 8.7279, 0.40944],
			"to": [8.15, 9.2029, 0.53444],
			"rotation": {"angle": -22.5, "axis": "x", "origin": [8, 8.1529, 0.62194]},
			"faces": {
				"north": {"uv": [0, 0, 1.5625, 1.7375], "texture": "#3"},
				"east": {"uv": [0, 0, 1.5625, 1.7375], "texture": "#3"},
				"south": {"uv": [0, 0, 1.5625, 1.7375], "texture": "#3"},
				"west": {"uv": [0, 0, 1.5625, 1.7375], "texture": "#3"},
				"up": {"uv": [0, 0, 1.5625, 1.7375], "texture": "#3"},
				"down": {"uv": [0, 0, 1.5625, 1.7375], "texture": "#3"}
			}
		},
		{
			"from": [7.7, 6.2279, 1.68444],
			"to": [8.3, 6.7029, 2.83444],
			"rotation": {"angle": 0, "axis": "y", "origin": [8, 7.6529, 8.33444]},
			"faces": {
				"north": {"uv": [0, 0, 2.575, 2.7375], "texture": "#3"},
				"east": {"uv": [0, 0, 2.575, 2.7375], "texture": "#3"},
				"south": {"uv": [0, 0, 2.575, 2.7375], "texture": "#3"},
				"west": {"uv": [0, 0, 2.575, 2.7375], "texture": "#3"},
				"up": {"uv": [0, 0, 2.575, 2.7375], "texture": "#3"},
				"down": {"uv": [0, 0, 2.575, 2.7375], "texture": "#3"}
			}
		},
		{
			"from": [7.7, 5.8529, 1.65944],
			"to": [8.3, 6.0529, 2.45944],
			"rotation": {"angle": 0, "axis": "y", "origin": [8, 7.6529, 8.33444]},
			"faces": {
				"north": {"uv": [0, 0, 1.9, 1.6], "texture": "#3"},
				"east": {"uv": [0, 0, 1.9, 1.6], "texture": "#3"},
				"south": {"uv": [0, 0, 1.9, 1.6], "texture": "#3"},
				"west": {"uv": [0, 0, 1.9, 1.6], "texture": "#3"},
				"up": {"uv": [0, 0, 1.9, 1.6], "texture": "#3"},
				"down": {"uv": [0, 0, 1.9, 1.6], "texture": "#3"}
			}
		},
		{
			"from": [7.725, 6.0279, 1.65944],
			"to": [8.275, 6.2279, 2.50944],
			"rotation": {"angle": 0, "axis": "y", "origin": [8, 7.6529, 8.33444]},
			"faces": {
				"north": {"uv": [0, 0, 1.925, 1.6], "texture": "#3"},
				"east": {"uv": [0, 0, 1.925, 1.6], "texture": "#3"},
				"south": {"uv": [0, 0, 1.925, 1.6], "texture": "#3"},
				"west": {"uv": [0, 0, 1.925, 1.6], "texture": "#3"},
				"up": {"uv": [0, 0, 1.925, 1.6], "texture": "#3"},
				"down": {"uv": [0, 0, 1.925, 1.6], "texture": "#3"}
			}
		},
		{
			"from": [7.725, 6.7029, 2.90944],
			"to": [8.275, 6.9279, 3.03444],
			"rotation": {"angle": 0, "axis": "y", "origin": [8, 7.6529, 8.33444]},
			"faces": {
				"north": {"uv": [0, 0, 1.5625, 1.6125], "texture": "#3"},
				"east": {"uv": [0, 0, 1.5625, 1.6125], "texture": "#3"},
				"south": {"uv": [0, 0, 1.5625, 1.6125], "texture": "#3"},
				"west": {"uv": [0, 0, 1.5625, 1.6125], "texture": "#3"},
				"up": {"uv": [0, 0, 1.5625, 1.6125], "texture": "#3"},
				"down": {"uv": [0, 0, 1.5625, 1.6125], "texture": "#3"}
			}
		},
		{
			"from": [7.7, 6.7029, 1.35944],
			"to": [8.3, 7.1779, 2.90944],
			"rotation": {"angle": 0, "axis": "y", "origin": [8, 7.6529, 8.33444]},
			"faces": {
				"north": {"uv": [0, 0, 2.275, 1.7375], "texture": "#3"},
				"east": {"uv": [0, 0, 2.275, 1.7375], "texture": "#3"},
				"south": {"uv": [0, 0, 2.275, 1.7375], "texture": "#3"},
				"west": {"uv": [0, 0, 2.275, 1.7375], "texture": "#3"},
				"up": {"uv": [0, 0, 2.275, 1.7375], "texture": "#3"},
				"down": {"uv": [0, 0, 2.275, 1.7375], "texture": "#3"}
			}
		},
		{
			"from": [7.7, 7.1779, 1.18444],
			"to": [8.3, 7.6529, 2.50944],
			"rotation": {"angle": 0, "axis": "y", "origin": [8, 7.6529, 8.33444]},
			"faces": {
				"north": {"uv": [0, 0, 2.1625, 1.7375], "texture": "#3"},
				"east": {"uv": [0, 0, 2.1625, 1.7375], "texture": "#3"},
				"south": {"uv": [0, 0, 2.1625, 1.7375], "texture": "#3"},
				"west": {"uv": [0, 0, 2.1625, 1.7375], "texture": "#3"},
				"up": {"uv": [0, 0, 2.1625, 1.7375], "texture": "#3"},
				"down": {"uv": [0, 0, 2.1625, 1.7375], "texture": "#3"}
			}
		},
		{
			"from": [7.7, 7.6529, 0.80944],
			"to": [8.3, 8.1279, 2.13444],
			"rotation": {"angle": 0, "axis": "y", "origin": [8, 7.6529, 8.33444]},
			"faces": {
				"north": {"uv": [0, 0, 2.1625, 1.7375], "texture": "#3"},
				"east": {"uv": [0, 0, 2.1625, 1.7375], "texture": "#3"},
				"south": {"uv": [0, 0, 2.1625, 1.7375], "texture": "#3"},
				"west": {"uv": [0, 0, 2.1625, 1.7375], "texture": "#3"},
				"up": {"uv": [0, 0, 2.1625, 1.7375], "texture": "#3"},
				"down": {"uv": [0, 0, 2.1625, 1.7375], "texture": "#3"}
			}
		},
		{
			"from": [7.725, 5.77134, 2.40011],
			"to": [8.275, 6.32134, 2.62511],
			"rotation": {"angle": 45, "axis": "x", "origin": [8, 6.02134, 2.65011]},
			"faces": {
				"north": {"uv": [0, 0, 1.6125, 1.775], "rotation": 180, "texture": "#3"},
				"east": {"uv": [0, 0, 1.6125, 1.775], "rotation": 180, "texture": "#3"},
				"south": {"uv": [0, 0, 1.6125, 1.775], "rotation": 180, "texture": "#3"},
				"west": {"uv": [0, 0, 1.6125, 1.775], "rotation": 180, "texture": "#3"},
				"up": {"uv": [0, 0, 1.6125, 1.775], "rotation": 180, "texture": "#3"},
				"down": {"uv": [0, 0, 1.6125, 1.775], "rotation": 180, "texture": "#3"}
			}
		},
		{
			"from": [7.725, 6.26998, 2.95761],
			"to": [8.275, 6.76998, 3.15761],
			"rotation": {"angle": 22.5, "axis": "x", "origin": [8, 7.03248, 2.92011]},
			"faces": {
				"north": {"uv": [0, 0, 1.6, 1.75], "rotation": 180, "texture": "#3"},
				"east": {"uv": [0, 0, 1.6, 1.75], "rotation": 180, "texture": "#3"},
				"south": {"uv": [0, 0, 1.6, 1.75], "rotation": 180, "texture": "#3"},
				"west": {"uv": [0, 0, 1.6, 1.75], "rotation": 180, "texture": "#3"},
				"up": {"uv": [0, 0, 1.6, 1.75], "rotation": 180, "texture": "#3"},
				"down": {"uv": [0, 0, 1.6, 1.75], "rotation": 180, "texture": "#3"}
			}
		},
		{
			"from": [7.725, 6.4279, 2.23444],
			"to": [8.275, 6.7029, 2.35944],
			"rotation": {"angle": -22.5, "axis": "x", "origin": [8, 8.3654, 1.43444]},
			"faces": {
				"north": {"uv": [0, 0, 1.5625, 1.6375], "texture": "#3"},
				"east": {"uv": [0, 0, 1.5625, 1.6375], "texture": "#3"},
				"south": {"uv": [0, 0, 1.5625, 1.6375], "texture": "#3"},
				"west": {"uv": [0, 0, 1.5625, 1.6375], "texture": "#3"},
				"up": {"uv": [0, 0, 1.5625, 1.6375], "texture": "#3"},
				"down": {"uv": [0, 0, 1.5625, 1.6375], "texture": "#3"}
			}
		},
		{
			"from": [7.725, 6.7779, 1.95944],
			"to": [8.275, 7.3029, 2.15944],
			"rotation": {"angle": -22.5, "axis": "x", "origin": [8, 8.3654, 1.43444]},
			"faces": {
				"north": {"uv": [0, 0, 1.6, 1.7625], "texture": "#3"},
				"east": {"uv": [0, 0, 1.6, 1.7625], "texture": "#3"},
				"south": {"uv": [0, 0, 1.6, 1.7625], "texture": "#3"},
				"west": {"uv": [0, 0, 1.6, 1.7625], "texture": "#3"},
				"up": {"uv": [0, 0, 1.6, 1.7625], "texture": "#3"},
				"down": {"uv": [0, 0, 1.6, 1.7625], "texture": "#3"}
			}
		},
		{
			"from": [7.725, 6.19986, 1.54354],
			"to": [8.275, 6.47486, 1.74354],
			"rotation": {"angle": -45, "axis": "x", "origin": [8, 6.33736, 1.64354]},
			"faces": {
				"north": {"uv": [0, 0, 1.6, 1.6375], "texture": "#3"},
				"east": {"uv": [0, 0, 1.6, 1.6375], "texture": "#3"},
				"south": {"uv": [0, 0, 1.6, 1.6375], "texture": "#3"},
				"west": {"uv": [0, 0, 1.6, 1.6375], "texture": "#3"},
				"up": {"uv": [0, 0, 1.6, 1.6375], "texture": "#3"},
				"down": {"uv": [0, 0, 1.6, 1.6375], "texture": "#3"}
			}
		},
		{
			"from": [7.725, 6.39186, 1.40675],
			"to": [8.275, 6.76686, 1.60675],
			"rotation": {"angle": -22.5, "axis": "x", "origin": [8, 6.60436, 1.54425]},
			"faces": {
				"north": {"uv": [0, 0, 1.6, 1.6875], "texture": "#3"},
				"east": {"uv": [0, 0, 1.6, 1.6875], "texture": "#3"},
				"south": {"uv": [0, 0, 1.6, 1.6875], "texture": "#3"},
				"west": {"uv": [0, 0, 1.6, 1.6875], "texture": "#3"},
				"up": {"uv": [0, 0, 1.6, 1.6875], "texture": "#3"},
				"down": {"uv": [0, 0, 1.6, 1.6875], "texture": "#3"}
			}
		},
		{
			"from": [7.725, 7.42422, 1.03918],
			"to": [8.275, 7.84922, 1.16418],
			"rotation": {"angle": -45, "axis": "x", "origin": [8, 7.46172, 1.16418]},
			"faces": {
				"north": {"uv": [0, 0, 1.5625, 1.7125], "texture": "#3"},
				"east": {"uv": [0, 0, 1.5625, 1.7125], "texture": "#3"},
				"south": {"uv": [0, 0, 1.5625, 1.7125], "texture": "#3"},
				"west": {"uv": [0, 0, 1.5625, 1.7125], "texture": "#3"},
				"up": {"uv": [0, 0, 1.5625, 1.7125], "texture": "#3"},
				"down": {"uv": [0, 0, 1.5625, 1.7125], "texture": "#3"}
			}
		},
		{
			"from": [7.725, 7.28869, 1.48896],
			"to": [8.275, 7.81369, 1.68896],
			"rotation": {"angle": -22.5, "axis": "x", "origin": [8, 6.43869, 1.60146]},
			"faces": {
				"north": {"uv": [0, 0, 1.6, 1.7625], "texture": "#3"},
				"east": {"uv": [0, 0, 1.6, 1.7625], "texture": "#3"},
				"south": {"uv": [0, 0, 1.6, 1.7625], "texture": "#3"},
				"west": {"uv": [0, 0, 1.6, 1.7625], "texture": "#3"},
				"up": {"uv": [0, 0, 1.6, 1.7625], "texture": "#3"},
				"down": {"uv": [0, 0, 1.6, 1.7625], "texture": "#3"}
			}
		},
		{
			"from": [7.725, 6.78869, 1.48896],
			"to": [8.275, 7.28869, 1.66396],
			"rotation": {"angle": -22.5, "axis": "x", "origin": [8, 6.43869, 1.60146]},
			"faces": {
				"north": {"uv": [0, 0, 1.5875, 1.75], "texture": "#3"},
				"east": {"uv": [0, 0, 1.5875, 1.75], "texture": "#3"},
				"south": {"uv": [0, 0, 1.5875, 1.75], "texture": "#3"},
				"west": {"uv": [0, 0, 1.5875, 1.75], "texture": "#3"},
				"up": {"uv": [0, 0, 1.5875, 1.75], "texture": "#3"},
				"down": {"uv": [0, 0, 1.5875, 1.75], "texture": "#3"}
			}
		},
		{
			"from": [7.725, 6.18869, 1.58896],
			"to": [8.275, 6.73869, 1.81396],
			"rotation": {"angle": -22.5, "axis": "x", "origin": [8, 6.43869, 1.60146]},
			"faces": {
				"north": {"uv": [0, 0, 1.6125, 1.775], "texture": "#3"},
				"east": {"uv": [0, 0, 1.6125, 1.775], "texture": "#3"},
				"south": {"uv": [0, 0, 1.6125, 1.775], "texture": "#3"},
				"west": {"uv": [0, 0, 1.6125, 1.775], "texture": "#3"},
				"up": {"uv": [0, 0, 1.6125, 1.775], "texture": "#3"},
				"down": {"uv": [0, 0, 1.6125, 1.775], "texture": "#3"}
			}
		},
		{
			"from": [7.725, 6.81389, 2.07081],
			"to": [8.275, 7.36389, 2.24581],
			"rotation": {"angle": -45, "axis": "x", "origin": [8, 7.82639, 2.15831]},
			"faces": {
				"north": {"uv": [0, 0, 1.5875, 1.775], "texture": "#3"},
				"east": {"uv": [0, 0, 1.5875, 1.775], "texture": "#3"},
				"south": {"uv": [0, 0, 1.5875, 1.775], "texture": "#3"},
				"west": {"uv": [0, 0, 1.5875, 1.775], "texture": "#3"},
				"up": {"uv": [0, 0, 1.5875, 1.775], "texture": "#3"},
				"down": {"uv": [0, 0, 1.5875, 1.775], "texture": "#3"}
			}
		},
		{
			"from": [7.725, 7.46389, 2.14581],
			"to": [8.275, 7.93889, 2.29581],
			"rotation": {"angle": -45, "axis": "x", "origin": [8, 7.82639, 2.15831]},
			"faces": {
				"north": {"uv": [0, 0, 1.575, 1.7375], "texture": "#3"},
				"east": {"uv": [0, 0, 1.575, 1.7375], "texture": "#3"},
				"south": {"uv": [0, 0, 1.575, 1.7375], "texture": "#3"},
				"west": {"uv": [0, 0, 1.575, 1.7375], "texture": "#3"},
				"up": {"uv": [0, 0, 1.575, 1.7375], "texture": "#3"},
				"down": {"uv": [0, 0, 1.575, 1.7375], "texture": "#3"}
			}
		},
		{
			"from": [7.725, 7.3279, 1.80944],
			"to": [8.275, 7.8529, 1.98444],
			"rotation": {"angle": -22.5, "axis": "x", "origin": [8, 8.3654, 1.43444]},
			"faces": {
				"north": {"uv": [0, 0, 1.5875, 1.7625], "texture": "#3"},
				"east": {"uv": [0, 0, 1.5875, 1.7625], "texture": "#3"},
				"south": {"uv": [0, 0, 1.5875, 1.7625], "texture": "#3"},
				"west": {"uv": [0, 0, 1.5875, 1.7625], "texture": "#3"},
				"up": {"uv": [0, 0, 1.5875, 1.7625], "texture": "#3"},
				"down": {"uv": [0, 0, 1.5875, 1.7625], "texture": "#3"}
			}
		},
		{
			"from": [7.725, 7.8779, 1.90944],
			"to": [8.275, 8.0529, 1.98444],
			"rotation": {"angle": -22.5, "axis": "x", "origin": [8, 8.3654, 1.43444]},
			"faces": {
				"north": {"uv": [0, 0, 1.5375, 1.5875], "texture": "#3"},
				"east": {"uv": [0, 0, 1.5375, 1.5875], "texture": "#3"},
				"south": {"uv": [0, 0, 1.5375, 1.5875], "texture": "#3"},
				"west": {"uv": [0, 0, 1.5375, 1.5875], "texture": "#3"},
				"up": {"uv": [0, 0, 1.5375, 1.5875], "texture": "#3"},
				"down": {"uv": [0, 0, 1.5375, 1.5875], "texture": "#3"}
			}
		},
		{
			"from": [7.725, 8.27948, 1.7485],
			"to": [8.275, 8.65448, 1.9485],
			"rotation": {"angle": 45, "axis": "x", "origin": [8, 8.19198, 2.061]},
			"faces": {
				"north": {"uv": [0, 0, 1.6, 1.6875], "texture": "#3"},
				"east": {"uv": [0, 0, 1.6, 1.6875], "texture": "#3"},
				"south": {"uv": [0, 0, 1.6, 1.6875], "texture": "#3"},
				"west": {"uv": [0, 0, 1.6, 1.6875], "texture": "#3"},
				"up": {"uv": [0, 0, 1.6, 1.6875], "texture": "#3"},
				"down": {"uv": [0, 0, 1.6, 1.6875], "texture": "#3"}
			}
		},
		{
			"from": [7.7, 8.1279, 0.80944],
			"to": [8.3, 8.6029, 2.05944],
			"rotation": {"angle": 0, "axis": "y", "origin": [8, 7.6529, 8.33444]},
			"faces": {
				"north": {"uv": [0, 0, 2.125, 1.7375], "texture": "#3"},
				"east": {"uv": [0, 0, 2.125, 1.7375], "texture": "#3"},
				"south": {"uv": [0, 0, 2.125, 1.7375], "texture": "#3"},
				"west": {"uv": [0, 0, 2.125, 1.7375], "texture": "#3"},
				"up": {"uv": [0, 0, 2.125, 1.7375], "texture": "#3"},
				"down": {"uv": [0, 0, 2.125, 1.7375], "texture": "#3"}
			}
		},
		{
			"from": [7.7, 7.8779, 8.15944],
			"to": [8.3, 8.3529, 9.40944],
			"rotation": {"angle": 0, "axis": "y", "origin": [8, 7.4029, 15.68444]},
			"faces": {
				"north": {"uv": [0, 0, 2.125, 1.7375], "texture": "#3"},
				"east": {"uv": [0, 0, 2.125, 1.7375], "texture": "#3"},
				"south": {"uv": [0, 0, 2.125, 1.7375], "texture": "#3"},
				"west": {"uv": [0, 0, 2.125, 1.7375], "texture": "#3"},
				"up": {"uv": [0, 0, 2.125, 1.7375], "texture": "#3"},
				"down": {"uv": [0, 0, 2.125, 1.7375], "texture": "#3"}
			}
		},
		{
			"from": [7.725, 7.6279, 9.25944],
			"to": [8.275, 7.8029, 9.33444],
			"rotation": {"angle": -22.5, "axis": "x", "origin": [8, 8.1154, 8.78444]},
			"faces": {
				"north": {"uv": [0, 0, 1.5375, 1.5875], "texture": "#3"},
				"east": {"uv": [0, 0, 1.5375, 1.5875], "texture": "#3"},
				"south": {"uv": [0, 0, 1.5375, 1.5875], "texture": "#3"},
				"west": {"uv": [0, 0, 1.5375, 1.5875], "texture": "#3"},
				"up": {"uv": [0, 0, 1.5375, 1.5875], "texture": "#3"},
				"down": {"uv": [0, 0, 1.5375, 1.5875], "texture": "#3"}
			}
		},
		{
			"from": [7.725, 7.0779, 9.15944],
			"to": [8.275, 7.6029, 9.33444],
			"rotation": {"angle": -22.5, "axis": "x", "origin": [8, 8.1154, 8.78444]},
			"faces": {
				"north": {"uv": [0, 0, 1.5875, 1.7625], "texture": "#3"},
				"east": {"uv": [0, 0, 1.5875, 1.7625], "texture": "#3"},
				"south": {"uv": [0, 0, 1.5875, 1.7625], "texture": "#3"},
				"west": {"uv": [0, 0, 1.5875, 1.7625], "texture": "#3"},
				"up": {"uv": [0, 0, 1.5875, 1.7625], "texture": "#3"},
				"down": {"uv": [0, 0, 1.5875, 1.7625], "texture": "#3"}
			}
		},
		{
			"from": [7.725, 7.21389, 9.49581],
			"to": [8.275, 7.68889, 9.64581],
			"rotation": {"angle": -45, "axis": "x", "origin": [8, 7.57639, 9.50831]},
			"faces": {
				"north": {"uv": [0, 0, 1.575, 1.7375], "texture": "#3"},
				"east": {"uv": [0, 0, 1.575, 1.7375], "texture": "#3"},
				"south": {"uv": [0, 0, 1.575, 1.7375], "texture": "#3"},
				"west": {"uv": [0, 0, 1.575, 1.7375], "texture": "#3"},
				"up": {"uv": [0, 0, 1.575, 1.7375], "texture": "#3"},
				"down": {"uv": [0, 0, 1.575, 1.7375], "texture": "#3"}
			}
		},
		{
			"from": [7.725, 6.56389, 9.42081],
			"to": [8.275, 7.11389, 9.59581],
			"rotation": {"angle": -45, "axis": "x", "origin": [8, 7.57639, 9.50831]},
			"faces": {
				"north": {"uv": [0, 0, 1.5875, 1.775], "texture": "#3"},
				"east": {"uv": [0, 0, 1.5875, 1.775], "texture": "#3"},
				"south": {"uv": [0, 0, 1.5875, 1.775], "texture": "#3"},
				"west": {"uv": [0, 0, 1.5875, 1.775], "texture": "#3"},
				"up": {"uv": [0, 0, 1.5875, 1.775], "texture": "#3"},
				"down": {"uv": [0, 0, 1.5875, 1.775], "texture": "#3"}
			}
		},
		{
			"from": [7.7, 5.93869, 8.93896],
			"to": [8.3, 6.48869, 9.16396],
			"rotation": {"angle": -22.5, "axis": "x", "origin": [8, 6.18869, 8.95146]},
			"faces": {
				"north": {"uv": [0, 0, 1.6125, 1.775], "texture": "#3"},
				"east": {"uv": [0, 0, 1.6125, 1.775], "texture": "#3"},
				"south": {"uv": [0, 0, 1.6125, 1.775], "texture": "#3"},
				"west": {"uv": [0, 0, 1.6125, 1.775], "texture": "#3"},
				"up": {"uv": [0, 0, 1.6125, 1.775], "texture": "#3"},
				"down": {"uv": [0, 0, 1.6125, 1.775], "texture": "#3"}
			}
		},
		{
			"from": [7.725, 6.53869, 8.83896],
			"to": [8.275, 7.03869, 9.01396],
			"rotation": {"angle": -22.5, "axis": "x", "origin": [8, 6.18869, 8.95146]},
			"faces": {
				"north": {"uv": [0, 0, 1.5875, 1.75], "texture": "#3"},
				"east": {"uv": [0, 0, 1.5875, 1.75], "texture": "#3"},
				"south": {"uv": [0, 0, 1.5875, 1.75], "texture": "#3"},
				"west": {"uv": [0, 0, 1.5875, 1.75], "texture": "#3"},
				"up": {"uv": [0, 0, 1.5875, 1.75], "texture": "#3"},
				"down": {"uv": [0, 0, 1.5875, 1.75], "texture": "#3"}
			}
		},
		{
			"from": [7.725, 7.03869, 8.83896],
			"to": [8.275, 7.56369, 9.03896],
			"rotation": {"angle": -22.5, "axis": "x", "origin": [8, 6.18869, 8.95146]},
			"faces": {
				"north": {"uv": [0, 0, 1.6, 1.7625], "texture": "#3"},
				"east": {"uv": [0, 0, 1.6, 1.7625], "texture": "#3"},
				"south": {"uv": [0, 0, 1.6, 1.7625], "texture": "#3"},
				"west": {"uv": [0, 0, 1.6, 1.7625], "texture": "#3"},
				"up": {"uv": [0, 0, 1.6, 1.7625], "texture": "#3"},
				"down": {"uv": [0, 0, 1.6, 1.7625], "texture": "#3"}
			}
		},
		{
			"from": [7.725, 7.17422, 8.38918],
			"to": [8.275, 7.59922, 8.51418],
			"rotation": {"angle": -45, "axis": "x", "origin": [8, 7.21172, 8.51418]},
			"faces": {
				"north": {"uv": [0, 0, 1.5625, 1.7125], "texture": "#3"},
				"east": {"uv": [0, 0, 1.5625, 1.7125], "texture": "#3"},
				"south": {"uv": [0, 0, 1.5625, 1.7125], "texture": "#3"},
				"west": {"uv": [0, 0, 1.5625, 1.7125], "texture": "#3"},
				"up": {"uv": [0, 0, 1.5625, 1.7125], "texture": "#3"},
				"down": {"uv": [0, 0, 1.5625, 1.7125], "texture": "#3"}
			}
		},
		{
			"from": [7.725, 6.14186, 8.75675],
			"to": [8.275, 6.51686, 8.95675],
			"rotation": {"angle": -22.5, "axis": "x", "origin": [8, 6.35436, 8.89425]},
			"faces": {
				"north": {"uv": [0, 0, 1.6, 1.6875], "texture": "#3"},
				"east": {"uv": [0, 0, 1.6, 1.6875], "texture": "#3"},
				"south": {"uv": [0, 0, 1.6, 1.6875], "texture": "#3"},
				"west": {"uv": [0, 0, 1.6, 1.6875], "texture": "#3"},
				"up": {"uv": [0, 0, 1.6, 1.6875], "texture": "#3"},
				"down": {"uv": [0, 0, 1.6, 1.6875], "texture": "#3"}
			}
		},
		{
			"from": [7.725, 5.94986, 8.89354],
			"to": [8.275, 6.22486, 9.09354],
			"rotation": {"angle": -45, "axis": "x", "origin": [8, 6.08736, 8.99354]},
			"faces": {
				"north": {"uv": [0, 0, 1.6, 1.6375], "texture": "#3"},
				"east": {"uv": [0, 0, 1.6, 1.6375], "texture": "#3"},
				"south": {"uv": [0, 0, 1.6, 1.6375], "texture": "#3"},
				"west": {"uv": [0, 0, 1.6, 1.6375], "texture": "#3"},
				"up": {"uv": [0, 0, 1.6, 1.6375], "texture": "#3"},
				"down": {"uv": [0, 0, 1.6, 1.6375], "texture": "#3"}
			}
		},
		{
			"from": [7.725, 6.5279, 9.30944],
			"to": [8.275, 7.0529, 9.50944],
			"rotation": {"angle": -22.5, "axis": "x", "origin": [8, 8.1154, 8.78444]},
			"faces": {
				"north": {"uv": [0, 0, 1.6, 1.7625], "texture": "#3"},
				"east": {"uv": [0, 0, 1.6, 1.7625], "texture": "#3"},
				"south": {"uv": [0, 0, 1.6, 1.7625], "texture": "#3"},
				"west": {"uv": [0, 0, 1.6, 1.7625], "texture": "#3"},
				"up": {"uv": [0, 0, 1.6, 1.7625], "texture": "#3"},
				"down": {"uv": [0, 0, 1.6, 1.7625], "texture": "#3"}
			}
		},
		{
			"from": [7.725, 6.1779, 9.58444],
			"to": [8.275, 6.4529, 9.70944],
			"rotation": {"angle": -22.5, "axis": "x", "origin": [8, 8.1154, 8.78444]},
			"faces": {
				"north": {"uv": [0, 0, 1.5625, 1.6375], "texture": "#3"},
				"east": {"uv": [0, 0, 1.5625, 1.6375], "texture": "#3"},
				"south": {"uv": [0, 0, 1.5625, 1.6375], "texture": "#3"},
				"west": {"uv": [0, 0, 1.5625, 1.6375], "texture": "#3"},
				"up": {"uv": [0, 0, 1.5625, 1.6375], "texture": "#3"},
				"down": {"uv": [0, 0, 1.5625, 1.6375], "texture": "#3"}
			}
		},
		{
			"from": [7.725, 6.01998, 10.30761],
			"to": [8.275, 6.51998, 10.50761],
			"rotation": {"angle": 22.5, "axis": "x", "origin": [8, 6.78248, 10.27011]},
			"faces": {
				"north": {"uv": [0, 0, 1.6, 1.75], "rotation": 180, "texture": "#3"},
				"east": {"uv": [0, 0, 1.6, 1.75], "rotation": 180, "texture": "#3"},
				"south": {"uv": [0, 0, 1.6, 1.75], "rotation": 180, "texture": "#3"},
				"west": {"uv": [0, 0, 1.6, 1.75], "rotation": 180, "texture": "#3"},
				"up": {"uv": [0, 0, 1.6, 1.75], "rotation": 180, "texture": "#3"},
				"down": {"uv": [0, 0, 1.6, 1.75], "rotation": 180, "texture": "#3"}
			}
		},
		{
			"from": [7.725, 5.52134, 9.75011],
			"to": [8.275, 6.07134, 9.97511],
			"rotation": {"angle": 45, "axis": "x", "origin": [8, 5.77134, 10.00011]},
			"faces": {
				"north": {"uv": [0, 0, 1.6125, 1.775], "rotation": 180, "texture": "#3"},
				"east": {"uv": [0, 0, 1.6125, 1.775], "rotation": 180, "texture": "#3"},
				"south": {"uv": [0, 0, 1.6125, 1.775], "rotation": 180, "texture": "#3"},
				"west": {"uv": [0, 0, 1.6125, 1.775], "rotation": 180, "texture": "#3"},
				"up": {"uv": [0, 0, 1.6125, 1.775], "rotation": 180, "texture": "#3"},
				"down": {"uv": [0, 0, 1.6125, 1.775], "rotation": 180, "texture": "#3"}
			}
		},
		{
			"from": [7.7, 7.4029, 8.15944],
			"to": [8.3, 7.8779, 9.48444],
			"rotation": {"angle": 0, "axis": "y", "origin": [8, 7.4029, 15.68444]},
			"faces": {
				"north": {"uv": [0, 0, 2.1625, 1.7375], "texture": "#3"},
				"east": {"uv": [0, 0, 2.1625, 1.7375], "texture": "#3"},
				"south": {"uv": [0, 0, 2.1625, 1.7375], "texture": "#3"},
				"west": {"uv": [0, 0, 2.1625, 1.7375], "texture": "#3"},
				"up": {"uv": [0, 0, 2.1625, 1.7375], "texture": "#3"},
				"down": {"uv": [0, 0, 2.1625, 1.7375], "texture": "#3"}
			}
		},
		{
			"from": [7.7, 6.9279, 8.53444],
			"to": [8.3, 7.4029, 9.85944],
			"rotation": {"angle": 0, "axis": "y", "origin": [8, 7.4029, 15.68444]},
			"faces": {
				"north": {"uv": [0, 0, 2.1625, 1.7375], "texture": "#3"},
				"east": {"uv": [0, 0, 2.1625, 1.7375], "texture": "#3"},
				"south": {"uv": [0, 0, 2.1625, 1.7375], "texture": "#3"},
				"west": {"uv": [0, 0, 2.1625, 1.7375], "texture": "#3"},
				"up": {"uv": [0, 0, 2.1625, 1.7375], "texture": "#3"},
				"down": {"uv": [0, 0, 2.1625, 1.7375], "texture": "#3"}
			}
		},
		{
			"from": [7.7, 6.4529, 8.70944],
			"to": [8.3, 6.9279, 10.25944],
			"rotation": {"angle": 0, "axis": "y", "origin": [8, 7.4029, 15.68444]},
			"faces": {
				"north": {"uv": [0, 0, 2.275, 1.7375], "texture": "#3"},
				"east": {"uv": [0, 0, 2.275, 1.7375], "texture": "#3"},
				"south": {"uv": [0, 0, 2.275, 1.7375], "texture": "#3"},
				"west": {"uv": [0, 0, 2.275, 1.7375], "texture": "#3"},
				"up": {"uv": [0, 0, 2.275, 1.7375], "texture": "#3"},
				"down": {"uv": [0, 0, 2.275, 1.7375], "texture": "#3"}
			}
		},
		{
			"from": [7.725, 6.4529, 10.25944],
			"to": [8.275, 6.6779, 10.38444],
			"rotation": {"angle": 0, "axis": "y", "origin": [8, 7.4029, 15.68444]},
			"faces": {
				"north": {"uv": [0, 0, 1.5625, 1.6125], "texture": "#3"},
				"east": {"uv": [0, 0, 1.5625, 1.6125], "texture": "#3"},
				"south": {"uv": [0, 0, 1.5625, 1.6125], "texture": "#3"},
				"west": {"uv": [0, 0, 1.5625, 1.6125], "texture": "#3"},
				"up": {"uv": [0, 0, 1.5625, 1.6125], "texture": "#3"},
				"down": {"uv": [0, 0, 1.5625, 1.6125], "texture": "#3"}
			}
		},
		{
			"from": [7.7, 5.7779, 9.00944],
			"to": [8.3, 5.9779, 9.85944],
			"rotation": {"angle": 0, "axis": "y", "origin": [8, 7.4029, 15.68444]},
			"faces": {
				"north": {"uv": [0, 0, 1.925, 1.6], "texture": "#3"},
				"east": {"uv": [0, 0, 1.925, 1.6], "texture": "#3"},
				"south": {"uv": [0, 0, 1.925, 1.6], "texture": "#3"},
				"west": {"uv": [0, 0, 1.925, 1.6], "texture": "#3"},
				"up": {"uv": [0, 0, 1.925, 1.6], "texture": "#3"},
				"down": {"uv": [0, 0, 1.925, 1.6], "texture": "#3"}
			}
		},
		{
			"from": [7.725, 5.6029, 9.00944],
			"to": [8.275, 5.8029, 9.80944],
			"rotation": {"angle": 0, "axis": "y", "origin": [8, 7.4029, 15.68444]},
			"faces": {
				"north": {"uv": [0, 0, 1.9, 1.6], "texture": "#3"},
				"east": {"uv": [0, 0, 1.9, 1.6], "texture": "#3"},
				"south": {"uv": [0, 0, 1.9, 1.6], "texture": "#3"},
				"west": {"uv": [0, 0, 1.9, 1.6], "texture": "#3"},
				"up": {"uv": [0, 0, 1.9, 1.6], "texture": "#3"},
				"down": {"uv": [0, 0, 1.9, 1.6], "texture": "#3"}
			}
		},
		{
			"from": [7.7, 5.9779, 9.03444],
			"to": [8.3, 6.4529, 10.18444],
			"rotation": {"angle": 0, "axis": "y", "origin": [8, 7.4029, 15.68444]},
			"faces": {
				"north": {"uv": [0, 0, 2.075, 1.7375], "texture": "#3"},
				"east": {"uv": [0, 0, 2.075, 1.7375], "texture": "#3"},
				"south": {"uv": [0, 0, 2.075, 1.7375], "texture": "#3"},
				"west": {"uv": [0, 0, 2.075, 1.7375], "texture": "#3"},
				"up": {"uv": [0, 0, 2.075, 1.7375], "texture": "#3"},
				"down": {"uv": [0, 0, 2.075, 1.7375], "texture": "#3"}
			}
		},
		{
			"from": [7.7, 7.4529, 7.95944],
			"to": [8.3, 8.1779, 8.15944],
			"rotation": {"angle": 0, "axis": "y", "origin": [8, 7.4029, 15.68444]},
			"faces": {
				"north": {"uv": [0, 0, 1.6, 1.8625], "texture": "#3"},
				"east": {"uv": [0, 0, 1.6, 1.8625], "texture": "#3"},
				"south": {"uv": [0, 0, 1.6, 1.8625], "texture": "#3"},
				"west": {"uv": [0, 0, 1.6, 1.8625], "texture": "#3"},
				"up": {"uv": [0, 0, 1.6, 1.8625], "texture": "#3"},
				"down": {"uv": [0, 0, 1.6, 1.8625], "texture": "#3"}
			}
		},
		{
			"from": [7.8, 7.9779, 6.63444],
			"to": [8.2, 8.1779, 7.10944],
			"rotation": {"angle": -45, "axis": "x", "origin": [8, 8.0154, 6.48444]},
			"faces": {
				"north": {"uv": [0, 0, 0.7375, 0.6], "texture": "#1"},
				"east": {"uv": [0, 0, 0.7375, 0.6], "texture": "#1"},
				"south": {"uv": [0, 0, 0.7375, 0.6], "texture": "#1"},
				"west": {"uv": [0, 0, 0.7375, 0.6], "texture": "#1"},
				"up": {"uv": [0, 0, 0.7375, 0.6], "texture": "#1"},
				"down": {"uv": [0, 0, 0.7375, 0.6], "texture": "#1"}
			}
		},
		{
			"from": [7.8, 7.4529, 6.35944],
			"to": [8.2, 8.3529, 6.60944],
			"rotation": {"angle": 0, "axis": "y", "origin": [8, 7.4029, 15.68444]},
			"faces": {
				"north": {"uv": [0, 0, 0.625, 0.95], "texture": "#1"},
				"east": {"uv": [0, 0, 0.625, 0.95], "texture": "#1"},
				"south": {"uv": [0, 0, 0.625, 0.95], "texture": "#1"},
				"west": {"uv": [0, 0, 0.625, 0.95], "texture": "#1"},
				"up": {"uv": [0, 0, 0.625, 0.95], "texture": "#1"},
				"down": {"uv": [0, 0, 0.625, 0.95], "texture": "#1"}
			}
		},
		{
			"from": [7.8, 7.4529, 7.85944],
			"to": [8.2, 8.3529, 7.95944],
			"rotation": {"angle": 0, "axis": "y", "origin": [8, 7.4029, 15.68444]},
			"faces": {
				"north": {"uv": [0, 0, 0.55, 0.95], "texture": "#1"},
				"east": {"uv": [0, 0, 0.55, 0.95], "texture": "#1"},
				"south": {"uv": [0, 0, 0.55, 0.95], "texture": "#1"},
				"west": {"uv": [0, 0, 0.55, 0.95], "texture": "#1"},
				"up": {"uv": [0, 0, 0.55, 0.95], "texture": "#1"},
				"down": {"uv": [0, 0, 0.55, 0.95], "texture": "#1"}
			}
		},
		{
			"from": [7.925, 7.8279, 7.43444],
			"to": [8.075, 8.3529, 7.55944],
			"rotation": {"angle": 0, "axis": "y", "origin": [8, 7.4029, 15.68444]},
			"faces": {
				"north": {"uv": [0, 0, 0.5625, 0.7625], "texture": "#1"},
				"east": {"uv": [0, 0, 0.5625, 0.7625], "texture": "#1"},
				"south": {"uv": [0, 0, 0.5625, 0.7625], "texture": "#1"},
				"west": {"uv": [0, 0, 0.5625, 0.7625], "texture": "#1"},
				"up": {"uv": [0, 0, 0.5625, 0.7625], "texture": "#1"},
				"down": {"uv": [0, 0, 0.5625, 0.7625], "texture": "#1"}
			}
		},
		{
			"from": [7.925, 7.7029, 7.53444],
			"to": [8.075, 7.8779, 7.65944],
			"rotation": {"angle": 22.5, "axis": "x", "origin": [8, 8.0904, 7.49694]},
			"faces": {
				"north": {"uv": [0, 0, 0.5625, 0.5875], "texture": "#1"},
				"east": {"uv": [0, 0, 0.5625, 0.5875], "texture": "#1"},
				"south": {"uv": [0, 0, 0.5625, 0.5875], "texture": "#1"},
				"west": {"uv": [0, 0, 0.5625, 0.5875], "texture": "#1"},
				"up": {"uv": [0, 0, 0.5625, 0.5875], "texture": "#1"},
				"down": {"uv": [0, 0, 0.5625, 0.5875], "texture": "#1"}
			}
		},
		{
			"from": [7.8, 7.4529, 6.60944],
			"to": [8.2, 7.5529, 7.85944],
			"rotation": {"angle": 0, "axis": "y", "origin": [8, 7.9029, 7.90944]},
			"faces": {
				"north": {"uv": [0, 0, 0.55, 1.125], "rotation": 270, "texture": "#1"},
				"east": {"uv": [0, 0, 0.55, 1.125], "rotation": 270, "texture": "#1"},
				"south": {"uv": [0, 0, 0.55, 1.125], "rotation": 270, "texture": "#1"},
				"west": {"uv": [0, 0, 0.55, 1.125], "rotation": 270, "texture": "#1"},
				"up": {"uv": [0, 0, 0.55, 1.125], "rotation": 270, "texture": "#1"},
				"down": {"uv": [0, 0, 0.55, 1.125], "rotation": 270, "texture": "#1"}
			}
		},
		{
			"from": [7.8, 8.0029, 7.40944],
			"to": [8.2, 8.1779, 7.75944],
			"rotation": {"angle": 45, "axis": "x", "origin": [8, 7.9029, 7.90944]},
			"faces": {
				"north": {"uv": [0, 0, 0.675, 0.5875], "texture": "#1"},
				"east": {"uv": [0, 0, 0.675, 0.5875], "texture": "#1"},
				"south": {"uv": [0, 0, 0.675, 0.5875], "texture": "#1"},
				"west": {"uv": [0, 0, 0.675, 0.5875], "texture": "#1"},
				"up": {"uv": [0, 0, 0.675, 0.5875], "texture": "#1"},
				"down": {"uv": [0, 0, 0.675, 0.5875], "texture": "#1"}
			}
		},
		{
			"from": [7.8, 8.17779, 7.93721],
			"to": [8.2, 8.35279, 8.18721],
			"rotation": {"angle": 0, "axis": "y", "origin": [8, 8.26529, 7.81221]},
			"faces": {
				"north": {"uv": [0, 0, 0.625, 0.5875], "texture": "#1"},
				"east": {"uv": [0, 0, 0.625, 0.5875], "texture": "#1"},
				"south": {"uv": [0, 0, 0.625, 0.5875], "texture": "#1"},
				"west": {"uv": [0, 0, 0.625, 0.5875], "texture": "#1"},
				"up": {"uv": [0, 0, 0.625, 0.5875], "texture": "#1"},
				"down": {"uv": [0, 0, 0.625, 0.5875], "texture": "#1"}
			}
		},
		{
			"from": [7.7, 9.9279, 10.70944],
			"to": [7.8, 10.4279, 12.63444],
			"rotation": {"angle": 0, "axis": "y", "origin": [8, 7.4029, 15.68444]},
			"faces": {
				"north": {"uv": [0, 0, 0.05, 0.25], "texture": "#1"},
				"east": {"uv": [0, 0, 0.05, 0.25], "texture": "#1"},
				"south": {"uv": [0, 0, 0.05, 0.25], "texture": "#1"},
				"west": {"uv": [0, 0, 0.05, 0.25], "texture": "#1"},
				"up": {"uv": [0, 0, 0.05, 0.25], "texture": "#1"},
				"down": {"uv": [0, 0, 0.05, 0.25], "texture": "#1"}
			}
		},
		{
			"from": [7.95, 10.0279, 12.40944],
			"to": [8.05, 10.1029, 12.63444],
			"rotation": {"angle": 0, "axis": "y", "origin": [8, 7.4029, 15.68444]},
			"faces": {
				"north": {"uv": [0, 0, 0.05, 0.0375], "texture": "#1"},
				"east": {"uv": [0, 0, 0.05, 0.0375], "texture": "#1"},
				"south": {"uv": [0, 0, 0.05, 0.0375], "texture": "#1"},
				"west": {"uv": [0, 0, 0.05, 0.0375], "texture": "#1"},
				"up": {"uv": [0, 0, 0.05, 0.0375], "texture": "#1"},
				"down": {"uv": [0, 0, 0.05, 0.0375], "texture": "#1"}
			}
		},
		{
			"from": [7.95, 10.2029, 12.40944],
			"to": [8.05, 10.2779, 12.63444],
			"rotation": {"angle": 0, "axis": "y", "origin": [8, 7.4029, 15.68444]},
			"faces": {
				"north": {"uv": [0, 0, 0.05, 0.0375], "texture": "#1"},
				"east": {"uv": [0, 0, 0.05, 0.0375], "texture": "#1"},
				"south": {"uv": [0, 0, 0.05, 0.0375], "texture": "#1"},
				"west": {"uv": [0, 0, 0.05, 0.0375], "texture": "#1"},
				"up": {"uv": [0, 0, 0.05, 0.0375], "texture": "#1"},
				"down": {"uv": [0, 0, 0.05, 0.0375], "texture": "#1"}
			}
		},
		{
			"from": [8.05, 10.0779, 12.40944],
			"to": [8.075, 10.2279, 12.63444],
			"rotation": {"angle": 0, "axis": "y", "origin": [8, 7.4029, 15.68444]},
			"faces": {
				"north": {"uv": [0, 0, 0.0125, 0.075], "texture": "#1"},
				"east": {"uv": [0, 0, 0.0125, 0.075], "texture": "#1"},
				"south": {"uv": [0, 0, 0.0125, 0.075], "texture": "#1"},
				"west": {"uv": [0, 0, 0.0125, 0.075], "texture": "#1"},
				"up": {"uv": [0, 0, 0.0125, 0.075], "texture": "#1"},
				"down": {"uv": [0, 0, 0.0125, 0.075], "texture": "#1"}
			}
		},
		{
			"from": [7.925, 10.0779, 12.40944],
			"to": [7.95, 10.2279, 12.63444],
			"rotation": {"angle": 0, "axis": "y", "origin": [8, 7.4029, 15.68444]},
			"faces": {
				"north": {"uv": [0, 0, 0.0125, 0.075], "texture": "#1"},
				"east": {"uv": [0, 0, 0.0125, 0.075], "texture": "#1"},
				"south": {"uv": [0, 0, 0.0125, 0.075], "texture": "#1"},
				"west": {"uv": [0, 0, 0.0125, 0.075], "texture": "#1"},
				"up": {"uv": [0, 0, 0.0125, 0.075], "texture": "#1"},
				"down": {"uv": [0, 0, 0.0125, 0.075], "texture": "#1"}
			}
		},
		{
			"from": [7.8, 9.9279, 10.70944],
			"to": [8.2, 10.0279, 12.63444],
			"rotation": {"angle": 0, "axis": "y", "origin": [8, 7.4029, 15.68444]},
			"faces": {
				"north": {"uv": [0, 0, 0.2, 0.05], "texture": "#1"},
				"east": {"uv": [0, 0, 0.2, 0.05], "texture": "#1"},
				"south": {"uv": [0, 0, 0.2, 0.05], "texture": "#1"},
				"west": {"uv": [0, 0, 0.2, 0.05], "texture": "#1"},
				"up": {"uv": [0, 0, 0.2, 0.05], "texture": "#1"},
				"down": {"uv": [0, 0, 0.2, 0.05], "texture": "#1"}
			}
		},
		{
			"from": [7.975, 9.8779, -2.61556],
			"to": [8.025, 10.2529, -2.51556],
			"rotation": {"angle": 0, "axis": "y", "origin": [8, 7.4029, 15.68444]},
			"faces": {
				"north": {"uv": [0, 0, 0.025, 0.1875], "texture": "#1"},
				"east": {"uv": [0, 0, 0.025, 0.1875], "texture": "#1"},
				"south": {"uv": [0, 0, 0.025, 0.1875], "texture": "#1"},
				"west": {"uv": [0, 0, 0.025, 0.1875], "texture": "#1"},
				"up": {"uv": [0, 0, 0.025, 0.1875], "texture": "#1"},
				"down": {"uv": [0, 0, 0.025, 0.1875], "texture": "#1"}
			}
		},
		{
			"from": [8.2, 9.9279, 10.70944],
			"to": [8.3, 10.4279, 12.63444],
			"rotation": {"angle": 0, "axis": "y", "origin": [8, 7.4029, 15.68444]},
			"faces": {
				"north": {"uv": [0, 0, 0.05, 0.25], "texture": "#1"},
				"east": {"uv": [0, 0, 0.05, 0.25], "texture": "#1"},
				"south": {"uv": [0, 0, 0.05, 0.25], "texture": "#1"},
				"west": {"uv": [0, 0, 0.05, 0.25], "texture": "#1"},
				"up": {"uv": [0, 0, 0.05, 0.25], "texture": "#1"},
				"down": {"uv": [0, 0, 0.05, 0.25], "texture": "#1"}
			}
		},
		{
			"from": [7.6, 8.5779, 6.28444],
			"to": [8.4, 8.7029, 9.58444],
			"rotation": {"angle": 0, "axis": "y", "origin": [8, 7.4029, 15.68444]},
			"faces": {
				"north": {"uv": [0, 0, 1.65, 0.0625], "texture": "#2"},
				"east": {"uv": [0, 0, 1.65, 0.0625], "texture": "#2"},
				"south": {"uv": [0, 0, 1.65, 0.0625], "texture": "#2"},
				"west": {"uv": [0, 0, 1.65, 0.0625], "texture": "#2"},
				"up": {"uv": [0, 0, 1.65, 0.0625], "texture": "#2"},
				"down": {"uv": [0, 0, 1.65, 0.0625], "texture": "#2"}
			}
		},
		{
			"from": [7.6, 8.3529, 6.28444],
			"to": [8.4, 8.5779, 9.45944],
			"rotation": {"angle": 0, "axis": "y", "origin": [8, 7.4029, 15.68444]},
			"faces": {
				"north": {"uv": [0, 0, 1.5875, 0.1125], "texture": "#2"},
				"east": {"uv": [0, 0, 1.5875, 0.1125], "texture": "#2"},
				"south": {"uv": [0, 0, 1.5875, 0.1125], "texture": "#2"},
				"west": {"uv": [0, 0, 1.5875, 0.1125], "texture": "#2"},
				"up": {"uv": [0, 0, 1.5875, 0.1125], "texture": "#2"},
				"down": {"uv": [0, 0, 1.5875, 0.1125], "texture": "#2"}
			}
		},
		{
			"from": [7.6, 8.7029, 6.28444],
			"to": [8.4, 8.8279, 10.65944],
			"rotation": {"angle": 0, "axis": "y", "origin": [8, 7.4029, 15.68444]},
			"faces": {
				"north": {"uv": [0, 0, 2.1875, 0.0625], "texture": "#2"},
				"east": {"uv": [0, 0, 2.1875, 0.0625], "texture": "#2"},
				"south": {"uv": [0, 0, 2.1875, 0.0625], "texture": "#2"},
				"west": {"uv": [0, 0, 2.1875, 0.0625], "texture": "#2"},
				"up": {"uv": [0, 0, 2.1875, 0.0625], "texture": "#2"},
				"down": {"uv": [0, 0, 2.1875, 0.0625], "texture": "#2"}
			}
		},
		{
			"from": [7.6, 9.4029, 3.88444],
			"to": [8.4, 9.9279, 6.28444],
			"rotation": {"angle": 0, "axis": "y", "origin": [8, 7.4029, 15.68444]},
			"faces": {
				"north": {"uv": [0, 0, 1.2, 0.2625], "texture": "#2"},
				"east": {"uv": [0, 0, 1.2, 0.2625], "texture": "#2"},
				"south": {"uv": [0, 0, 1.2, 0.2625], "texture": "#2"},
				"west": {"uv": [0, 0, 1.2, 0.2625], "texture": "#2"},
				"up": {"uv": [0, 0, 1.2, 0.2625], "texture": "#2"},
				"down": {"uv": [0, 0, 1.2, 0.2625], "texture": "#2"}
			}
		},
		{
			"from": [7.6, 9.0029, 3.88444],
			"to": [8.4, 9.4029, 5.20944],
			"rotation": {"angle": 0, "axis": "y", "origin": [8, 7.4029, 15.68444]},
			"faces": {
				"north": {"uv": [0, 0, 0.6625, 0.2], "texture": "#2"},
				"east": {"uv": [0, 0, 0.6625, 0.2], "texture": "#2"},
				"south": {"uv": [0, 0, 0.6625, 0.2], "texture": "#2"},
				"west": {"uv": [0, 0, 0.6625, 0.2], "texture": "#2"},
				"up": {"uv": [0, 0, 0.6625, 0.2], "texture": "#2"},
				"down": {"uv": [0, 0, 0.6625, 0.2], "texture": "#2"}
			}
		},
		{
			"from": [7.6, 8.8279, 6.28444],
			"to": [8.4, 9.9279, 12.98444],
			"rotation": {"angle": 0, "axis": "y", "origin": [8, 7.4029, 15.68444]},
			"faces": {
				"north": {"uv": [0, 0, 3.35, 0.55], "texture": "#2"},
				"east": {"uv": [0, 0, 3.35, 0.55], "texture": "#2"},
				"south": {"uv": [0, 0, 3.35, 0.55], "texture": "#2"},
				"west": {"uv": [0, 0, 3.35, 0.55], "texture": "#2"},
				"up": {"uv": [0, 0, 3.35, 0.55], "texture": "#2"},
				"down": {"uv": [0, 0, 3.35, 0.55], "texture": "#2"}
			}
		},
		{
			"from": [8.075, 9.9529, 6.43444],
			"to": [8.1, 10.3529, 6.80944],
			"rotation": {"angle": 0, "axis": "y", "origin": [8, 7.4029, 15.68444]},
			"faces": {
				"north": {"uv": [0, 0, 0.0125, 0.2], "texture": "#1"},
				"east": {"uv": [0, 0, 0.0125, 0.2], "texture": "#1"},
				"south": {"uv": [0, 0, 0.0125, 0.2], "texture": "#1"},
				"west": {"uv": [0, 0, 0.0125, 0.2], "texture": "#1"},
				"up": {"uv": [0, 0, 0.0125, 0.2], "texture": "#1"},
				"down": {"uv": [0, 0, 0.0125, 0.2], "texture": "#1"}
			}
		},
		{
			"from": [7.925, 9.9529, 6.43444],
			"to": [8.075, 10.0279, 6.80944],
			"rotation": {"angle": 0, "axis": "y", "origin": [8, 7.4029, 15.68444]},
			"faces": {
				"north": {"uv": [0, 0, 0.075, 0.0375], "texture": "#1"},
				"east": {"uv": [0, 0, 0.075, 0.0375], "texture": "#1"},
				"south": {"uv": [0, 0, 0.075, 0.0375], "texture": "#1"},
				"west": {"uv": [0, 0, 0.075, 0.0375], "texture": "#1"},
				"up": {"uv": [0, 0, 0.075, 0.0375], "texture": "#1"},
				"down": {"uv": [0, 0, 0.075, 0.0375], "texture": "#1"}
			}
		},
		{
			"from": [7.9, 9.9529, 6.43444],
			"to": [7.925, 10.3529, 6.80944],
			"rotation": {"angle": 0, "axis": "y", "origin": [8, 7.4029, 15.68444]},
			"faces": {
				"north": {"uv": [0, 0, 0.0125, 0.2], "texture": "#1"},
				"east": {"uv": [0, 0, 0.0125, 0.2], "texture": "#1"},
				"south": {"uv": [0, 0, 0.0125, 0.2], "texture": "#1"},
				"west": {"uv": [0, 0, 0.0125, 0.2], "texture": "#1"},
				"up": {"uv": [0, 0, 0.0125, 0.2], "texture": "#1"},
				"down": {"uv": [0, 0, 0.0125, 0.2], "texture": "#1"}
			}
		},
		{
			"from": [7.8, 9.9029, 6.35944],
			"to": [8.2, 9.9529, 9.60944],
			"rotation": {"angle": 0, "axis": "y", "origin": [8, 7.4029, 15.68444]},
			"faces": {
				"north": {"uv": [0, 0, 1.7, 16], "texture": "#0"},
				"east": {"uv": [0, 0, 1.7, 16], "texture": "#0"},
				"south": {"uv": [0, 0, 1.7, 16], "texture": "#0"},
				"west": {"uv": [0, 0, 1.7, 16], "texture": "#0"},
				"up": {"uv": [0, 0, 1.7, 16], "texture": "#0"},
				"down": {"uv": [0, 0, 1.7, 16], "texture": "#0"}
			}
		},
		{
			"from": [7.725, 5.3, 16.975],
			"to": [8.275, 7.5, 18.975],
			"faces": {
				"north": {"uv": [0, 0, 2, 2.1], "texture": "#3"},
				"east": {"uv": [0, 0, 2, 2.1], "texture": "#3"},
				"south": {"uv": [0, 0, 2, 2.1], "texture": "#3"},
				"west": {"uv": [0, 0, 2, 2.1], "texture": "#3"},
				"up": {"uv": [0, 0, 2, 2.1], "texture": "#3"},
				"down": {"uv": [0, 0, 2, 2.1], "texture": "#3"}
			}
		},
		{
			"from": [7.725, 5.20985, 15.84161],
			"to": [8.275, 5.90985, 17.14161],
			"rotation": {"angle": 45, "axis": "x", "origin": [8, 6.73485, 17.16661]},
			"faces": {
				"north": {"uv": [0, 0, 1.65, 1.35], "texture": "#3"},
				"east": {"uv": [0, 0, 1.65, 1.35], "texture": "#3"},
				"south": {"uv": [0, 0, 1.65, 1.35], "texture": "#3"},
				"west": {"uv": [0, 0, 1.65, 1.35], "texture": "#3"},
				"up": {"uv": [0, 0, 1.65, 1.35], "texture": "#3"},
				"down": {"uv": [0, 0, 1.65, 1.35], "texture": "#3"}
			}
		},
		{
			"from": [7.7, 5.475, 14.525],
			"to": [8.3, 7.425, 16.425],
			"rotation": {"angle": 22.5, "axis": "x", "origin": [8, 6.4, 17.975]},
			"faces": {
				"north": {"uv": [0, 0, 1.95, 1.975], "texture": "#3"},
				"east": {"uv": [0, 0, 1.95, 1.975], "texture": "#3"},
				"south": {"uv": [0, 0, 1.95, 1.975], "texture": "#3"},
				"west": {"uv": [0, 0, 1.95, 1.975], "texture": "#3"},
				"up": {"uv": [0, 0, 1.95, 1.975], "texture": "#3"},
				"down": {"uv": [0, 0, 1.95, 1.975], "texture": "#3"}
			}
		},
		{
			"from": [7.7, 5.475, 14.15],
			"to": [8.3, 5.725, 14.575],
			"rotation": {"angle": 22.5, "axis": "x", "origin": [8, 6.4, 17.975]},
			"faces": {
				"north": {"uv": [0, 0, 1.2125, 1.125], "texture": "#3"},
				"east": {"uv": [0, 0, 1.2125, 1.125], "texture": "#3"},
				"south": {"uv": [0, 0, 1.2125, 1.125], "texture": "#3"},
				"west": {"uv": [0, 0, 1.2125, 1.125], "texture": "#3"},
				"up": {"uv": [0, 0, 1.2125, 1.125], "texture": "#3"},
				"down": {"uv": [0, 0, 1.2125, 1.125], "texture": "#3"}
			}
		},
		{
			"from": [7.725, 7.0529, 14.10944],
			"to": [8.275, 8.6529, 15.18444],
			"rotation": {"angle": 0, "axis": "y", "origin": [8, 7.4029, 15.68444]},
			"faces": {
				"north": {"uv": [0, 0, 1.5375, 1.8], "texture": "#3"},
				"east": {"uv": [0, 0, 1.5375, 1.8], "texture": "#3"},
				"south": {"uv": [0, 0, 1.5375, 1.8], "texture": "#3"},
				"west": {"uv": [0, 0, 1.5375, 1.8], "texture": "#3"},
				"up": {"uv": [0, 0, 1.5375, 1.8], "texture": "#3"},
				"down": {"uv": [0, 0, 1.5375, 1.8], "texture": "#3"}
			}
		},
		{
			"from": [7.675, 7.4279, 12.98444],
			"to": [8.325, 8.6529, 14.10944],
			"rotation": {"angle": 0, "axis": "y", "origin": [8, 7.4029, 15.68444]},
			"faces": {
				"north": {"uv": [0, 0, 1.5625, 1.6125], "texture": "#3"},
				"east": {"uv": [0, 0, 1.5625, 1.6125], "texture": "#3"},
				"south": {"uv": [0, 0, 1.5625, 1.6125], "texture": "#3"},
				"west": {"uv": [0, 0, 1.5625, 1.6125], "texture": "#3"},
				"up": {"uv": [0, 0, 1.5625, 1.6125], "texture": "#3"},
				"down": {"uv": [0, 0, 1.5625, 1.6125], "texture": "#3"}
			}
		},
		{
			"from": [7.7, 8.3779, 12.73444],
			"to": [8.3, 8.5529, 13.15944],
			"rotation": {"angle": 22.5, "axis": "x", "origin": [8, 8.0404, 13.54694]},
			"faces": {
				"north": {"uv": [0, 0, 1.2125, 1.0875], "texture": "#3"},
				"east": {"uv": [0, 0, 1.2125, 1.0875], "texture": "#3"},
				"south": {"uv": [0, 0, 1.2125, 1.0875], "texture": "#3"},
				"west": {"uv": [0, 0, 1.2125, 1.0875], "texture": "#3"},
				"up": {"uv": [0, 0, 1.2125, 1.0875], "texture": "#3"},
				"down": {"uv": [0, 0, 1.2125, 1.0875], "texture": "#3"}
			}
		},
		{
			"from": [7.7, 7.3029, 13.38444],
			"to": [8.3, 7.7029, 14.50944],
			"rotation": {"angle": 22.5, "axis": "x", "origin": [8, 8.0404, 13.54694]},
			"faces": {
				"north": {"uv": [0, 0, 1.5625, 1.2], "texture": "#3"},
				"east": {"uv": [0, 0, 1.5625, 1.2], "texture": "#3"},
				"south": {"uv": [0, 0, 1.5625, 1.2], "texture": "#3"},
				"west": {"uv": [0, 0, 1.5625, 1.2], "texture": "#3"},
				"up": {"uv": [0, 0, 1.5625, 1.2], "texture": "#3"},
				"down": {"uv": [0, 0, 1.5625, 1.2], "texture": "#3"}
			}
		},
		{
			"from": [7.725, 8.3529, 10.65944],
			"to": [8.275, 8.8279, 12.98444],
			"rotation": {"angle": 0, "axis": "y", "origin": [8, 7.4029, 15.68444]},
			"faces": {
				"north": {"uv": [0, 0, 2.1625, 1.2375], "texture": "#3"},
				"east": {"uv": [0, 0, 2.1625, 1.2375], "texture": "#3"},
				"south": {"uv": [0, 0, 2.1625, 1.2375], "texture": "#3"},
				"west": {"uv": [0, 0, 2.1625, 1.2375], "texture": "#3"},
				"up": {"uv": [0, 0, 2.1625, 1.2375], "texture": "#3"},
				"down": {"uv": [0, 0, 2.1625, 1.2375], "texture": "#3"}
			}
		},
		{
			"from": [7.75, 7.9779, 11.80944],
			"to": [8.25, 8.8279, 13.35944],
			"rotation": {"angle": 22.5, "axis": "x", "origin": [8, 8.6279, 11.82194]},
			"faces": {
				"north": {"uv": [0, 0, 1.775, 1.425], "texture": "#3"},
				"east": {"uv": [0, 0, 1.775, 1.425], "texture": "#3"},
				"south": {"uv": [0, 0, 1.775, 1.425], "texture": "#3"},
				"west": {"uv": [0, 0, 1.775, 1.425], "texture": "#3"},
				"up": {"uv": [0, 0, 1.775, 1.425], "texture": "#3"},
				"down": {"uv": [0, 0, 1.775, 1.425], "texture": "#3"}
			}
		},
		{
			"from": [7.7, 7.9279, 10.88444],
			"to": [8.3, 8.4529, 13.08444],
			"rotation": {"angle": 22.5, "axis": "x", "origin": [8, 8.6279, 11.82194]},
			"faces": {
				"north": {"uv": [0, 0, 2.1, 1.2625], "texture": "#3"},
				"east": {"uv": [0, 0, 2.1, 1.2625], "texture": "#3"},
				"south": {"uv": [0, 0, 2.1, 1.2625], "texture": "#3"},
				"west": {"uv": [0, 0, 2.1, 1.2625], "texture": "#3"},
				"up": {"uv": [0, 0, 2.1, 1.2625], "texture": "#3"},
				"down": {"uv": [0, 0, 2.1, 1.2625], "texture": "#3"}
			}
		},
		{
			"from": [7.7, 5, 16.475],
			"to": [8.3, 7.8, 18.475],
			"rotation": {"angle": 22.5, "axis": "x", "origin": [8, 6.4, 17.975]},
			"faces": {
				"north": {"uv": [0, 0, 2, 2.4], "texture": "#3"},
				"east": {"uv": [0, 0, 2, 2.4], "texture": "#3"},
				"south": {"uv": [0, 0, 2, 2.4], "texture": "#3"},
				"west": {"uv": [0, 0, 2, 2.4], "texture": "#3"},
				"up": {"uv": [0, 0, 2, 2.4], "texture": "#3"},
				"down": {"uv": [0, 0, 2, 2.4], "texture": "#3"}
			}
		},
		{
			"from": [7.725, 4.875, 17.85],
			"to": [8.275, 5.425, 19.45],
			"rotation": {"angle": 22.5, "axis": "x", "origin": [8, 6.4, 17.975]},
			"faces": {
				"north": {"uv": [0, 0, 1.8, 1.275], "texture": "#3"},
				"east": {"uv": [0, 0, 1.8, 1.275], "texture": "#3"},
				"south": {"uv": [0, 0, 1.8, 1.275], "texture": "#3"},
				"west": {"uv": [0, 0, 1.8, 1.275], "texture": "#3"},
				"up": {"uv": [0, 0, 1.8, 1.275], "texture": "#3"},
				"down": {"uv": [0, 0, 1.8, 1.275], "texture": "#3"}
			}
		},
		{
			"from": [7.725, 6.31527, 15.79725],
			"to": [8.275, 8.26527, 17.14725],
			"rotation": {"angle": 0, "axis": "y", "origin": [8, 7.25277, 15.62225]},
			"faces": {
				"north": {"uv": [0, 0, 1.675, 1.975], "texture": "#3"},
				"east": {"uv": [0, 0, 1.675, 1.975], "texture": "#3"},
				"south": {"uv": [0, 0, 1.675, 1.975], "texture": "#3"},
				"west": {"uv": [0, 0, 1.675, 1.975], "texture": "#3"},
				"up": {"uv": [0, 0, 1.675, 1.975], "texture": "#3"},
				"down": {"uv": [0, 0, 1.675, 1.975], "texture": "#3"}
			}
		},
		{
			"from": [7.75, 4.91634, 17.91306],
			"to": [8.25, 6.79134, 18.96306],
			"rotation": {"angle": 0, "axis": "y", "origin": [8, 6.59134, 17.51306]},
			"faces": {
				"north": {"uv": [0, 0, 1.525, 1.9375], "texture": "#3"},
				"east": {"uv": [0, 0, 1.525, 1.9375], "texture": "#3"},
				"south": {"uv": [0, 0, 1.525, 1.9375], "texture": "#3"},
				"west": {"uv": [0, 0, 1.525, 1.9375], "texture": "#3"},
				"up": {"uv": [0, 0, 1.525, 1.9375], "texture": "#3"},
				"down": {"uv": [0, 0, 1.525, 1.9375], "texture": "#3"}
			}
		},
		{
			"from": [7, 7.1779, 5.30944],
			"to": [9, 9.4029, 6.18444],
			"rotation": {"angle": 0, "axis": "y", "origin": [8, 7.4029, 15.68444]},
			"faces": {
				"north": {"uv": [0, 0, 16, 16], "texture": "#4"},
				"east": {"uv": [0, 0, 16, 16], "texture": "#4"},
				"south": {"uv": [0, 0, 16, 16], "texture": "#4"},
				"west": {"uv": [0, 0, 16, 16], "texture": "#4"},
				"up": {"uv": [0, 0, 16, 16], "texture": "#4"},
				"down": {"uv": [0, 0, 16, 16], "texture": "#4"}
			}
		}
	],
	"display": {
		"thirdperson_righthand": {
			"translation": [0, 0, 0.75],
			"scale": [1.16, 1.16, 1.16]
		},
		"thirdperson_lefthand": {
			"translation": [0, 0, 0.75],
			"scale": [1.16, 1.16, 1.16]
		},
		"firstperson_righthand": {
			"translation": [-5, 15, 6],
			"scale": [0.97, 0.97, 0.97]
		},
		"firstperson_lefthand": {
			"translation": [-5, 100, 6],
			"scale": [0.97, 0.97, 0.97]
		},
		"ground": {
			"rotation": [0, 0, 90]
		},
		"gui": {
			"rotation": [30, 52, 0],
			"translation": [0.5, 0, 0],
			"scale": [0.81, 0.81, 0.81]
		},
		"head": {
			"rotation": [0, 90, 0],
			"translation": [0, 0.25, -1],
			"scale": [1.65, 1.65, 1.65]
		},
		"fixed": {
			"rotation": [0, -90, 0],
			"translation": [-0.75, -1, -1],
			"scale": [1.51, 1.51, 1.51]
		}
	},
	"groups": [
		{
			"name": "Cano",
			"origin": [8, 7.4029, 15.68444],
			"color": 4,
			"children": [
				{
					"name": "Detalhe",
					"origin": [8, 7.4029, 15.68444],
					"color": 8,
					"children": [0, 1, 2, 3, 4, 5, 6, 7, 8, 9, 10, 11, 12, 13, 14, 15]
				},
				16,
				17,
				18,
				19
			]
		},
		{
			"name": "Cabo",
			"origin": [8, 8.26529, 7.81221],
			"color": 0,
			"children": [
				{
					"name": "Cabo 2",
					"origin": [8, 8.26529, 7.81221],
					"color": 0,
					"children": [20, 21, 22, 23, 24, 25, 26, 27, 28, 29, 30, 31, 32, 33, 34, 35, 36, 37, 38, 39, 40, 41, 42, 43, 44, 45, 46, 47, 48, 49]
				},
				{
					"name": "Cabo 1",
					"origin": [8, 8.26529, 7.81221],
					"color": 1,
					"children": [50, 51, 52, 53, 54, 55, 56, 57, 58, 59, 60, 61, 62, 63, 64, 65, 66, 67, 68, 69, 70, 71, 72]
				}
			]
		},
		{
			"name": "Gatilho",
			"origin": [8, 7.4029, 15.68444],
			"color": 0,
			"children": [73, 74, 75, 76, 77, 78, 79, 80]
		},
		{
			"name": "Mira",
			"origin": [8, 7.4029, 15.68444],
			"color": 0,
			"children": [81, 82, 83, 84, 85, 86, 87, 88]
		},
		{
			"name": "Corpo",
			"origin": [8, 7.4029, 15.68444],
			"color": 0,
			"children": [89, 90, 91, 92, 93, 94, 95, 96, 97, 98]
		},
		{
			"name": "Coronha",
			"origin": [8, 8, 8],
			"color": 2,
			"children": [99, 100, 101, 102, 103, 104, 105, 106, 107, 108, 109, 110, 111, 112, 113]
		},
		{
			"name": "Tambor",
			"origin": [8, 7.4029, 15.68444],
			"color": 0,
			"children": [114]
		}
	]
}