{
	"parent": "item/generated",
	"textures": {
		"layer0": "item/iron_ingot"
	},
	
	"overrides": [
		{"predicate": {"custom_model_data":10}, "model": "item/guns/m1911"},
		{"predicate": {"custom_model_data":11}, "model": "item/guns/python"},
		{"predicate": {"custom_model_data":13}, "model": "item/guns/fseven"},
		{"predicate": {"custom_model_data":20}, "model": "item/guns/m14"},
		{"predicate": {"custom_model_data":21}, "model": "item/guns/garand"},
		{"predicate": {"custom_model_data":22}, "model": "item/guns/fal"},
		{"predicate": {"custom_model_data":30}, "model": "item/guns/mp40"},
		{"predicate": {"custom_model_data":31}, "model": "item/guns/mp5"},
		{"predicate": {"custom_model_data":32}, "model": "item/guns/ppsh"},
		{"predicate": {"custom_model_data":33}, "model": "item/guns/tommy"},
		{"predicate": {"custom_model_data":42}, "model": "item/guns/ak47"},
		{"predicate": {"custom_model_data":43}, "model": "item/guns/galil"},
		{"predicate": {"custom_model_data":44}, "model": "item/guns/an94"},
		{"predicate": {"custom_model_data":45}, "model": "item/guns/commando"},
		{"predicate": {"custom_model_data":54}, "model": "item/guns/m60"},
		{"predicate": {"custom_model_data":60}, "model": "item/guns/spas"},
		{"predicate": {"custom_model_data":100}, "model": "item/guns/raygun"},
		{"predicate": {"custom_model_data":101}, "model": "item/guns/mustang"},
		{"predicate": {"custom_model_data":120}, "model": "item/guns/blunder"},
		{"predicate": {"custom_model_data":130}, "model": "item/guns/acid"},
		{"predicate": {"custom_model_data":140}, "model": "item/guns/magma"},
		{"predicate": {"custom_model_data":160}, "model": "item/guns/dg2"}

	]
	}